2026-06-21 09:48:49 | INFO | P07 | === RUN START ===
2026-06-21 09:48:49 | INFO | P07 | project=P07
2026-06-21 09:48:49 | INFO | P07 | repo_dir=datafun-07-regression
2026-06-21 09:48:49 | INFO | P07 | python=3.14.5
2026-06-21 09:48:49 | INFO | P07 | os=Windows 11
2026-06-21 09:48:49 | INFO | P07 | shell=powershell
2026-06-21 09:48:49 | INFO | P07 | === RUN START ===
2026-06-21 09:48:49 | INFO | P07 | project=P07
2026-06-21 09:48:49 | INFO | P07 | repo_dir=datafun-07-regression
2026-06-21 09:48:49 | INFO | P07 | python=3.14.5
2026-06-21 09:48:49 | INFO | P07 | cwd=.
2026-06-21 09:48:49 | INFO | P07 | os=Windows 11
2026-06-21 09:48:49 | INFO | P07 | shell=powershell
2026-06-21 09:48:49 | INFO | P07 | github_actions=False
2026-06-21 09:48:49 | INFO | P07 | cwd=.
2026-06-21 09:48:49 | INFO | P07 | github_actions=False
2026-06-21 09:48:49 | INFO | P07 | === RUN START ===
2026-06-21 09:48:49 | INFO | P07 | project=REGRESSION
2026-06-21 09:48:49 | INFO | P07 | repo_dir=datafun-07-regression
2026-06-21 09:48:49 | INFO | P07 | === RUN START ===
2026-06-21 09:48:49 | INFO | P07 | project=REGRESSION
2026-06-21 09:48:49 | INFO | P07 | python=3.14.5
2026-06-21 09:48:49 | INFO | P07 | repo_dir=datafun-07-regression
2026-06-21 09:48:49 | INFO | P07 | python=3.14.5
2026-06-21 09:48:49 | INFO | P07 | os=Windows 11
2026-06-21 09:48:49 | INFO | P07 | os=Windows 11
2026-06-21 09:48:49 | INFO | P07 | shell=powershell
2026-06-21 09:48:49 | INFO | P07 | shell=powershell
2026-06-21 09:48:49 | INFO | P07 | cwd=.
2026-06-21 09:48:49 | INFO | P07 | github_actions=False
2026-06-21 09:48:49 | INFO | P07 | ========================
2026-06-21 09:48:49 | INFO | P07 | START main()
2026-06-21 09:48:49 | INFO | P07 | cwd=.
2026-06-21 09:48:49 | INFO | P07 | ========================
2026-06-21 09:48:49 | INFO | P07 | --- Section 2: Load dataset: penguins ---
2026-06-21 09:48:49 | INFO | P07 | Loading dataset: penguins
2026-06-21 09:48:49 | INFO | P07 | github_actions=False
2026-06-21 09:48:49 | INFO | P07 | ========================
2026-06-21 09:48:49 | INFO | P07 | START main()
2026-06-21 09:48:49 | INFO | P07 | ========================
2026-06-21 09:48:49 | INFO | P07 | --- Section 2: Load dataset: penguins ---
2026-06-21 09:48:49 | INFO | P07 | Loading dataset: penguins
2026-06-21 09:48:49 | INFO | P07 | Loaded: 344 rows, 7 columns
2026-06-21 09:48:49 | INFO | P07 | --- Section 3: Prepare a modeling view (feature + target) ---
2026-06-21 09:48:49 | INFO | P07 | --- Section 3: Prepare a modeling view (feature + target) ---
2026-06-21 09:48:49 | INFO | P07 | Creating modeling view (dropping rows missing feature or target)
2026-06-21 09:48:49 | DEBUG | P07 | Columns required to be non-missing: ['flipper_length_mm', 'body_mass_g']
2026-06-21 09:48:49 | INFO | P07 | Creating modeling view (dropping rows missing feature or target)
2026-06-21 09:48:49 | DEBUG | P07 | Columns required to be non-missing: ['flipper_length_mm', 'body_mass_g']
2026-06-21 09:48:49 | INFO | P07 | Original rows: 344
2026-06-21 09:48:49 | INFO | P07 | Model rows:    342
2026-06-21 09:48:49 | INFO | P07 | Rows dropped:  2
2026-06-21 09:48:49 | INFO | P07 | Original rows: 344
2026-06-21 09:48:49 | INFO | P07 | --- Section 4: Build feature matrix X and target vector y ---
2026-06-21 09:48:49 | INFO | P07 | Model rows:    342
2026-06-21 09:48:49 | INFO | P07 | Building feature matrix X and target vector y
2026-06-21 09:48:49 | INFO | P07 | Rows dropped:  2
2026-06-21 09:48:49 | INFO | P07 | --- Section 4: Build feature matrix X and target vector y ---
2026-06-21 09:48:49 | INFO | P07 | Building feature matrix X and target vector y
2026-06-21 09:48:49 | DEBUG | P07 | X shape: (342, 1)  (rows, features)
2026-06-21 09:48:49 | DEBUG | P07 | y shape: (342,)  (rows,)
features)
2026-06-21 09:48:49 | INFO | P07 | --- Section 5: Fit a straight line (scikit-learn) ---
2026-06-21 09:48:49 | DEBUG | P07 | y shape: (342,)  (rows,)
2026-06-21 09:48:49 | INFO | P07 | Fitting a linear regression (scikit-learn)
2026-06-21 09:48:49 | INFO | P07 | --- Section 5: Fit a straight line (scikit-learn) ---
2026-06-21 09:48:49 | INFO | P07 | Fitting a linear regression (scikit-learn)
2026-06-21 09:48:49 | DEBUG | P07 |   slope:     49.6856
2026-06-21 09:48:49 | DEBUG | P07 |   intercept: -5780.83
2026-06-21 09:48:49 | INFO | P07 | Fitted line:
2026-06-21 09:48:49 | INFO | P07 |   body_mass_g = 49.6856 * flipper_length_mm + -5780.83
2026-06-21 09:48:49 | DEBUG | P07 |   slope:     49.6856
2026-06-21 09:48:49 | INFO | P07 | --- Section 6: Predict fitted values and an example value ---
2026-06-21 09:48:49 | DEBUG | P07 |   intercept: -5780.83
2026-06-21 09:48:49 | INFO | P07 | Computing fitted values for every observed row
2026-06-21 09:48:49 | INFO | P07 | Fitted line:
2026-06-21 09:48:49 | INFO | P07 |   body_mass_g = 49.6856 * flipper_length_mm + -5780.83
2026-06-21 09:48:49 | INFO | P07 | --- Section 6: Predict fitted values and an example value ---
2026-06-21 09:48:49 | INFO | P07 | Computing fitted values for every observed row
2026-06-21 09:48:49 | INFO | P07 | Predicting Body mass (g) for one example Flipper length (mm) value
2026-06-21 09:48:49 | INFO | P07 | Predicting Body mass (g) for one example Flipper length (mm) value
2026-06-21 09:48:49 | DEBUG | P07 |   example flipper_length_mm: 200
2026-06-21 09:48:49 | DEBUG | P07 |   predicted body_mass_g: 4156.28
2026-06-21 09:48:49 | INFO | P07 | --- Section 7: Examine the fit (residuals, R-squared, RMSE) ---
2026-06-21 09:48:49 | DEBUG | P07 |   example flipper_length_mm: 200
2026-06-21 09:48:49 | DEBUG | P07 |   predicted body_mass_g: 4156.28
2026-06-21 09:48:49 | INFO | P07 | --- Section 7: Examine the fit (residuals, R-squared, RMSE) ---
2026-06-21 09:48:49 | INFO | P07 | Computing residuals (actual - fitted)
2026-06-21 09:48:49 | INFO | P07 | Computing residuals (actual - fitted)
2026-06-21 09:48:49 | INFO | P07 | Fit numbers (for you to interpret):
2026-06-21 09:48:49 | INFO | P07 | Fit numbers (for you to interpret):
2026-06-21 09:48:49 | DEBUG | P07 |   R-squared: 0.7590
2026-06-21 09:48:49 | DEBUG | P07 |   RMSE:      393.124  (in units of Body mass (g))
2026-06-21 09:48:49 | DEBUG | P07 |   R-squared: 0.7590
2026-06-21 09:48:49 | DEBUG | P07 |   residual min:  -1058.8
2026-06-21 09:48:49 | DEBUG | P07 |   RMSE:      393.124  (in units of Body mass (g))
2026-06-21 09:48:49 | DEBUG | P07 |   residual min:  -1058.8
2026-06-21 09:48:49 | DEBUG | P07 |   residual max:  1288.69
2026-06-21 09:48:49 | DEBUG | P07 |   residual max:  1288.69
2026-06-21 09:48:49 | DEBUG | P07 |   residual mean: -5.31868e-14
2026-06-21 09:48:49 | DEBUG | P07 |   residual mean: -5.31868e-14
2026-06-21 09:48:49 | INFO | P07 | 
CUSTOM: Update these notes and use Markdown cells to narrate what you see.

How to read these (this is YOUR judgment, not the script's):

 - R-squared near 1: the line accounts for most of the variation in y.
   R-squared near 0: the line accounts for almost none.
 - RMSE: the typical distance between a point and the line, in y's units.
 - Residual plot (Section 8): if a straight line fits well, residuals
   scatter randomly around 0 with no pattern. A curve, a funnel (spread
   that grows or shrinks), or clusters are signs a straight line is not
   the right description - which is itself a useful finding.

There is no threshold that decides this for you. Look at the numbers and
the plots together and write down what you conclude.

2026-06-21 09:48:49 | INFO | P07 | --- Section 8: Charts ---
s and use Markdown cells to narrate what you see.

How to read these (this is YOUR judgment, not the script's):

 - R-squared near 1: the line accounts for most of the variation in y.
   R-squared near 0: the line accounts for almost none.
 - RMSE: the typical distance between a point and the line, in y's units.
 - Residual plot (Section 8): if a straight line fits well, residuals
   scatter randomly around 0 with no pattern. A curve, a funnel (spread
   that grows or shrinks), or clusters are signs a straight line is not
   the right description - which is itself a useful finding.

There is no threshold that decides this for you. Look at the numbers and
the plots together and write down what you conclude.

2026-06-21 09:48:49 | INFO | P07 | --- Section 8: Charts ---
2026-06-21 09:48:49 | INFO | P07 | ---- Creating Scatter Plot with Fitted Line ----------
2026-06-21 09:48:49 | INFO | P07 | ----   Set x to Flipper length (mm) -----------------------
2026-06-21 09:48:49 | INFO | P07 | ----   Set x to Flipper length (mm) -----------------------
2026-06-21 09:48:49 | INFO | P07 | ----   Set y to Body mass (g) -------------------------
2026-06-21 09:48:49 | INFO | P07 | ----   Set y to Body mass (g) -------------------------
2026-06-21 09:48:50 | INFO | P07 | ------ Creating Residual Plot --------------------------
2026-06-21 09:48:50 | INFO | P07 | ------   Set x to Flipper length (mm) ----------------------
2026-06-21 09:48:50 | INFO | P07 | ------   Set x to Flipper length (mm) ----------------------
2026-06-21 09:48:50 | INFO | P07 | ------   Set y to the residual (actual - fitted) -------
2026-06-21 09:48:50 | INFO | P07 | ------   Set y to the residual (actual - fitted) -------
2026-06-21 09:48:50 | INFO | P07 | --- Section 9: Summary and next steps ---
2026-06-21 09:48:50 | INFO | P07 | ========================
2026-06-21 09:48:50 | INFO | P07 | SUMMARY
2026-06-21 09:48:50 | INFO | P07 | ========================
2026-06-21 09:48:50 | INFO | P07 | Dataset: penguins
2026-06-21 09:48:50 | INFO | P07 | Feature (x): flipper_length_mm
2026-06-21 09:48:50 | INFO | P07 | Target  (y): body_mass_g
2026-06-21 09:48:50 | INFO | P07 | Original rows: 344
2026-06-21 09:48:50 | INFO | P07 | Model rows:    342
2026-06-21 09:48:50 | INFO | P07 | Fitted line:
2026-06-21 09:48:50 | INFO | P07 |   body_mass_g = 49.6856 * flipper_length_mm + -5780.83
2026-06-21 09:48:50 | INFO | P07 | ======================
2026-06-21 09:48:50 | INFO | P07 | Review the fit numbers (R-squared, RMSE). 
2026-06-21 09:48:50 | INFO | P07 | Look at the fitted-line plot and the residual plot. 
2026-06-21 09:48:50 | INFO | P07 | Decide if a `straight line` is a fair description. 
2026-06-21 09:48:50 | INFO | P07 | If the residuals DO show a pattern,
 ---
2026-06-21 09:48:50 | INFO | P07 | ========================
2026-06-21 09:48:50 | INFO | P07 | then a straight line is NOT a good description. 
2026-06-21 09:48:50 | INFO | P07 | If the residuals DO NOT show a pattern,
2026-06-21 09:48:50 | INFO | P07 | SUMMARY
2026-06-21 09:48:50 | INFO | P07 | then a straight line MIGHT be a good description. 
2026-06-21 09:48:50 | INFO | P07 | Either way, the findings may be valuable.
2026-06-21 09:48:50 | INFO | P07 | ========================
2026-06-21 09:48:50 | INFO | P07 | ======================
2026-06-21 09:48:50 | INFO | P07 | Dataset: penguins
2026-06-21 09:48:50 | INFO | P07 | Repeat with a different feature, or a transformed feature, 
2026-06-21 09:48:50 | INFO | P07 | Feature (x): flipper_length_mm
2026-06-21 09:48:50 | INFO | P07 | to investigate other options.
2026-06-21 09:48:50 | INFO | P07 | Target  (y): body_mass_g
2026-06-21 09:48:50 | INFO | P07 | ======================
2026-06-21 09:48:50 | INFO | P07 | Original rows: 344
2026-06-21 09:48:50 | INFO | P07 | Include instructions and specifics in your README.md file.
2026-06-21 09:48:50 | INFO | P07 | Model rows:    342
2026-06-21 09:48:50 | INFO | P07 | Write up your narrative on your docs/index.md file.
2026-06-21 09:48:50 | INFO | P07 | Fitted line:
2026-06-21 09:48:50 | INFO | P07 | Include your next step suggestions for further analysis or modeling.
2026-06-21 09:48:50 | INFO | P07 | ======================
2026-06-21 09:48:50 | INFO | P07 |   body_mass_g = 49.6856 * flipper_length_mm + -5780.83
2026-06-21 09:48:50 | INFO | P07 | ----- in a script, call plt.show() once at the end to display all charts -----
2026-06-21 09:48:50 | INFO | P07 | ======================
2026-06-21 09:48:50 | INFO | P07 | ----- in a script, close the chart windows (with the close button) to continue  -----
2026-06-21 09:48:50 | INFO | P07 | Review the fit numbers (R-squared, RMSE). 
2026-06-21 09:48:50 | INFO | P07 | Look at the fitted-line plot and the residual plot. 
2026-06-21 09:48:50 | INFO | P07 | Decide if a `straight line` is a fair description. 
2026-06-21 09:48:50 | INFO | P07 | If the residuals DO show a pattern,
2026-06-21 09:48:50 | INFO | P07 | then a straight line is NOT a good description. 
2026-06-21 09:48:50 | INFO | P07 | If the residuals DO NOT show a pattern,
2026-06-21 09:48:50 | INFO | P07 | then a straight line MIGHT be a good description. 
2026-06-21 09:48:50 | INFO | P07 | Either way, the findings may be valuable.
2026-06-21 09:48:50 | INFO | P07 | ======================
2026-06-21 09:48:50 | INFO | P07 | Repeat with a different feature, or a transformed feature, 
2026-06-21 09:48:50 | INFO | P07 | to investigate other options.
2026-06-21 09:48:50 | INFO | P07 | ======================
2026-06-21 09:48:50 | INFO | P07 | Include instructions and specifics in your README.md file.
2026-06-21 09:48:50 | INFO | P07 | Write up your narrative on your docs/index.md file.
2026-06-21 09:48:50 | INFO | P07 | Include your next step suggestions for further analysis or modeling.
2026-06-21 09:48:50 | INFO | P07 | ======================
2026-06-21 09:48:50 | INFO | P07 | ----- in a script, call plt.show() once at the end to display all charts -----
2026-06-21 09:48:50 | INFO | P07 | ----- in a script, close the chart windows (with the close button) to continue  -----
2026-06-21 09:49:06 | INFO | P07 | Linear regression workflow complete
2026-06-21 09:49:06 | INFO | P07 | IMPORTANT: This script creates chart windows.
2026-06-21 09:49:06 | INFO | P07 | Close any chart windows and terminate this process with CTRL+c as needed.
2026-06-21 09:49:06 | INFO | P07 | ========================
2026-06-21 09:49:06 | INFO | P07 | Executed successfully!
2026-06-21 09:49:06 | INFO | P07 | ========================
2026-06-21 09:49:14 | INFO | P07 | === RUN START ===
2026-06-21 09:49:14 | INFO | P07 | project=P07
2026-06-21 09:49:14 | INFO | P07 | repo_dir=datafun-07-regression
2026-06-21 09:49:14 | INFO | P07 | python=3.14.5
2026-06-21 09:49:14 | INFO | P07 | os=Windows 11
2026-06-21 09:49:14 | INFO | P07 | shell=powershell
2026-06-21 09:49:14 | INFO | P07 | cwd=.
2026-06-21 09:49:14 | INFO | P07 | github_actions=False
2026-06-21 09:49:14 | INFO | P07 | === RUN START ===
2026-06-21 09:49:14 | INFO | P07 | project=REGRESSION
2026-06-21 09:49:14 | INFO | P07 | repo_dir=datafun-07-regression
2026-06-21 09:49:14 | INFO | P07 | python=3.14.5
2026-06-21 09:49:14 | INFO | P07 | os=Windows 11
2026-06-21 09:49:14 | INFO | P07 | shell=powershell
2026-06-21 09:49:14 | INFO | P07 | cwd=.
2026-06-21 09:49:14 | INFO | P07 | github_actions=False
2026-06-21 09:49:14 | INFO | P07 | ========================
2026-06-21 09:49:14 | INFO | P07 | START main()
2026-06-21 09:49:14 | INFO | P07 | ========================
2026-06-21 09:49:14 | INFO | P07 | --- Section 2: Load dataset: owid-co2-data-subset ---
2026-06-21 09:49:14 | INFO | P07 | Loading dataset: owid-co2-data-subset
2026-06-21 09:49:14 | INFO | P07 | Loaded: 350 rows, 14 columns
2026-06-21 09:49:14 | INFO | P07 | --- Section 3: Prepare a modeling view (feature + target) ---
2026-06-21 09:49:14 | INFO | P07 | Creating modeling view (dropping rows missing feature or target)
2026-06-21 09:49:14 | DEBUG | P07 | Columns required to be non-missing: ['gdp', 'co2']
2026-06-21 09:49:14 | INFO | P07 | Original rows: 350
2026-06-21 09:49:14 | INFO | P07 | Model rows:    308
2026-06-21 09:49:14 | INFO | P07 | Rows dropped:  42
2026-06-21 09:49:14 | INFO | P07 | --- Section 4: Build feature matrix X and target vector y ---
2026-06-21 09:49:14 | INFO | P07 | Building feature matrix X and target vector y
2026-06-21 09:49:14 | DEBUG | P07 | X shape: (308, 1)  (rows, features)
2026-06-21 09:49:14 | DEBUG | P07 | y shape: (308,)  (rows,)
2026-06-21 09:49:14 | INFO | P07 | --- Section 5: Fit a straight line (numpy and scikit-learn) ---
2026-06-21 09:49:14 | INFO | P07 | Fitting a linear regression (scikit-learn)
2026-06-21 09:49:14 | DEBUG | P07 |   slope:     3.21582e-10
2026-06-21 09:49:14 | DEBUG | P07 |   intercept: 308.446
2026-06-21 09:49:14 | INFO | P07 | Fitted line:
2026-06-21 09:49:14 | INFO | P07 |   co2 = 3.21582e-10 * gdp + 308.446
2026-06-21 09:49:14 | DEBUG | P07 |   numpy check -> slope 3.21582e-10, intercept 308.446
2026-06-21 09:49:14 | INFO | P07 | --- Section 6: Predict fitted values and an example value ---
2026-06-21 09:49:14 | INFO | P07 | Computing fitted values for every observed row
2026-06-21 09:49:14 | INFO | P07 | Predicting CO2 emissions for one example GDP value
2026-06-21 09:49:14 | DEBUG | P07 |   example gdp: 1e+12
2026-06-21 09:49:14 | DEBUG | P07 |   predicted co2: 630.029
2026-06-21 09:49:14 | INFO | P07 | --- Section 7: Examine the fit (residuals, R-squared, RMSE) ---
2026-06-21 09:49:14 | INFO | P07 | Computing residuals (actual - fitted)
2026-06-21 09:49:14 | INFO | P07 | Fit numbers (requires interpretation):
2026-06-21 09:49:14 | DEBUG | P07 |   R-squared: 0.9562
2026-06-21 09:49:14 | DEBUG | P07 |   RMSE:      1352.43  (in units of CO2 emissions)
2026-06-21 09:49:14 | DEBUG | P07 |   residual min:  -4622.56
2026-06-21 09:49:14 | DEBUG | P07 |   residual max:  8584.86
2026-06-21 09:49:14 | DEBUG | P07 |   residual mean: 5.90581e-14
2026-06-21 09:49:14 | INFO | P07 | 
CUSTOM: Update these notes and use Markdown cells to narrate what you see.

How to read these (this is YOUR judgment, not the script's):

 - R-squared near 1: the line accounts for most of the variation in y.
 - R-squared near 0: the line accounts for almost none.
 - RMSE: the typical distance between a point and the line, in y's units.
 - Residual plot:
   - if a straight line fits well, residuals
     scatter randomly around 0 with no pattern.
   - A curve,
   - a funnel (spread that grows or shrinks),
   - or clusters are signs a straight line
     is NOT the right description, which can be a useful finding.

There is no threshold that decides this for you.
Look at the numbers and the plots together and
write down what you conclude.

2026-06-21 09:49:14 | INFO | P07 | --- Section 8: Charts ---
2026-06-21 09:49:14 | INFO | P07 | ---- Creating Scatter Plot with Fitted Line ----------
2026-06-21 09:49:14 | INFO | P07 | ----   Set x to GDP -----------------------
2026-06-21 09:49:14 | INFO | P07 | ----   Set y to CO2 emissions -------------------------
2026-06-21 09:49:14 | INFO | P07 | ------ Creating Residual Plot --------------------------
2026-06-21 09:49:14 | INFO | P07 | ------   Set x to GDP ----------------------
2026-06-21 09:49:14 | INFO | P07 | ------   Set y to the residual (actual - fitted) -------
2026-06-21 09:49:15 | INFO | P07 | --- Section 9: Summary and next steps ---
2026-06-21 09:49:15 | INFO | P07 | ========================
2026-06-21 09:49:15 | INFO | P07 | SUMMARY
2026-06-21 09:49:15 | INFO | P07 | ========================
2026-06-21 09:49:15 | INFO | P07 | Dataset: owid-co2-data-subset
2026-06-21 09:49:15 | INFO | P07 | Feature (x): gdp
2026-06-21 09:49:15 | INFO | P07 | Target  (y): co2
2026-06-21 09:49:15 | INFO | P07 | Original rows: 350
2026-06-21 09:49:15 | INFO | P07 | Model rows:    308
2026-06-21 09:49:15 | INFO | P07 | Fitted line:
2026-06-21 09:49:15 | INFO | P07 |   co2 = 3.21582e-10 * gdp + 308.446
2026-06-21 09:49:15 | INFO | P07 | ======================
2026-06-21 09:49:15 | INFO | P07 | Review the fit numbers (R-squared, RMSE). 
2026-06-21 09:49:15 | INFO | P07 | Look at the fitted-line plot and the residual plot. 
2026-06-21 09:49:15 | INFO | P07 | Decide if a `straight line` is a fair description. 
2026-06-21 09:49:15 | INFO | P07 | If the residuals DO show a pattern (e.g. curve, funnel, clusters),
2026-06-21 09:49:15 | INFO | P07 | then a straight line is NOT a good description. 
2026-06-21 09:49:15 | INFO | P07 | If the residuals DO NOT show a pattern,
2026-06-21 09:49:15 | INFO | P07 | then a straight line MIGHT be a good description. 
2026-06-21 09:49:15 | INFO | P07 | Either way, the findings may be valuable.
2026-06-21 09:49:15 | INFO | P07 | ======================
2026-06-21 09:49:15 | INFO | P07 | Repeat with a different feature, or a transformed feature, 
2026-06-21 09:49:15 | INFO | P07 | to investigate other options.
2026-06-21 09:49:15 | INFO | P07 | ======================
2026-06-21 09:49:15 | INFO | P07 | Include instructions and specifics in your README.md file.
2026-06-21 09:49:15 | INFO | P07 | Write up your narrative on your docs/index.md file.
2026-06-21 09:49:15 | INFO | P07 | Include your next step suggestions for further analysis or modeling.
2026-06-21 09:49:15 | INFO | P07 | ======================
2026-06-21 09:49:15 | INFO | P07 | ----- in a script, call plt.show() once at the end to display all charts -----
2026-06-21 09:49:15 | INFO | P07 | ----- in a script, close the chart windows (with the close button) to continue  -----
2026-06-21 09:49:20 | INFO | P07 | Linear regression workflow complete
2026-06-21 09:49:20 | INFO | P07 | IMPORTANT: This script creates chart windows.
2026-06-21 09:49:20 | INFO | P07 | Close any chart windows and terminate this process with CTRL+c as needed.
2026-06-21 09:49:20 | INFO | P07 | ========================
2026-06-21 09:49:20 | INFO | P07 | Executed successfully!
2026-06-21 09:49:20 | INFO | P07 | ========================
2026-06-21 09:59:42 | INFO | P07 | === RUN START ===
2026-06-21 09:59:42 | INFO | P07 | project=P07
2026-06-21 09:59:42 | INFO | P07 | repo_dir=datafun-07-regression
2026-06-21 09:59:42 | INFO | P07 | python=3.14.5
2026-06-21 09:59:42 | INFO | P07 | os=Windows 11
2026-06-21 09:59:42 | INFO | P07 | shell=powershell
2026-06-21 09:59:42 | INFO | P07 | cwd=.
2026-06-21 09:59:42 | INFO | P07 | github_actions=False
2026-06-21 09:59:42 | INFO | P07 | === RUN START ===
2026-06-21 09:59:42 | INFO | P07 | project=REGRESSION
2026-06-21 09:59:42 | INFO | P07 | repo_dir=datafun-07-regression
2026-06-21 09:59:42 | INFO | P07 | python=3.14.5
2026-06-21 09:59:42 | INFO | P07 | os=Windows 11
2026-06-21 09:59:42 | INFO | P07 | shell=powershell
2026-06-21 09:59:42 | INFO | P07 | cwd=.
2026-06-21 09:59:42 | INFO | P07 | github_actions=False
2026-06-21 09:59:42 | INFO | P07 | ========================
2026-06-21 09:59:42 | INFO | P07 | START main()
2026-06-21 09:59:42 | INFO | P07 | ========================
2026-06-21 09:59:42 | INFO | P07 | --- Section 2: Load dataset: penguins ---
2026-06-21 09:59:42 | INFO | P07 | Loading dataset: penguins
2026-06-21 09:59:42 | INFO | P07 | Loaded: 344 rows, 7 columns
2026-06-21 09:59:42 | INFO | P07 | --- Section 3: Prepare a modeling view (feature + target) ---
2026-06-21 09:59:42 | INFO | P07 | Creating modeling view (dropping rows missing feature or target)
2026-06-21 09:59:42 | DEBUG | P07 | Columns required to be non-missing: ['flipper_length_mm', 'body_mass_g']
2026-06-21 09:59:42 | INFO | P07 | Original rows: 344
2026-06-21 09:59:42 | INFO | P07 | Model rows:    342
2026-06-21 09:59:42 | INFO | P07 | Rows dropped:  2
2026-06-21 09:59:42 | INFO | P07 | --- Section 4: Build feature matrix X and target vector y ---
2026-06-21 09:59:42 | INFO | P07 | Building feature matrix X and target vector y
2026-06-21 09:59:42 | DEBUG | P07 | X shape: (342, 1)  (rows, features)
2026-06-21 09:59:42 | DEBUG | P07 | y shape: (342,)  (rows,)
2026-06-21 09:59:42 | INFO | P07 | --- Section 5: Fit a straight line (scikit-learn) ---
2026-06-21 09:59:42 | INFO | P07 | Fitting a linear regression (scikit-learn)
2026-06-21 09:59:42 | DEBUG | P07 |   slope:     49.6856
2026-06-21 09:59:42 | DEBUG | P07 |   intercept: -5780.83
2026-06-21 09:59:42 | INFO | P07 | Fitted line:
2026-06-21 09:59:42 | INFO | P07 |   body_mass_g = 49.6856 * flipper_length_mm + -5780.83
2026-06-21 09:59:42 | INFO | P07 | --- Section 6: Predict fitted values and an example value ---
2026-06-21 09:59:42 | INFO | P07 | Computing fitted values for every observed row
2026-06-21 09:59:42 | INFO | P07 | Predicting Body mass (g) for one example Flipper length (mm) value
2026-06-21 09:59:42 | DEBUG | P07 |   example flipper_length_mm: 200
2026-06-21 09:59:42 | DEBUG | P07 |   predicted body_mass_g: 4156.28
2026-06-21 09:59:42 | INFO | P07 | --- Section 7: Examine the fit (residuals, R-squared, RMSE) ---
2026-06-21 09:59:42 | INFO | P07 | Computing residuals (actual - fitted)
2026-06-21 09:59:42 | INFO | P07 | Fit numbers (for you to interpret):
2026-06-21 09:59:42 | DEBUG | P07 |   R-squared: 0.7590
2026-06-21 09:59:42 | DEBUG | P07 |   RMSE:      393.124  (in units of Body mass (g))
2026-06-21 09:59:42 | DEBUG | P07 |   residual min:  -1058.8
2026-06-21 09:59:42 | DEBUG | P07 |   residual max:  1288.69
2026-06-21 09:59:42 | DEBUG | P07 |   residual mean: -5.31868e-14
2026-06-21 09:59:42 | INFO | P07 | 
CUSTOM: Update these notes and use Markdown cells to narrate what you see.

How to read these (this is YOUR judgment, not the script's):

 - R-squared near 1: the line accounts for most of the variation in y.
   R-squared near 0: the line accounts for almost none.
 - RMSE: the typical distance between a point and the line, in y's units.
 - Residual plot (Section 8): if a straight line fits well, residuals
   scatter randomly around 0 with no pattern. A curve, a funnel (spread
   that grows or shrinks), or clusters are signs a straight line is not
   the right description - which is itself a useful finding.

There is no threshold that decides this for you. Look at the numbers and
the plots together and write down what you conclude.

2026-06-21 09:59:42 | INFO | P07 | --- Section 8: Charts ---
2026-06-21 09:59:42 | INFO | P07 | ---- Creating Scatter Plot with Fitted Line ----------
2026-06-21 09:59:42 | INFO | P07 | ----   Set x to Flipper length (mm) -----------------------
2026-06-21 09:59:42 | INFO | P07 | ----   Set y to Body mass (g) -------------------------
2026-06-21 09:59:42 | INFO | P07 | ------ Creating Residual Plot --------------------------
2026-06-21 09:59:42 | INFO | P07 | ------   Set x to Flipper length (mm) ----------------------
2026-06-21 09:59:42 | INFO | P07 | ------   Set y to the residual (actual - fitted) -------
2026-06-21 09:59:43 | INFO | P07 | --- Section 9: Summary and next steps ---
2026-06-21 09:59:43 | INFO | P07 | ========================
2026-06-21 09:59:43 | INFO | P07 | SUMMARY
2026-06-21 09:59:43 | INFO | P07 | ========================
2026-06-21 09:59:43 | INFO | P07 | Dataset: penguins
2026-06-21 09:59:43 | INFO | P07 | Feature (x): flipper_length_mm
2026-06-21 09:59:43 | INFO | P07 | Target  (y): body_mass_g
2026-06-21 09:59:43 | INFO | P07 | Original rows: 344
2026-06-21 09:59:43 | INFO | P07 | Model rows:    342
2026-06-21 09:59:43 | INFO | P07 | Fitted line:
2026-06-21 09:59:43 | INFO | P07 |   body_mass_g = 49.6856 * flipper_length_mm + -5780.83
2026-06-21 09:59:43 | INFO | P07 | ======================
2026-06-21 09:59:43 | INFO | P07 | Review the fit numbers (R-squared, RMSE). 
2026-06-21 09:59:43 | INFO | P07 | Look at the fitted-line plot and the residual plot. 
2026-06-21 09:59:43 | INFO | P07 | Decide if a `straight line` is a fair description. 
2026-06-21 09:59:43 | INFO | P07 | If the residuals DO show a pattern,
2026-06-21 09:59:43 | INFO | P07 | then a straight line is NOT a good description. 
2026-06-21 09:59:43 | INFO | P07 | If the residuals DO NOT show a pattern,
2026-06-21 09:59:43 | INFO | P07 | then a straight line MIGHT be a good description. 
2026-06-21 09:59:43 | INFO | P07 | Either way, the findings may be valuable.
2026-06-21 09:59:43 | INFO | P07 | ======================
2026-06-21 09:59:43 | INFO | P07 | Repeat with a different feature, or a transformed feature, 
2026-06-21 09:59:43 | INFO | P07 | to investigate other options.
2026-06-21 09:59:43 | INFO | P07 | ======================
2026-06-21 09:59:43 | INFO | P07 | Include instructions and specifics in your README.md file.
2026-06-21 09:59:43 | INFO | P07 | Write up your narrative on your docs/index.md file.
2026-06-21 09:59:43 | INFO | P07 | Include your next step suggestions for further analysis or modeling.
2026-06-21 09:59:43 | INFO | P07 | ======================
2026-06-21 09:59:43 | INFO | P07 | ----- in a script, call plt.show() once at the end to display all charts -----
2026-06-21 09:59:43 | INFO | P07 | ----- in a script, close the chart windows (with the close button) to continue  -----
2026-06-21 10:00:15 | INFO | P07 | Linear regression workflow complete
2026-06-21 10:00:15 | INFO | P07 | IMPORTANT: This script creates chart windows.
2026-06-21 10:00:15 | INFO | P07 | Close any chart windows and terminate this process with CTRL+c as needed.
2026-06-21 10:00:15 | INFO | P07 | ========================
2026-06-21 10:00:15 | INFO | P07 | Executed successfully!
2026-06-21 10:00:15 | INFO | P07 | ========================
2026-06-21 10:00:22 | INFO | P07 | === RUN START ===
2026-06-21 10:00:22 | INFO | P07 | project=P07
2026-06-21 10:00:22 | INFO | P07 | repo_dir=datafun-07-regression
2026-06-21 10:00:22 | INFO | P07 | python=3.14.5
2026-06-21 10:00:22 | INFO | P07 | os=Windows 11
2026-06-21 10:00:22 | INFO | P07 | shell=powershell
2026-06-21 10:00:22 | INFO | P07 | cwd=.
2026-06-21 10:00:22 | INFO | P07 | github_actions=False
2026-06-21 10:00:22 | INFO | P07 | === RUN START ===
2026-06-21 10:00:22 | INFO | P07 | project=REGRESSION
2026-06-21 10:00:22 | INFO | P07 | repo_dir=datafun-07-regression
2026-06-21 10:00:22 | INFO | P07 | python=3.14.5
2026-06-21 10:00:22 | INFO | P07 | os=Windows 11
2026-06-21 10:00:22 | INFO | P07 | shell=powershell
2026-06-21 10:00:22 | INFO | P07 | cwd=.
2026-06-21 10:00:22 | INFO | P07 | github_actions=False
2026-06-21 10:00:22 | INFO | P07 | ========================
2026-06-21 10:00:22 | INFO | P07 | START main()
2026-06-21 10:00:22 | INFO | P07 | ========================
2026-06-21 10:00:22 | INFO | P07 | --- Section 2: Load dataset: owid-co2-data-subset ---
2026-06-21 10:00:22 | INFO | P07 | Loading dataset: owid-co2-data-subset
2026-06-21 10:00:22 | INFO | P07 | Loaded: 350 rows, 14 columns
2026-06-21 10:00:22 | INFO | P07 | --- Section 3: Prepare a modeling view (feature + target) ---
2026-06-21 10:00:22 | INFO | P07 | Creating modeling view (dropping rows missing feature or target)
2026-06-21 10:00:22 | DEBUG | P07 | Columns required to be non-missing: ['gdp', 'co2']
2026-06-21 10:00:22 | INFO | P07 | Original rows: 350
2026-06-21 10:00:22 | INFO | P07 | Model rows:    308
2026-06-21 10:00:22 | INFO | P07 | Rows dropped:  42
2026-06-21 10:00:22 | INFO | P07 | --- Section 4: Build feature matrix X and target vector y ---
2026-06-21 10:00:22 | INFO | P07 | Building feature matrix X and target vector y
2026-06-21 10:00:22 | DEBUG | P07 | X shape: (308, 1)  (rows, features)
2026-06-21 10:00:22 | DEBUG | P07 | y shape: (308,)  (rows,)
2026-06-21 10:00:22 | INFO | P07 | --- Section 5: Fit a straight line (numpy and scikit-learn) ---
2026-06-21 10:00:22 | INFO | P07 | Fitting a linear regression (scikit-learn)
2026-06-21 10:00:22 | DEBUG | P07 |   slope:     3.21582e-10
2026-06-21 10:00:22 | DEBUG | P07 |   intercept: 308.446
2026-06-21 10:00:22 | INFO | P07 | Fitted line:
2026-06-21 10:00:22 | INFO | P07 |   co2 = 3.21582e-10 * gdp + 308.446
2026-06-21 10:00:22 | DEBUG | P07 |   numpy check -> slope 3.21582e-10, intercept 308.446
2026-06-21 10:00:22 | INFO | P07 | --- Section 6: Predict fitted values and an example value ---
2026-06-21 10:00:22 | INFO | P07 | Computing fitted values for every observed row
2026-06-21 10:00:22 | INFO | P07 | Predicting CO2 emissions for one example GDP value
2026-06-21 10:00:22 | DEBUG | P07 |   example gdp: 1e+12
2026-06-21 10:00:22 | DEBUG | P07 |   predicted co2: 630.029
2026-06-21 10:00:22 | INFO | P07 | --- Section 7: Examine the fit (residuals, R-squared, RMSE) ---
2026-06-21 10:00:22 | INFO | P07 | Computing residuals (actual - fitted)
2026-06-21 10:00:22 | INFO | P07 | Fit numbers (requires interpretation):
2026-06-21 10:00:22 | DEBUG | P07 |   R-squared: 0.9562
2026-06-21 10:00:22 | DEBUG | P07 |   RMSE:      1352.43  (in units of CO2 emissions)
2026-06-21 10:00:22 | DEBUG | P07 |   residual min:  -4622.56
2026-06-21 10:00:22 | DEBUG | P07 |   residual max:  8584.86
2026-06-21 10:00:22 | DEBUG | P07 |   residual mean: 5.90581e-14
2026-06-21 10:00:22 | INFO | P07 | 
CUSTOM: Update these notes and use Markdown cells to narrate what you see.

How to read these (this is YOUR judgment, not the script's):

 - R-squared near 1: the line accounts for most of the variation in y.
 - R-squared near 0: the line accounts for almost none.
 - RMSE: the typical distance between a point and the line, in y's units.
 - Residual plot:
   - if a straight line fits well, residuals
     scatter randomly around 0 with no pattern.
   - A curve,
   - a funnel (spread that grows or shrinks),
   - or clusters are signs a straight line
     is NOT the right description, which can be a useful finding.

There is no threshold that decides this for you.
Look at the numbers and the plots together and
write down what you conclude.

2026-06-21 10:00:22 | INFO | P07 | --- Section 8: Charts ---
2026-06-21 10:00:22 | INFO | P07 | ---- Creating Scatter Plot with Fitted Line ----------
2026-06-21 10:00:22 | INFO | P07 | ----   Set x to GDP -----------------------
2026-06-21 10:00:22 | INFO | P07 | ----   Set y to CO2 emissions -------------------------
2026-06-21 10:00:22 | INFO | P07 | ------ Creating Residual Plot --------------------------
2026-06-21 10:00:22 | INFO | P07 | ------   Set x to GDP ----------------------
2026-06-21 10:00:22 | INFO | P07 | ------   Set y to the residual (actual - fitted) -------
2026-06-21 10:00:22 | INFO | P07 | --- Section 9: Summary and next steps ---
2026-06-21 10:00:22 | INFO | P07 | ========================
2026-06-21 10:00:22 | INFO | P07 | SUMMARY
2026-06-21 10:00:22 | INFO | P07 | ========================
2026-06-21 10:00:22 | INFO | P07 | Dataset: owid-co2-data-subset
2026-06-21 10:00:22 | INFO | P07 | Feature (x): gdp
2026-06-21 10:00:22 | INFO | P07 | Target  (y): co2
2026-06-21 10:00:22 | INFO | P07 | Original rows: 350
2026-06-21 10:00:22 | INFO | P07 | Model rows:    308
2026-06-21 10:00:22 | INFO | P07 | Fitted line:
2026-06-21 10:00:22 | INFO | P07 |   co2 = 3.21582e-10 * gdp + 308.446
2026-06-21 10:00:22 | INFO | P07 | ======================
2026-06-21 10:00:22 | INFO | P07 | Review the fit numbers (R-squared, RMSE). 
2026-06-21 10:00:22 | INFO | P07 | Look at the fitted-line plot and the residual plot. 
2026-06-21 10:00:22 | INFO | P07 | Decide if a `straight line` is a fair description. 
2026-06-21 10:00:22 | INFO | P07 | If the residuals DO show a pattern (e.g. curve, funnel, clusters),
2026-06-21 10:00:22 | INFO | P07 | then a straight line is NOT a good description. 
2026-06-21 10:00:22 | INFO | P07 | If the residuals DO NOT show a pattern,
2026-06-21 10:00:22 | INFO | P07 | then a straight line MIGHT be a good description. 
2026-06-21 10:00:22 | INFO | P07 | Either way, the findings may be valuable.
2026-06-21 10:00:22 | INFO | P07 | ======================
2026-06-21 10:00:22 | INFO | P07 | Repeat with a different feature, or a transformed feature, 
2026-06-21 10:00:22 | INFO | P07 | to investigate other options.
2026-06-21 10:00:22 | INFO | P07 | ======================
2026-06-21 10:00:22 | INFO | P07 | Include instructions and specifics in your README.md file.
2026-06-21 10:00:22 | INFO | P07 | Write up your narrative on your docs/index.md file.
2026-06-21 10:00:22 | INFO | P07 | Include your next step suggestions for further analysis or modeling.
2026-06-21 10:00:22 | INFO | P07 | ======================
2026-06-21 10:00:22 | INFO | P07 | ----- in a script, call plt.show() once at the end to display all charts -----
2026-06-21 10:00:22 | INFO | P07 | ----- in a script, close the chart windows (with the close button) to continue  -----
2026-06-21 10:01:07 | INFO | P07 | Linear regression workflow complete
2026-06-21 10:01:07 | INFO | P07 | IMPORTANT: This script creates chart windows.
2026-06-21 10:01:07 | INFO | P07 | Close any chart windows and terminate this process with CTRL+c as needed.
2026-06-21 10:01:07 | INFO | P07 | ========================
2026-06-21 10:01:07 | INFO | P07 | Executed successfully!
2026-06-21 10:01:07 | INFO | P07 | ========================
2026-06-21 10:04:15 | INFO | P07 | === RUN START ===
2026-06-21 10:04:15 | INFO | P07 | project=P07
2026-06-21 10:04:15 | INFO | P07 | repo_dir=datafun-07-regression
2026-06-21 10:04:15 | INFO | P07 | python=3.14.5
2026-06-21 10:04:15 | INFO | P07 | os=Windows 11
2026-06-21 10:04:15 | INFO | P07 | shell=powershell
2026-06-21 10:04:15 | INFO | P07 | cwd=.
2026-06-21 10:04:15 | INFO | P07 | github_actions=False
2026-06-21 10:04:15 | INFO | P07 | === RUN START ===
2026-06-21 10:04:15 | INFO | P07 | project=P07
2026-06-21 10:04:15 | INFO | P07 | repo_dir=datafun-07-regression
2026-06-21 10:04:15 | INFO | P07 | python=3.14.5
2026-06-21 10:04:15 | INFO | P07 | os=Windows 11
2026-06-21 10:04:15 | INFO | P07 | shell=powershell
2026-06-21 10:04:15 | INFO | P07 | cwd=.
2026-06-21 10:04:15 | INFO | P07 | github_actions=False
2026-06-21 17:43:49 | INFO | P07 | === RUN START ===
2026-06-21 17:43:49 | INFO | P07 | project=P07
2026-06-21 17:43:49 | INFO | P07 | repo_dir=datafun-07-regression
2026-06-21 17:43:49 | INFO | P07 | python=3.14.5
2026-06-21 17:43:49 | INFO | P07 | os=Windows 11
2026-06-21 17:43:49 | INFO | P07 | shell=powershell
2026-06-21 17:43:49 | INFO | P07 | cwd=.
2026-06-21 17:43:49 | INFO | P07 | github_actions=False
2026-06-21 17:43:49 | INFO | P07 | === RUN START ===
2026-06-21 17:43:49 | INFO | P07 | project=REGRESSION
2026-06-21 17:43:49 | INFO | P07 | repo_dir=datafun-07-regression
2026-06-21 17:43:49 | INFO | P07 | python=3.14.5
2026-06-21 17:43:49 | INFO | P07 | os=Windows 11
2026-06-21 17:43:49 | INFO | P07 | shell=powershell
2026-06-21 17:43:49 | INFO | P07 | cwd=.
2026-06-21 17:43:49 | INFO | P07 | github_actions=False
2026-06-21 17:43:49 | INFO | P07 | ========================
2026-06-21 17:43:49 | INFO | P07 | START main()
2026-06-21 17:43:49 | INFO | P07 | ========================
2026-06-21 17:43:49 | INFO | P07 | --- Section 2: Load dataset: penguins ---
2026-06-21 17:43:49 | INFO | P07 | Loading dataset: penguins
2026-06-21 17:43:49 | INFO | P07 | Loaded: 344 rows, 7 columns
2026-06-21 17:43:49 | INFO | P07 | --- Section 3: Prepare a modeling view (feature + target) ---
2026-06-21 17:43:49 | INFO | P07 | Creating modeling view (dropping rows missing feature or target)
2026-06-21 17:43:49 | DEBUG | P07 | Columns required to be non-missing: ['flipper_length_mm', 'body_mass_g']
2026-06-21 17:43:49 | INFO | P07 | Original rows: 344
2026-06-21 17:43:49 | INFO | P07 | Model rows:    342
2026-06-21 17:43:49 | INFO | P07 | Rows dropped:  2
2026-06-21 17:43:49 | INFO | P07 | --- Section 4: Build feature matrix X and target vector y ---
2026-06-21 17:43:49 | INFO | P07 | Building feature matrix X and target vector y
2026-06-21 17:43:49 | DEBUG | P07 | X shape: (342, 1)  (rows, features)
2026-06-21 17:43:49 | DEBUG | P07 | y shape: (342,)  (rows,)
2026-06-21 17:43:49 | INFO | P07 | --- Section 5: Fit a straight line (scikit-learn) ---
2026-06-21 17:43:49 | INFO | P07 | Fitting a linear regression (scikit-learn)
2026-06-21 17:43:49 | DEBUG | P07 |   slope:     49.6856
2026-06-21 17:43:49 | DEBUG | P07 |   intercept: -5780.83
2026-06-21 17:43:49 | INFO | P07 | Fitted line:
2026-06-21 17:43:49 | INFO | P07 |   body_mass_g = 49.6856 * flipper_length_mm + -5780.83
2026-06-21 17:43:49 | INFO | P07 | --- Section 6: Predict fitted values and an example value ---
2026-06-21 17:43:49 | INFO | P07 | Computing fitted values for every observed row
2026-06-21 17:43:49 | INFO | P07 | Predicting Body mass (g) for one example Flipper length (mm) value
2026-06-21 17:43:49 | DEBUG | P07 |   example flipper_length_mm: 200
2026-06-21 17:43:49 | DEBUG | P07 |   predicted body_mass_g: 4156.28
2026-06-21 17:43:49 | INFO | P07 | --- Section 7: Examine the fit (residuals, R-squared, RMSE) ---
2026-06-21 17:43:49 | INFO | P07 | Computing residuals (actual - fitted)
2026-06-21 17:43:49 | INFO | P07 | Fit numbers (for you to interpret):
2026-06-21 17:43:49 | DEBUG | P07 |   R-squared: 0.7590
2026-06-21 17:43:49 | DEBUG | P07 |   RMSE:      393.124  (in units of Body mass (g))
2026-06-21 17:43:49 | DEBUG | P07 |   residual min:  -1058.8
2026-06-21 17:43:49 | DEBUG | P07 |   residual max:  1288.69
2026-06-21 17:43:49 | DEBUG | P07 |   residual mean: -5.31868e-14
2026-06-21 17:43:49 | INFO | P07 | 
CUSTOM: Update these notes and use Markdown cells to narrate what you see.

How to read these (this is YOUR judgment, not the script's):

 - R-squared near 1: the line accounts for most of the variation in y.
   R-squared near 0: the line accounts for almost none.
 - RMSE: the typical distance between a point and the line, in y's units.
 - Residual plot (Section 8): if a straight line fits well, residuals
   scatter randomly around 0 with no pattern. A curve, a funnel (spread
   that grows or shrinks), or clusters are signs a straight line is not
   the right description - which is itself a useful finding.

There is no threshold that decides this for you. Look at the numbers and
the plots together and write down what you conclude.

2026-06-21 17:43:49 | INFO | P07 | --- Section 8: Charts ---
2026-06-21 17:43:49 | INFO | P07 | ---- Creating Scatter Plot with Fitted Line ----------
2026-06-21 17:43:49 | INFO | P07 | ----   Set x to Flipper length (mm) -----------------------
2026-06-21 17:43:49 | INFO | P07 | ----   Set y to Body mass (g) -------------------------
2026-06-21 17:43:50 | INFO | P07 | ------ Creating Residual Plot --------------------------
2026-06-21 17:43:50 | INFO | P07 | ------   Set x to Flipper length (mm) ----------------------
2026-06-21 17:43:50 | INFO | P07 | ------   Set y to the residual (actual - fitted) -------
2026-06-21 17:43:50 | INFO | P07 | --- Section 9: Summary and next steps ---
2026-06-21 17:43:50 | INFO | P07 | ========================
2026-06-21 17:43:50 | INFO | P07 | SUMMARY
2026-06-21 17:43:50 | INFO | P07 | ========================
2026-06-21 17:43:50 | INFO | P07 | Dataset: penguins
2026-06-21 17:43:50 | INFO | P07 | Feature (x): flipper_length_mm
2026-06-21 17:43:50 | INFO | P07 | Target  (y): body_mass_g
2026-06-21 17:43:50 | INFO | P07 | Original rows: 344
2026-06-21 17:43:50 | INFO | P07 | Model rows:    342
2026-06-21 17:43:50 | INFO | P07 | Fitted line:
2026-06-21 17:43:50 | INFO | P07 |   body_mass_g = 49.6856 * flipper_length_mm + -5780.83
2026-06-21 17:43:50 | INFO | P07 | ======================
2026-06-21 17:43:50 | INFO | P07 | Review the fit numbers (R-squared, RMSE). 
2026-06-21 17:43:50 | INFO | P07 | Look at the fitted-line plot and the residual plot. 
2026-06-21 17:43:50 | INFO | P07 | Decide if a `straight line` is a fair description. 
2026-06-21 17:43:50 | INFO | P07 | If the residuals DO show a pattern,
2026-06-21 17:43:50 | INFO | P07 | then a straight line is NOT a good description. 
2026-06-21 17:43:50 | INFO | P07 | If the residuals DO NOT show a pattern,
2026-06-21 17:43:50 | INFO | P07 | then a straight line MIGHT be a good description. 
2026-06-21 17:43:50 | INFO | P07 | Either way, the findings may be valuable.
2026-06-21 17:43:50 | INFO | P07 | ======================
2026-06-21 17:43:50 | INFO | P07 | Repeat with a different feature, or a transformed feature, 
2026-06-21 17:43:50 | INFO | P07 | to investigate other options.
2026-06-21 17:43:50 | INFO | P07 | ======================
2026-06-21 17:43:50 | INFO | P07 | Include instructions and specifics in your README.md file.
2026-06-21 17:43:50 | INFO | P07 | Write up your narrative on your docs/index.md file.
2026-06-21 17:43:50 | INFO | P07 | Include your next step suggestions for further analysis or modeling.
2026-06-21 17:43:50 | INFO | P07 | ======================
2026-06-21 17:43:50 | INFO | P07 | ----- in a script, call plt.show() once at the end to display all charts -----
2026-06-21 17:43:50 | INFO | P07 | ----- in a script, close the chart windows (with the close button) to continue  -----
2026-06-21 17:43:52 | INFO | P07 | Linear regression workflow complete
2026-06-21 17:43:52 | INFO | P07 | IMPORTANT: This script creates chart windows.
2026-06-21 17:43:52 | INFO | P07 | Close any chart windows and terminate this process with CTRL+c as needed.
2026-06-21 17:43:52 | INFO | P07 | ========================
2026-06-21 17:43:52 | INFO | P07 | Executed successfully!
2026-06-21 17:43:52 | INFO | P07 | ========================
2026-06-21 17:43:57 | INFO | P07 | === RUN START ===
2026-06-21 17:43:57 | INFO | P07 | project=P07
2026-06-21 17:43:57 | INFO | P07 | repo_dir=datafun-07-regression
2026-06-21 17:43:57 | INFO | P07 | python=3.14.5
2026-06-21 17:43:57 | INFO | P07 | os=Windows 11
2026-06-21 17:43:57 | INFO | P07 | shell=powershell
2026-06-21 17:43:57 | INFO | P07 | cwd=.
2026-06-21 17:43:57 | INFO | P07 | github_actions=False
2026-06-21 17:43:57 | INFO | P07 | === RUN START ===
2026-06-21 17:43:57 | INFO | P07 | project=REGRESSION
2026-06-21 17:43:57 | INFO | P07 | repo_dir=datafun-07-regression
2026-06-21 17:43:57 | INFO | P07 | python=3.14.5
2026-06-21 17:43:57 | INFO | P07 | os=Windows 11
2026-06-21 17:43:57 | INFO | P07 | shell=powershell
2026-06-21 17:43:57 | INFO | P07 | cwd=.
2026-06-21 17:43:57 | INFO | P07 | github_actions=False
2026-06-21 17:43:57 | INFO | P07 | ========================
2026-06-21 17:43:57 | INFO | P07 | START main()
2026-06-21 17:43:57 | INFO | P07 | ========================
2026-06-21 17:43:57 | INFO | P07 | --- Section 2: Load dataset: owid-co2-data-subset ---
2026-06-21 17:43:57 | INFO | P07 | Loading dataset: owid-co2-data-subset
2026-06-21 17:43:57 | INFO | P07 | Loaded: 350 rows, 14 columns
2026-06-21 17:43:57 | INFO | P07 | --- Section 3: Prepare a modeling view (feature + target) ---
2026-06-21 17:43:57 | INFO | P07 | Creating modeling view (dropping rows missing feature or target)
2026-06-21 17:43:57 | DEBUG | P07 | Columns required to be non-missing: ['gdp', 'co2']
2026-06-21 17:43:57 | INFO | P07 | Original rows: 350
2026-06-21 17:43:57 | INFO | P07 | Model rows:    308
2026-06-21 17:43:57 | INFO | P07 | Rows dropped:  42
2026-06-21 17:43:57 | INFO | P07 | --- Section 4: Build feature matrix X and target vector y ---
2026-06-21 17:43:57 | INFO | P07 | Building feature matrix X and target vector y
2026-06-21 17:43:57 | DEBUG | P07 | X shape: (308, 1)  (rows, features)
2026-06-21 17:43:57 | DEBUG | P07 | y shape: (308,)  (rows,)
2026-06-21 17:43:57 | INFO | P07 | --- Section 5: Fit a straight line (numpy and scikit-learn) ---
2026-06-21 17:43:57 | INFO | P07 | Fitting a linear regression (scikit-learn)
2026-06-21 17:43:57 | DEBUG | P07 |   slope:     3.21582e-10
2026-06-21 17:43:57 | DEBUG | P07 |   intercept: 308.446
2026-06-21 17:43:57 | INFO | P07 | Fitted line:
2026-06-21 17:43:57 | INFO | P07 |   co2 = 3.21582e-10 * gdp + 308.446
2026-06-21 17:43:57 | DEBUG | P07 |   numpy check -> slope 3.21582e-10, intercept 308.446
2026-06-21 17:43:57 | INFO | P07 | --- Section 6: Predict fitted values and an example value ---
2026-06-21 17:43:57 | INFO | P07 | Computing fitted values for every observed row
2026-06-21 17:43:57 | INFO | P07 | Predicting CO2 emissions for one example GDP value
2026-06-21 17:43:57 | DEBUG | P07 |   example gdp: 1e+12
2026-06-21 17:43:57 | DEBUG | P07 |   predicted co2: 630.029
2026-06-21 17:43:57 | INFO | P07 | --- Section 7: Examine the fit (residuals, R-squared, RMSE) ---
2026-06-21 17:43:57 | INFO | P07 | Computing residuals (actual - fitted)
2026-06-21 17:43:57 | INFO | P07 | Fit numbers (requires interpretation):
2026-06-21 17:43:57 | DEBUG | P07 |   R-squared: 0.9562
2026-06-21 17:43:57 | DEBUG | P07 |   RMSE:      1352.43  (in units of CO2 emissions)
2026-06-21 17:43:57 | DEBUG | P07 |   residual min:  -4622.56
2026-06-21 17:43:57 | DEBUG | P07 |   residual max:  8584.86
2026-06-21 17:43:57 | DEBUG | P07 |   residual mean: 5.90581e-14
2026-06-21 17:43:57 | INFO | P07 | 
CUSTOM: Update these notes and use Markdown cells to narrate what you see.

How to read these (this is YOUR judgment, not the script's):

 - R-squared near 1: the line accounts for most of the variation in y.
 - R-squared near 0: the line accounts for almost none.
 - RMSE: the typical distance between a point and the line, in y's units.
 - Residual plot:
   - if a straight line fits well, residuals
     scatter randomly around 0 with no pattern.
   - A curve,
   - a funnel (spread that grows or shrinks),
   - or clusters are signs a straight line
     is NOT the right description, which can be a useful finding.

There is no threshold that decides this for you.
Look at the numbers and the plots together and
write down what you conclude.

2026-06-21 17:43:57 | INFO | P07 | --- Section 8: Charts ---
2026-06-21 17:43:57 | INFO | P07 | ---- Creating Scatter Plot with Fitted Line ----------
2026-06-21 17:43:57 | INFO | P07 | ----   Set x to GDP -----------------------
2026-06-21 17:43:57 | INFO | P07 | ----   Set y to CO2 emissions -------------------------
2026-06-21 17:43:57 | INFO | P07 | ------ Creating Residual Plot --------------------------
2026-06-21 17:43:57 | INFO | P07 | ------   Set x to GDP ----------------------
2026-06-21 17:43:57 | INFO | P07 | ------   Set y to the residual (actual - fitted) -------
2026-06-21 17:43:57 | INFO | P07 | --- Section 9: Summary and next steps ---
2026-06-21 17:43:57 | INFO | P07 | ========================
2026-06-21 17:43:57 | INFO | P07 | SUMMARY
2026-06-21 17:43:57 | INFO | P07 | ========================
2026-06-21 17:43:57 | INFO | P07 | Dataset: owid-co2-data-subset
2026-06-21 17:43:57 | INFO | P07 | Feature (x): gdp
2026-06-21 17:43:57 | INFO | P07 | Target  (y): co2
2026-06-21 17:43:57 | INFO | P07 | Original rows: 350
2026-06-21 17:43:57 | INFO | P07 | Model rows:    308
2026-06-21 17:43:57 | INFO | P07 | Fitted line:
2026-06-21 17:43:57 | INFO | P07 |   co2 = 3.21582e-10 * gdp + 308.446
2026-06-21 17:43:57 | INFO | P07 | ======================
2026-06-21 17:43:57 | INFO | P07 | Review the fit numbers (R-squared, RMSE). 
2026-06-21 17:43:57 | INFO | P07 | Look at the fitted-line plot and the residual plot. 
2026-06-21 17:43:57 | INFO | P07 | Decide if a `straight line` is a fair description. 
2026-06-21 17:43:57 | INFO | P07 | If the residuals DO show a pattern (e.g. curve, funnel, clusters),
2026-06-21 17:43:57 | INFO | P07 | then a straight line is NOT a good description. 
2026-06-21 17:43:57 | INFO | P07 | If the residuals DO NOT show a pattern,
2026-06-21 17:43:57 | INFO | P07 | then a straight line MIGHT be a good description. 
2026-06-21 17:43:57 | INFO | P07 | Either way, the findings may be valuable.
2026-06-21 17:43:57 | INFO | P07 | ======================
2026-06-21 17:43:57 | INFO | P07 | Repeat with a different feature, or a transformed feature, 
2026-06-21 17:43:57 | INFO | P07 | to investigate other options.
2026-06-21 17:43:57 | INFO | P07 | ======================
2026-06-21 17:43:57 | INFO | P07 | Include instructions and specifics in your README.md file.
2026-06-21 17:43:57 | INFO | P07 | Write up your narrative on your docs/index.md file.
2026-06-21 17:43:57 | INFO | P07 | Include your next step suggestions for further analysis or modeling.
2026-06-21 17:43:57 | INFO | P07 | ======================
2026-06-21 17:43:57 | INFO | P07 | ----- in a script, call plt.show() once at the end to display all charts -----
2026-06-21 17:43:57 | INFO | P07 | ----- in a script, close the chart windows (with the close button) to continue  -----
2026-06-21 17:43:59 | INFO | P07 | Linear regression workflow complete
2026-06-21 17:43:59 | INFO | P07 | IMPORTANT: This script creates chart windows.
2026-06-21 17:43:59 | INFO | P07 | Close any chart windows and terminate this process with CTRL+c as needed.
2026-06-21 17:43:59 | INFO | P07 | ========================
2026-06-21 17:43:59 | INFO | P07 | Executed successfully!
2026-06-21 17:43:59 | INFO | P07 | ========================
2026-06-21 17:44:35 | INFO | P07 | === RUN START ===
2026-06-21 17:44:35 | INFO | P07 | project=P07
2026-06-21 17:44:35 | INFO | P07 | repo_dir=datafun-07-regression
2026-06-21 17:44:35 | INFO | P07 | python=3.14.5
2026-06-21 17:44:35 | INFO | P07 | os=Windows 11
2026-06-21 17:44:35 | INFO | P07 | shell=powershell
2026-06-21 17:44:35 | INFO | P07 | cwd=.
2026-06-21 17:44:35 | INFO | P07 | github_actions=False
2026-06-21 17:44:35 | INFO | P07 | === RUN START ===
2026-06-21 17:44:35 | INFO | P07 | project=P07
2026-06-21 17:44:35 | INFO | P07 | repo_dir=datafun-07-regression
2026-06-21 17:44:35 | INFO | P07 | python=3.14.5
2026-06-21 17:44:35 | INFO | P07 | os=Windows 11
2026-06-21 17:44:35 | INFO | P07 | shell=powershell
2026-06-21 17:44:35 | INFO | P07 | cwd=.
2026-06-21 17:44:35 | INFO | P07 | github_actions=False
2026-06-21 17:52:31 | INFO | P07 | === RUN START ===
2026-06-21 17:52:31 | INFO | P07 | project=P07
2026-06-21 17:52:31 | INFO | P07 | repo_dir=datafun-07-regression
2026-06-21 17:52:31 | INFO | P07 | python=3.14.5
2026-06-21 17:52:31 | INFO | P07 | os=Windows 11
2026-06-21 17:52:31 | INFO | P07 | shell=powershell
2026-06-21 17:52:31 | INFO | P07 | cwd=.
2026-06-21 17:52:31 | INFO | P07 | github_actions=False
2026-06-21 17:52:31 | INFO | P07 | === RUN START ===
2026-06-21 17:52:31 | INFO | P07 | project=REGRESSION
2026-06-21 17:52:31 | INFO | P07 | repo_dir=datafun-07-regression
2026-06-21 17:52:31 | INFO | P07 | python=3.14.5
2026-06-21 17:52:31 | INFO | P07 | os=Windows 11
2026-06-21 17:52:31 | INFO | P07 | shell=powershell
2026-06-21 17:52:31 | INFO | P07 | cwd=.
2026-06-21 17:52:31 | INFO | P07 | github_actions=False
2026-06-21 17:52:31 | INFO | P07 | ========================
2026-06-21 17:52:31 | INFO | P07 | START main()
2026-06-21 17:52:31 | INFO | P07 | ========================
2026-06-21 17:52:31 | INFO | P07 | --- Section 2: Load dataset: owid-co2-data-subset ---
2026-06-21 17:52:31 | INFO | P07 | Loading dataset: owid-co2-data-subset
2026-06-21 17:52:31 | INFO | P07 | Loaded: 350 rows, 14 columns
2026-06-21 17:52:31 | INFO | P07 | --- Section 3: Prepare a modeling view (feature + target) ---
2026-06-21 17:52:31 | INFO | P07 | Creating modeling view (dropping rows missing feature or target)
2026-06-21 17:52:31 | DEBUG | P07 | Columns required to be non-missing: ['gdp', 'co2']
2026-06-21 17:52:31 | INFO | P07 | Original rows: 350
2026-06-21 17:52:31 | INFO | P07 | Model rows:    308
2026-06-21 17:52:31 | INFO | P07 | Rows dropped:  42
2026-06-21 17:52:31 | INFO | P07 | --- Section 4: Build feature matrix X and target vector y ---
2026-06-21 17:52:31 | INFO | P07 | Building feature matrix X and target vector y
2026-06-21 17:52:31 | DEBUG | P07 | X shape: (308, 1)  (rows, features)
2026-06-21 17:52:31 | DEBUG | P07 | y shape: (308,)  (rows,)
2026-06-21 17:52:31 | INFO | P07 | --- Section 5: Fit a straight line (numpy and scikit-learn) ---
2026-06-21 17:52:31 | INFO | P07 | Fitting a linear regression (scikit-learn)
2026-06-21 17:52:31 | DEBUG | P07 |   slope:     3.21582e-10
2026-06-21 17:52:31 | DEBUG | P07 |   intercept: 308.446
2026-06-21 17:52:31 | INFO | P07 | Fitted line:
2026-06-21 17:52:31 | INFO | P07 |   co2 = 3.21582e-10 * gdp + 308.446
2026-06-21 17:52:31 | DEBUG | P07 |   numpy check -> slope 3.21582e-10, intercept 308.446
2026-06-21 17:52:31 | INFO | P07 | --- Section 6: Predict fitted values and an example value ---
2026-06-21 17:52:31 | INFO | P07 | Computing fitted values for every observed row
2026-06-21 17:52:31 | INFO | P07 | Predicting CO2 emissions for one example GDP value
2026-06-21 17:52:31 | DEBUG | P07 |   example gdp: 1e+12
2026-06-21 17:52:31 | DEBUG | P07 |   predicted co2: 630.029
2026-06-21 17:52:31 | INFO | P07 | --- Section 7: Examine the fit (residuals, R-squared, RMSE) ---
2026-06-21 17:52:31 | INFO | P07 | Computing residuals (actual - fitted)
2026-06-21 17:52:31 | INFO | P07 | Fit numbers (requires interpretation):
2026-06-21 17:52:31 | DEBUG | P07 |   R-squared: 0.9562
2026-06-21 17:52:31 | DEBUG | P07 |   RMSE:      1352.43  (in units of CO2 emissions)
2026-06-21 17:52:31 | DEBUG | P07 |   residual min:  -4622.56
2026-06-21 17:52:31 | DEBUG | P07 |   residual max:  8584.86
2026-06-21 17:52:31 | DEBUG | P07 |   residual mean: 5.90581e-14
2026-06-21 17:52:31 | INFO | P07 | 
CUSTOM: Update these notes and use Markdown cells to narrate what you see.

How to read these (this is YOUR judgment, not the script's):

 - R-squared near 1: the line accounts for most of the variation in y.
 - R-squared near 0: the line accounts for almost none.
 - RMSE: the typical distance between a point and the line, in y's units.
 - Residual plot:
   - if a straight line fits well, residuals
     scatter randomly around 0 with no pattern.
   - A curve,
   - a funnel (spread that grows or shrinks),
   - or clusters are signs a straight line
     is NOT the right description, which can be a useful finding.

There is no threshold that decides this for you.
Look at the numbers and the plots together and
write down what you conclude.

2026-06-21 17:52:31 | INFO | P07 | --- Section 8: Charts ---
2026-06-21 17:52:31 | INFO | P07 | ---- Creating Scatter Plot with Fitted Line ----------
2026-06-21 17:52:31 | INFO | P07 | ----   Set x to GDP -----------------------
2026-06-21 17:52:31 | INFO | P07 | ----   Set y to CO2 emissions -------------------------
2026-06-21 17:52:32 | INFO | P07 | ------ Creating Residual Plot --------------------------
2026-06-21 17:52:32 | INFO | P07 | ------   Set x to GDP ----------------------
2026-06-21 17:52:32 | INFO | P07 | ------   Set y to the residual (actual - fitted) -------
2026-06-21 17:52:32 | INFO | P07 | --- Section 9: Summary and next steps ---
2026-06-21 17:52:32 | INFO | P07 | ========================
2026-06-21 17:52:32 | INFO | P07 | SUMMARY
2026-06-21 17:52:32 | INFO | P07 | ========================
2026-06-21 17:52:32 | INFO | P07 | Dataset: owid-co2-data-subset
2026-06-21 17:52:32 | INFO | P07 | Feature (x): gdp
2026-06-21 17:52:32 | INFO | P07 | Target  (y): co2
2026-06-21 17:52:32 | INFO | P07 | Original rows: 350
2026-06-21 17:52:32 | INFO | P07 | Model rows:    308
2026-06-21 17:52:32 | INFO | P07 | Fitted line:
2026-06-21 17:52:32 | INFO | P07 |   co2 = 3.21582e-10 * gdp + 308.446
2026-06-21 17:52:32 | INFO | P07 | ======================
2026-06-21 17:52:32 | INFO | P07 | Review the fit numbers (R-squared, RMSE). 
2026-06-21 17:52:32 | INFO | P07 | Look at the fitted-line plot and the residual plot. 
2026-06-21 17:52:32 | INFO | P07 | Decide if a `straight line` is a fair description. 
2026-06-21 17:52:32 | INFO | P07 | If the residuals DO show a pattern (e.g. curve, funnel, clusters),
2026-06-21 17:52:32 | INFO | P07 | then a straight line is NOT a good description. 
2026-06-21 17:52:32 | INFO | P07 | If the residuals DO NOT show a pattern,
2026-06-21 17:52:32 | INFO | P07 | then a straight line MIGHT be a good description. 
2026-06-21 17:52:32 | INFO | P07 | Either way, the findings may be valuable.
2026-06-21 17:52:32 | INFO | P07 | ======================
2026-06-21 17:52:32 | INFO | P07 | Repeat with a different feature, or a transformed feature, 
2026-06-21 17:52:32 | INFO | P07 | to investigate other options.
2026-06-21 17:52:32 | INFO | P07 | ======================
2026-06-21 17:52:32 | INFO | P07 | Include instructions and specifics in your README.md file.
2026-06-21 17:52:32 | INFO | P07 | Write up your narrative on your docs/index.md file.
2026-06-21 17:52:32 | INFO | P07 | Include your next step suggestions for further analysis or modeling.
2026-06-21 17:52:32 | INFO | P07 | ======================
2026-06-21 17:52:32 | INFO | P07 | ----- in a script, call plt.show() once at the end to display all charts -----
2026-06-21 17:52:32 | INFO | P07 | ----- in a script, close the chart windows (with the close button) to continue  -----
2026-06-21 17:53:30 | INFO | P07 | Linear regression workflow complete
2026-06-21 17:53:30 | INFO | P07 | IMPORTANT: This script creates chart windows.
2026-06-21 17:53:30 | INFO | P07 | Close any chart windows and terminate this process with CTRL+c as needed.
2026-06-21 17:53:30 | INFO | P07 | ========================
2026-06-21 17:53:30 | INFO | P07 | Executed successfully!
2026-06-21 17:53:30 | INFO | P07 | ========================
2026-06-21 17:53:41 | INFO | P07 | === RUN START ===
2026-06-21 17:53:41 | INFO | P07 | project=P07
2026-06-21 17:53:41 | INFO | P07 | repo_dir=datafun-07-regression
2026-06-21 17:53:41 | INFO | P07 | python=3.14.5
2026-06-21 17:53:41 | INFO | P07 | os=Windows 11
2026-06-21 17:53:41 | INFO | P07 | shell=powershell
2026-06-21 17:53:41 | INFO | P07 | cwd=.
2026-06-21 17:53:41 | INFO | P07 | github_actions=False
2026-06-21 17:53:41 | INFO | P07 | === RUN START ===
2026-06-21 17:53:41 | INFO | P07 | project=REGRESSION
2026-06-21 17:53:41 | INFO | P07 | repo_dir=datafun-07-regression
2026-06-21 17:53:41 | INFO | P07 | python=3.14.5
2026-06-21 17:53:41 | INFO | P07 | os=Windows 11
2026-06-21 17:53:41 | INFO | P07 | shell=powershell
2026-06-21 17:53:41 | INFO | P07 | cwd=.
2026-06-21 17:53:41 | INFO | P07 | github_actions=False
2026-06-21 17:53:41 | INFO | P07 | ========================
2026-06-21 17:53:41 | INFO | P07 | START main()
2026-06-21 17:53:41 | INFO | P07 | ========================
2026-06-21 17:53:41 | INFO | P07 | --- Section 2: Load dataset: penguins ---
2026-06-21 17:53:41 | INFO | P07 | Loading dataset: penguins
2026-06-21 17:53:41 | INFO | P07 | Loaded: 344 rows, 7 columns
2026-06-21 17:53:41 | INFO | P07 | --- Section 3: Prepare a modeling view (feature + target) ---
2026-06-21 17:53:41 | INFO | P07 | Creating modeling view (dropping rows missing feature or target)
2026-06-21 17:53:41 | DEBUG | P07 | Columns required to be non-missing: ['flipper_length_mm', 'body_mass_g']
2026-06-21 17:53:41 | INFO | P07 | Original rows: 344
2026-06-21 17:53:41 | INFO | P07 | Model rows:    342
2026-06-21 17:53:41 | INFO | P07 | Rows dropped:  2
2026-06-21 17:53:41 | INFO | P07 | --- Section 4: Build feature matrix X and target vector y ---
2026-06-21 17:53:41 | INFO | P07 | Building feature matrix X and target vector y
2026-06-21 17:53:41 | DEBUG | P07 | X shape: (342, 1)  (rows, features)
2026-06-21 17:53:41 | DEBUG | P07 | y shape: (342,)  (rows,)
2026-06-21 17:53:41 | INFO | P07 | --- Section 5: Fit a straight line (scikit-learn) ---
2026-06-21 17:53:41 | INFO | P07 | Fitting a linear regression (scikit-learn)
2026-06-21 17:53:41 | DEBUG | P07 |   slope:     49.6856
2026-06-21 17:53:41 | DEBUG | P07 |   intercept: -5780.83
2026-06-21 17:53:41 | INFO | P07 | Fitted line:
2026-06-21 17:53:41 | INFO | P07 |   body_mass_g = 49.6856 * flipper_length_mm + -5780.83
2026-06-21 17:53:41 | INFO | P07 | --- Section 6: Predict fitted values and an example value ---
2026-06-21 17:53:41 | INFO | P07 | Computing fitted values for every observed row
2026-06-21 17:53:41 | INFO | P07 | Predicting Body mass (g) for one example Flipper length (mm) value
2026-06-21 17:53:41 | DEBUG | P07 |   example flipper_length_mm: 200
2026-06-21 17:53:41 | DEBUG | P07 |   predicted body_mass_g: 4156.28
2026-06-21 17:53:41 | INFO | P07 | --- Section 7: Examine the fit (residuals, R-squared, RMSE) ---
2026-06-21 17:53:41 | INFO | P07 | Computing residuals (actual - fitted)
2026-06-21 17:53:41 | INFO | P07 | Fit numbers (for you to interpret):
2026-06-21 17:53:41 | DEBUG | P07 |   R-squared: 0.7590
2026-06-21 17:53:41 | DEBUG | P07 |   RMSE:      393.124  (in units of Body mass (g))
2026-06-21 17:53:41 | DEBUG | P07 |   residual min:  -1058.8
2026-06-21 17:53:41 | DEBUG | P07 |   residual max:  1288.69
2026-06-21 17:53:41 | DEBUG | P07 |   residual mean: -5.31868e-14
2026-06-21 17:53:41 | INFO | P07 | 
CUSTOM: Update these notes and use Markdown cells to narrate what you see.

How to read these (this is YOUR judgment, not the script's):

 - R-squared near 1: the line accounts for most of the variation in y.
   R-squared near 0: the line accounts for almost none.
 - RMSE: the typical distance between a point and the line, in y's units.
 - Residual plot (Section 8): if a straight line fits well, residuals
   scatter randomly around 0 with no pattern. A curve, a funnel (spread
   that grows or shrinks), or clusters are signs a straight line is not
   the right description - which is itself a useful finding.

There is no threshold that decides this for you. Look at the numbers and
the plots together and write down what you conclude.

2026-06-21 17:53:41 | INFO | P07 | --- Section 8: Charts ---
2026-06-21 17:53:41 | INFO | P07 | ---- Creating Scatter Plot with Fitted Line ----------
2026-06-21 17:53:41 | INFO | P07 | ----   Set x to Flipper length (mm) -----------------------
2026-06-21 17:53:41 | INFO | P07 | ----   Set y to Body mass (g) -------------------------
2026-06-21 17:53:41 | INFO | P07 | ------ Creating Residual Plot --------------------------
2026-06-21 17:53:41 | INFO | P07 | ------   Set x to Flipper length (mm) ----------------------
2026-06-21 17:53:41 | INFO | P07 | ------   Set y to the residual (actual - fitted) -------
2026-06-21 17:53:41 | INFO | P07 | --- Section 9: Summary and next steps ---
2026-06-21 17:53:41 | INFO | P07 | ========================
2026-06-21 17:53:41 | INFO | P07 | SUMMARY
2026-06-21 17:53:41 | INFO | P07 | ========================
2026-06-21 17:53:41 | INFO | P07 | Dataset: penguins
2026-06-21 17:53:41 | INFO | P07 | Feature (x): flipper_length_mm
2026-06-21 17:53:41 | INFO | P07 | Target  (y): body_mass_g
2026-06-21 17:53:41 | INFO | P07 | Original rows: 344
2026-06-21 17:53:41 | INFO | P07 | Model rows:    342
2026-06-21 17:53:41 | INFO | P07 | Fitted line:
2026-06-21 17:53:41 | INFO | P07 |   body_mass_g = 49.6856 * flipper_length_mm + -5780.83
2026-06-21 17:53:41 | INFO | P07 | ======================
2026-06-21 17:53:41 | INFO | P07 | Review the fit numbers (R-squared, RMSE). 
2026-06-21 17:53:41 | INFO | P07 | Look at the fitted-line plot and the residual plot. 
2026-06-21 17:53:41 | INFO | P07 | Decide if a `straight line` is a fair description. 
2026-06-21 17:53:41 | INFO | P07 | If the residuals DO show a pattern,
2026-06-21 17:53:41 | INFO | P07 | then a straight line is NOT a good description. 
2026-06-21 17:53:41 | INFO | P07 | If the residuals DO NOT show a pattern,
2026-06-21 17:53:41 | INFO | P07 | then a straight line MIGHT be a good description. 
2026-06-21 17:53:41 | INFO | P07 | Either way, the findings may be valuable.
2026-06-21 17:53:41 | INFO | P07 | ======================
2026-06-21 17:53:41 | INFO | P07 | Repeat with a different feature, or a transformed feature, 
2026-06-21 17:53:41 | INFO | P07 | to investigate other options.
2026-06-21 17:53:41 | INFO | P07 | ======================
2026-06-21 17:53:41 | INFO | P07 | Include instructions and specifics in your README.md file.
2026-06-21 17:53:41 | INFO | P07 | Write up your narrative on your docs/index.md file.
2026-06-21 17:53:41 | INFO | P07 | Include your next step suggestions for further analysis or modeling.
2026-06-21 17:53:41 | INFO | P07 | ======================
2026-06-21 17:53:41 | INFO | P07 | ----- in a script, call plt.show() once at the end to display all charts -----
2026-06-21 17:53:41 | INFO | P07 | ----- in a script, close the chart windows (with the close button) to continue  -----
2026-06-21 17:56:33 | INFO | P07 | Linear regression workflow complete
2026-06-21 17:56:33 | INFO | P07 | IMPORTANT: This script creates chart windows.
2026-06-21 17:56:33 | INFO | P07 | Close any chart windows and terminate this process with CTRL+c as needed.
2026-06-21 17:56:33 | INFO | P07 | ========================
2026-06-21 17:56:33 | INFO | P07 | Executed successfully!
2026-06-21 17:56:33 | INFO | P07 | ========================
2026-06-23 16:28:04 | INFO | P07 | === RUN START ===
2026-06-23 16:28:04 | INFO | P07 | project=P07
2026-06-23 16:28:04 | INFO | P07 | repo_dir=datafun-07-regression
2026-06-23 16:28:04 | INFO | P07 | python=3.14.5
2026-06-23 16:28:04 | INFO | P07 | os=Windows 11
2026-06-23 16:28:04 | INFO | P07 | shell=powershell
2026-06-23 16:28:04 | INFO | P07 | cwd=.
2026-06-23 16:28:04 | INFO | P07 | github_actions=False
2026-06-23 16:28:04 | INFO | P07 | === RUN START ===
2026-06-23 16:28:04 | INFO | P07 | project=REGRESSION
2026-06-23 16:28:04 | INFO | P07 | repo_dir=datafun-07-regression
2026-06-23 16:28:04 | INFO | P07 | python=3.14.5
2026-06-23 16:28:04 | INFO | P07 | os=Windows 11
2026-06-23 16:28:04 | INFO | P07 | shell=powershell
2026-06-23 16:28:04 | INFO | P07 | cwd=.
2026-06-23 16:28:04 | INFO | P07 | github_actions=False
2026-06-23 16:28:04 | INFO | P07 | ========================
2026-06-23 16:28:04 | INFO | P07 | START main()
2026-06-23 16:28:04 | INFO | P07 | ========================
2026-06-23 16:28:04 | INFO | P07 | --- Section 2: Load dataset: owid-co2-data-subset ---
2026-06-23 16:28:04 | INFO | P07 | Loading dataset: owid-co2-data-subset
2026-06-23 16:28:04 | INFO | P07 | Loaded: 350 rows, 14 columns
2026-06-23 16:28:04 | INFO | P07 | --- Section 3: Prepare a modeling view (feature + target) ---
2026-06-23 16:28:04 | INFO | P07 | Creating modeling view (dropping rows missing feature or target)
2026-06-23 16:28:04 | DEBUG | P07 | Columns required to be non-missing: ['gdp', 'co2']
2026-06-23 16:28:04 | INFO | P07 | Original rows: 350
2026-06-23 16:28:04 | INFO | P07 | Model rows:    308
2026-06-23 16:28:04 | INFO | P07 | Rows dropped:  42
2026-06-23 16:28:04 | INFO | P07 | --- Section 4: Build feature matrix X and target vector y ---
2026-06-23 16:28:04 | INFO | P07 | Building feature matrix X and target vector y
2026-06-23 16:28:04 | DEBUG | P07 | X shape: (308, 1)  (rows, features)
2026-06-23 16:28:04 | DEBUG | P07 | y shape: (308,)  (rows,)
2026-06-23 16:28:04 | INFO | P07 | --- Section 5: Fit a straight line and exponential curve (numpy and scikit-learn) ---
2026-06-23 16:28:04 | INFO | P07 | Fitting a linear regression (scikit-learn)
2026-06-23 16:28:04 | DEBUG | P07 |   slope:     3.21582e-10
2026-06-23 16:28:04 | DEBUG | P07 |   intercept: 308.446
2026-06-23 16:28:04 | INFO | P07 | Fitted line:
2026-06-23 16:28:04 | INFO | P07 |   co2 = 3.21582e-10 * gdp + 308.446
2026-06-23 16:28:04 | DEBUG | P07 |   numpy check -> slope 3.21582e-10, intercept 308.446
2026-06-23 16:28:04 | INFO | P07 | Fitting an exponential curve (scipy.optimize.curve_fit)
2026-06-23 16:28:04 | INFO | P07 | Fitted exponential curve:
2026-06-23 16:28:04 | INFO | P07 |   co2 = 1 * exp(0.01 * gdp)
2026-06-23 16:28:04 | INFO | P07 | --- Section 6: Predict fitted values and an example value ---
2026-06-23 16:28:04 | INFO | P07 | Computing fitted values for every observed row
2026-06-23 16:28:04 | INFO | P07 | Predicting CO2 emissions for one example GDP value
2026-06-23 16:28:04 | DEBUG | P07 |   example gdp: 1e+12
2026-06-23 16:28:04 | DEBUG | P07 |   predicted co2: 630.029
2026-06-23 16:28:04 | INFO | P07 | --- Section 7: Examine the fit (residuals, R-squared, RMSE) ---
2026-06-23 16:28:04 | INFO | P07 | Computing residuals (actual - fitted)
2026-06-23 16:28:04 | INFO | P07 | Fit numbers (requires interpretation):
2026-06-23 16:28:04 | DEBUG | P07 |   R-squared: 0.9562
2026-06-23 16:28:04 | DEBUG | P07 |   RMSE:      1352.43  (in units of CO2 emissions)
2026-06-23 16:28:04 | DEBUG | P07 |   residual min:  -4622.56
2026-06-23 16:28:04 | DEBUG | P07 |   residual max:  8584.86
2026-06-23 16:28:04 | DEBUG | P07 |   residual mean: 5.90581e-14
2026-06-23 16:28:04 | INFO | P07 | 
CUSTOM: Update these notes and use Markdown cells to narrate what you see.

How to read these (this is YOUR judgment, not the script's):

 - R-squared near 1: the line accounts for most of the variation in y.
 - R-squared near 0: the line accounts for almost none.
 - RMSE: the typical distance between a point and the line, in y's units.
 - Residual plot:
   - if a straight line fits well, residuals
     scatter randomly around 0 with no pattern.
   - A curve,
   - a funnel (spread that grows or shrinks),
   - or clusters are signs a straight line
     is NOT the right description, which can be a useful finding.

There is no threshold that decides this for you.
Look at the numbers and the plots together and
write down what you conclude.

2026-06-23 16:28:04 | INFO | P07 | Computing residuals for the exponential fit
2026-06-23 16:28:04 | INFO | P07 | Exponential fit numbers (requires interpretation):
2026-06-23 16:28:04 | DEBUG | P07 |   co2 = 1 * exp(0.01 * gdp)
2026-06-23 16:28:04 | DEBUG | P07 |   R-squared: -inf
2026-06-23 16:28:04 | DEBUG | P07 |   RMSE:      inf  (in units of CO2 emissions)
2026-06-23 16:28:04 | DEBUG | P07 |   residual min:  -inf
2026-06-23 16:28:04 | DEBUG | P07 |   residual max:  -inf
2026-06-23 16:28:04 | DEBUG | P07 |   residual mean:  -inf
2026-06-23 16:28:04 | INFO | P07 | --- Section 8: Charts ---
2026-06-23 16:28:04 | INFO | P07 | ---- Creating Scatter Plot with Fitted Line ----------
2026-06-23 16:28:04 | INFO | P07 | ----   Set x to GDP -----------------------
2026-06-23 16:28:04 | INFO | P07 | ----   Set y to CO2 emissions -------------------------
2026-06-23 16:28:05 | INFO | P07 | ------ Creating Residual Plot --------------------------
2026-06-23 16:28:05 | INFO | P07 | ------   Set x to GDP ----------------------
2026-06-23 16:28:05 | INFO | P07 | ------   Set y to the residual (actual - fitted) -------
2026-06-23 16:28:05 | INFO | P07 | ---- Creating Scatter Plot with Fitted Line ----------
2026-06-23 16:28:05 | INFO | P07 | ----   Set x to GDP -----------------------
2026-06-23 16:28:05 | INFO | P07 | ----   Set y to CO2 emissions -------------------------
2026-06-23 16:28:05 | INFO | P07 | ------ Creating Residual Plot --------------------------
2026-06-23 16:28:05 | INFO | P07 | ------   Set x to GDP ----------------------
2026-06-23 16:28:05 | INFO | P07 | ------   Set y to the residual (actual - fitted) -------
2026-06-23 16:28:05 | INFO | P07 | --- Section 9: Summary and next steps ---
2026-06-23 16:28:05 | INFO | P07 | ========================
2026-06-23 16:28:05 | INFO | P07 | SUMMARY
2026-06-23 16:28:05 | INFO | P07 | ========================
2026-06-23 16:28:05 | INFO | P07 | Dataset: owid-co2-data-subset
2026-06-23 16:28:05 | INFO | P07 | Feature (x): gdp
2026-06-23 16:28:05 | INFO | P07 | Target  (y): co2
2026-06-23 16:28:05 | INFO | P07 | Original rows: 350
2026-06-23 16:28:05 | INFO | P07 | Model rows:    308
2026-06-23 16:28:05 | INFO | P07 | Fitted line:
2026-06-23 16:28:05 | INFO | P07 |   co2 = 3.21582e-10 * gdp + 308.446
2026-06-23 16:28:05 | INFO | P07 | ======================
2026-06-23 16:28:05 | INFO | P07 | Review the fit numbers (R-squared, RMSE). 
2026-06-23 16:28:05 | INFO | P07 | Look at the fitted-line plot and the residual plot. 
2026-06-23 16:28:05 | INFO | P07 | Decide if a `straight line` is a fair description. 
2026-06-23 16:28:05 | INFO | P07 | If the residuals DO show a pattern (e.g. curve, funnel, clusters),
2026-06-23 16:28:05 | INFO | P07 | then a straight line is NOT a good description. 
2026-06-23 16:28:05 | INFO | P07 | If the residuals DO NOT show a pattern,
2026-06-23 16:28:05 | INFO | P07 | then a straight line MIGHT be a good description. 
2026-06-23 16:28:05 | INFO | P07 | Either way, the findings may be valuable.
2026-06-23 16:28:05 | INFO | P07 | ======================
2026-06-23 16:28:05 | INFO | P07 | Repeat with a different feature, or a transformed feature, 
2026-06-23 16:28:05 | INFO | P07 | to investigate other options.
2026-06-23 16:28:05 | INFO | P07 | ======================
2026-06-23 16:28:05 | INFO | P07 | Include instructions and specifics in your README.md file.
2026-06-23 16:28:05 | INFO | P07 | Write up your narrative on your docs/index.md file.
2026-06-23 16:28:05 | INFO | P07 | Include your next step suggestions for further analysis or modeling.
2026-06-23 16:28:05 | INFO | P07 | ======================
2026-06-23 16:28:05 | INFO | P07 | ----- in a script, call plt.show() once at the end to display all charts -----
2026-06-23 16:28:05 | INFO | P07 | ----- in a script, close the chart windows (with the close button) to continue  -----
2026-06-23 16:28:49 | INFO | P07 | Linear regression workflow complete
2026-06-23 16:28:49 | INFO | P07 | IMPORTANT: This script creates chart windows.
2026-06-23 16:28:49 | INFO | P07 | Close any chart windows and terminate this process with CTRL+c as needed.
2026-06-23 16:28:49 | INFO | P07 | ========================
2026-06-23 16:28:49 | INFO | P07 | Executed successfully!
2026-06-23 16:28:49 | INFO | P07 | ========================
2026-06-23 16:30:18 | INFO | P07 | === RUN START ===
2026-06-23 16:30:18 | INFO | P07 | project=P07
2026-06-23 16:30:18 | INFO | P07 | repo_dir=datafun-07-regression
2026-06-23 16:30:18 | INFO | P07 | python=3.14.5
2026-06-23 16:30:18 | INFO | P07 | os=Windows 11
2026-06-23 16:30:18 | INFO | P07 | shell=powershell
2026-06-23 16:30:18 | INFO | P07 | cwd=.
2026-06-23 16:30:18 | INFO | P07 | github_actions=False
2026-06-23 16:30:18 | INFO | P07 | === RUN START ===
2026-06-23 16:30:18 | INFO | P07 | project=REGRESSION
2026-06-23 16:30:18 | INFO | P07 | repo_dir=datafun-07-regression
2026-06-23 16:30:18 | INFO | P07 | python=3.14.5
2026-06-23 16:30:18 | INFO | P07 | os=Windows 11
2026-06-23 16:30:18 | INFO | P07 | shell=powershell
2026-06-23 16:30:18 | INFO | P07 | cwd=.
2026-06-23 16:30:18 | INFO | P07 | github_actions=False
2026-06-23 16:30:18 | INFO | P07 | ========================
2026-06-23 16:30:18 | INFO | P07 | START main()
2026-06-23 16:30:18 | INFO | P07 | ========================
2026-06-23 16:30:18 | INFO | P07 | --- Section 2: Load dataset: owid-co2-data-subset ---
2026-06-23 16:30:18 | INFO | P07 | Loading dataset: owid-co2-data-subset
2026-06-23 16:30:18 | INFO | P07 | Loaded: 350 rows, 14 columns
2026-06-23 16:30:18 | INFO | P07 | --- Section 3: Prepare a modeling view (feature + target) ---
2026-06-23 16:30:18 | INFO | P07 | Creating modeling view (dropping rows missing feature or target)
2026-06-23 16:30:18 | DEBUG | P07 | Columns required to be non-missing: ['gdp', 'co2']
2026-06-23 16:30:18 | INFO | P07 | Original rows: 350
2026-06-23 16:30:18 | INFO | P07 | Model rows:    308
2026-06-23 16:30:18 | INFO | P07 | Rows dropped:  42
2026-06-23 16:30:18 | INFO | P07 | --- Section 4: Build feature matrix X and target vector y ---
2026-06-23 16:30:18 | INFO | P07 | Building feature matrix X and target vector y
2026-06-23 16:30:18 | DEBUG | P07 | X shape: (308, 1)  (rows, features)
2026-06-23 16:30:18 | DEBUG | P07 | y shape: (308,)  (rows,)
2026-06-23 16:30:18 | INFO | P07 | --- Section 5: Fit a straight line and exponential curve (numpy and scikit-learn) ---
2026-06-23 16:30:18 | INFO | P07 | Fitting a linear regression (scikit-learn)
2026-06-23 16:30:18 | DEBUG | P07 |   slope:     3.21582e-10
2026-06-23 16:30:18 | DEBUG | P07 |   intercept: 308.446
2026-06-23 16:30:18 | INFO | P07 | Fitted line:
2026-06-23 16:30:18 | INFO | P07 |   co2 = 3.21582e-10 * gdp + 308.446
2026-06-23 16:30:18 | DEBUG | P07 |   numpy check -> slope 3.21582e-10, intercept 308.446
2026-06-23 16:30:18 | INFO | P07 | Fitting an exponential curve (scipy.optimize.curve_fit)
2026-06-23 16:30:18 | INFO | P07 | Fitted exponential curve:
2026-06-23 16:30:18 | INFO | P07 |   co2 = 2229.28 * exp(0.0234479 * gdp / 1e+12)
2026-06-23 16:30:18 | INFO | P07 | --- Section 6: Predict fitted values and an example value ---
2026-06-23 16:30:18 | INFO | P07 | Computing fitted values for every observed row
2026-06-23 16:30:18 | INFO | P07 | Predicting CO2 emissions for one example GDP value
2026-06-23 16:30:18 | DEBUG | P07 |   example gdp: 1e+12
2026-06-23 16:30:18 | DEBUG | P07 |   predicted co2: 630.029
2026-06-23 16:30:18 | INFO | P07 | --- Section 7: Examine the fit (residuals, R-squared, RMSE) ---
2026-06-23 16:30:18 | INFO | P07 | Computing residuals (actual - fitted)
2026-06-23 16:30:18 | INFO | P07 | Fit numbers (requires interpretation):
2026-06-23 16:30:18 | DEBUG | P07 |   R-squared: 0.9562
2026-06-23 16:30:18 | DEBUG | P07 |   RMSE:      1352.43  (in units of CO2 emissions)
2026-06-23 16:30:18 | DEBUG | P07 |   residual min:  -4622.56
2026-06-23 16:30:18 | DEBUG | P07 |   residual max:  8584.86
2026-06-23 16:30:18 | DEBUG | P07 |   residual mean: 5.90581e-14
2026-06-23 16:30:18 | INFO | P07 | 
CUSTOM: Update these notes and use Markdown cells to narrate what you see.

How to read these (this is YOUR judgment, not the script's):

 - R-squared near 1: the line accounts for most of the variation in y.
 - R-squared near 0: the line accounts for almost none.
 - RMSE: the typical distance between a point and the line, in y's units.
 - Residual plot:
   - if a straight line fits well, residuals
     scatter randomly around 0 with no pattern.
   - A curve,
   - a funnel (spread that grows or shrinks),
   - or clusters are signs a straight line
     is NOT the right description, which can be a useful finding.

There is no threshold that decides this for you.
Look at the numbers and the plots together and
write down what you conclude.

2026-06-23 16:30:18 | INFO | P07 | Computing residuals for the exponential fit
2026-06-23 16:30:18 | INFO | P07 | Exponential fit numbers (requires interpretation):
2026-06-23 16:30:18 | DEBUG | P07 |   co2 = 2229.28 * exp(0.0234479 * gdp)
2026-06-23 16:30:18 | DEBUG | P07 |   R-squared: 0.8030
2026-06-23 16:30:18 | DEBUG | P07 |   RMSE:      2869.13  (in units of CO2 emissions)
2026-06-23 16:30:18 | DEBUG | P07 |   residual min:  -9585.33
2026-06-23 16:30:18 | DEBUG | P07 |   residual max:  16617.2
2026-06-23 16:30:18 | DEBUG | P07 |   residual mean:  -407.977
2026-06-23 16:30:18 | INFO | P07 | --- Section 8: Charts ---
2026-06-23 16:30:18 | INFO | P07 | ---- Creating Scatter Plot with Fitted Line ----------
2026-06-23 16:30:18 | INFO | P07 | ----   Set x to GDP -----------------------
2026-06-23 16:30:18 | INFO | P07 | ----   Set y to CO2 emissions -------------------------
2026-06-23 16:30:18 | INFO | P07 | ------ Creating Residual Plot --------------------------
2026-06-23 16:30:18 | INFO | P07 | ------   Set x to GDP ----------------------
2026-06-23 16:30:18 | INFO | P07 | ------   Set y to the residual (actual - fitted) -------
2026-06-23 16:30:18 | INFO | P07 | ---- Creating Scatter Plot with Fitted Line ----------
2026-06-23 16:30:18 | INFO | P07 | ----   Set x to GDP -----------------------
2026-06-23 16:30:18 | INFO | P07 | ----   Set y to CO2 emissions -------------------------
2026-06-23 16:30:18 | INFO | P07 | ------ Creating Residual Plot --------------------------
2026-06-23 16:30:18 | INFO | P07 | ------   Set x to GDP ----------------------
2026-06-23 16:30:18 | INFO | P07 | ------   Set y to the residual (actual - fitted) -------
2026-06-23 16:30:18 | INFO | P07 | --- Section 9: Summary and next steps ---
2026-06-23 16:30:18 | INFO | P07 | ========================
2026-06-23 16:30:18 | INFO | P07 | SUMMARY
2026-06-23 16:30:18 | INFO | P07 | ========================
2026-06-23 16:30:18 | INFO | P07 | Dataset: owid-co2-data-subset
2026-06-23 16:30:18 | INFO | P07 | Feature (x): gdp
2026-06-23 16:30:18 | INFO | P07 | Target  (y): co2
2026-06-23 16:30:18 | INFO | P07 | Original rows: 350
2026-06-23 16:30:18 | INFO | P07 | Model rows:    308
2026-06-23 16:30:18 | INFO | P07 | Fitted line:
2026-06-23 16:30:18 | INFO | P07 |   co2 = 3.21582e-10 * gdp + 308.446
2026-06-23 16:30:18 | INFO | P07 | ======================
2026-06-23 16:30:18 | INFO | P07 | Review the fit numbers (R-squared, RMSE). 
2026-06-23 16:30:18 | INFO | P07 | Look at the fitted-line plot and the residual plot. 
2026-06-23 16:30:19 | INFO | P07 | Decide if a `straight line` is a fair description. 
2026-06-23 16:30:19 | INFO | P07 | If the residuals DO show a pattern (e.g. curve, funnel, clusters),
2026-06-23 16:30:19 | INFO | P07 | then a straight line is NOT a good description. 
2026-06-23 16:30:19 | INFO | P07 | If the residuals DO NOT show a pattern,
2026-06-23 16:30:19 | INFO | P07 | then a straight line MIGHT be a good description. 
2026-06-23 16:30:19 | INFO | P07 | Either way, the findings may be valuable.
2026-06-23 16:30:19 | INFO | P07 | ======================
2026-06-23 16:30:19 | INFO | P07 | Repeat with a different feature, or a transformed feature, 
2026-06-23 16:30:19 | INFO | P07 | to investigate other options.
2026-06-23 16:30:19 | INFO | P07 | ======================
2026-06-23 16:30:19 | INFO | P07 | Include instructions and specifics in your README.md file.
2026-06-23 16:30:19 | INFO | P07 | Write up your narrative on your docs/index.md file.
2026-06-23 16:30:19 | INFO | P07 | Include your next step suggestions for further analysis or modeling.
2026-06-23 16:30:19 | INFO | P07 | ======================
2026-06-23 16:30:19 | INFO | P07 | ----- in a script, call plt.show() once at the end to display all charts -----
2026-06-23 16:30:19 | INFO | P07 | ----- in a script, close the chart windows (with the close button) to continue  -----
2026-06-23 16:30:33 | INFO | P07 | Linear regression workflow complete
2026-06-23 16:30:33 | INFO | P07 | IMPORTANT: This script creates chart windows.
2026-06-23 16:30:33 | INFO | P07 | Close any chart windows and terminate this process with CTRL+c as needed.
2026-06-23 16:30:33 | INFO | P07 | ========================
2026-06-23 16:30:33 | INFO | P07 | Executed successfully!
2026-06-23 16:30:33 | INFO | P07 | ========================
2026-06-23 16:33:22 | INFO | P07 | === RUN START ===
2026-06-23 16:33:22 | INFO | P07 | project=P07
2026-06-23 16:33:22 | INFO | P07 | repo_dir=datafun-07-regression
2026-06-23 16:33:22 | INFO | P07 | python=3.14.5
2026-06-23 16:33:22 | INFO | P07 | os=Windows 11
2026-06-23 16:33:22 | INFO | P07 | shell=powershell
2026-06-23 16:33:22 | INFO | P07 | cwd=.
2026-06-23 16:33:22 | INFO | P07 | github_actions=False
2026-06-23 16:33:22 | INFO | P07 | === RUN START ===
2026-06-23 16:33:22 | INFO | P07 | project=REGRESSION
2026-06-23 16:33:22 | INFO | P07 | repo_dir=datafun-07-regression
2026-06-23 16:33:22 | INFO | P07 | python=3.14.5
2026-06-23 16:33:22 | INFO | P07 | os=Windows 11
2026-06-23 16:33:22 | INFO | P07 | shell=powershell
2026-06-23 16:33:22 | INFO | P07 | cwd=.
2026-06-23 16:33:22 | INFO | P07 | github_actions=False
2026-06-23 16:33:22 | INFO | P07 | ========================
2026-06-23 16:33:22 | INFO | P07 | START main()
2026-06-23 16:33:22 | INFO | P07 | ========================
2026-06-23 16:33:22 | INFO | P07 | --- Section 2: Load dataset: owid-co2-data-subset ---
2026-06-23 16:33:22 | INFO | P07 | Loading dataset: owid-co2-data-subset
2026-06-23 16:33:22 | INFO | P07 | Loaded: 350 rows, 14 columns
2026-06-23 16:33:22 | INFO | P07 | --- Section 3: Prepare a modeling view (feature + target) ---
2026-06-23 16:33:22 | INFO | P07 | Creating modeling view (dropping rows missing feature or target)
2026-06-23 16:33:22 | DEBUG | P07 | Columns required to be non-missing: ['gdp', 'co2']
2026-06-23 16:33:22 | INFO | P07 | Original rows: 350
2026-06-23 16:33:22 | INFO | P07 | Model rows:    308
2026-06-23 16:33:22 | INFO | P07 | Rows dropped:  42
2026-06-23 16:33:22 | INFO | P07 | --- Section 4: Build feature matrix X and target vector y ---
2026-06-23 16:33:22 | INFO | P07 | Building feature matrix X and target vector y
2026-06-23 16:33:22 | DEBUG | P07 | X shape: (308, 1)  (rows, features)
2026-06-23 16:33:22 | DEBUG | P07 | y shape: (308,)  (rows,)
2026-06-23 16:33:22 | INFO | P07 | --- Section 5: Fit a straight line, exponential curve, and logarithmic curve (numpy and scikit-learn) ---
2026-06-23 16:33:22 | INFO | P07 | Fitting a linear regression (scikit-learn)
2026-06-23 16:33:22 | DEBUG | P07 |   slope:     3.21582e-10
2026-06-23 16:33:22 | DEBUG | P07 |   intercept: 308.446
2026-06-23 16:33:22 | INFO | P07 | Fitted line:
2026-06-23 16:33:22 | INFO | P07 |   co2 = 3.21582e-10 * gdp + 308.446
2026-06-23 16:33:22 | DEBUG | P07 |   numpy check -> slope 3.21582e-10, intercept 308.446
2026-06-23 16:33:22 | INFO | P07 | Fitting an exponential curve (scipy.optimize.curve_fit)
2026-06-23 16:33:22 | INFO | P07 | Fitted exponential curve:
2026-06-23 16:33:22 | INFO | P07 |   co2 = 2229.28 * exp(0.0234479 * gdp / 1e+12)
2026-06-23 16:33:22 | INFO | P07 | Fitting a logarithmic curve (scipy.optimize.curve_fit)
2026-06-23 16:33:22 | INFO | P07 | Fitted logarithmic curve:
2026-06-23 16:33:22 | INFO | P07 |   co2 = 5301.81 * log(4.49518e-13 * gdp)
2026-06-23 16:33:22 | INFO | P07 | --- Section 6: Predict fitted values and an example value ---
2026-06-23 16:33:22 | INFO | P07 | Computing fitted values for every observed row
2026-06-23 16:33:22 | INFO | P07 | Predicting CO2 emissions for one example GDP value
2026-06-23 16:33:22 | DEBUG | P07 |   example gdp: 1e+12
2026-06-23 16:33:22 | DEBUG | P07 |   predicted co2: 630.029
2026-06-23 16:33:22 | INFO | P07 | --- Section 7: Examine the fit (residuals, R-squared, RMSE) ---
2026-06-23 16:33:22 | INFO | P07 | Computing residuals (actual - fitted)
2026-06-23 16:33:22 | INFO | P07 | Fit numbers (requires interpretation):
2026-06-23 16:33:22 | DEBUG | P07 |   R-squared: 0.9562
2026-06-23 16:33:22 | DEBUG | P07 |   RMSE:      1352.43  (in units of CO2 emissions)
2026-06-23 16:33:22 | DEBUG | P07 |   residual min:  -4622.56
2026-06-23 16:33:22 | DEBUG | P07 |   residual max:  8584.86
2026-06-23 16:33:22 | DEBUG | P07 |   residual mean: 5.90581e-14
2026-06-23 16:33:22 | INFO | P07 | 
CUSTOM: Update these notes and use Markdown cells to narrate what you see.

How to read these (this is YOUR judgment, not the script's):

 - R-squared near 1: the line accounts for most of the variation in y.
 - R-squared near 0: the line accounts for almost none.
 - RMSE: the typical distance between a point and the line, in y's units.
 - Residual plot:
   - if a straight line fits well, residuals
     scatter randomly around 0 with no pattern.
   - A curve,
   - a funnel (spread that grows or shrinks),
   - or clusters are signs a straight line
     is NOT the right description, which can be a useful finding.

There is no threshold that decides this for you.
Look at the numbers and the plots together and
write down what you conclude.

2026-06-23 16:33:22 | INFO | P07 | Computing residuals for the exponential fit
2026-06-23 16:33:22 | INFO | P07 | Exponential fit numbers (requires interpretation):
2026-06-23 16:33:22 | DEBUG | P07 |   co2 = 2229.28 * exp(0.0234479 * gdp)
2026-06-23 16:33:22 | DEBUG | P07 |   R-squared: 0.8030
2026-06-23 16:33:22 | DEBUG | P07 |   RMSE:      2869.13  (in units of CO2 emissions)
2026-06-23 16:33:22 | DEBUG | P07 |   residual min:  -9585.33
2026-06-23 16:33:22 | DEBUG | P07 |   residual max:  16617.2
2026-06-23 16:33:22 | DEBUG | P07 |   residual mean:  -407.977
2026-06-23 16:33:22 | INFO | P07 | Computing residuals for the logarithmic fit
2026-06-23 16:33:22 | INFO | P07 | Logarithmic fit numbers (requires interpretation):
2026-06-23 16:33:22 | DEBUG | P07 |   co2 = 5301.81 * log(4.49518e-13 * gdp)
2026-06-23 16:33:22 | DEBUG | P07 |   R-squared: 0.6851
2026-06-23 16:33:22 | DEBUG | P07 |   RMSE:      3627.04  (in units of CO2 emissions)
2026-06-23 16:33:22 | DEBUG | P07 |   residual min:  -6452.09
2026-06-23 16:33:22 | DEBUG | P07 |   residual max:  15955.7
2026-06-23 16:33:22 | DEBUG | P07 |   residual mean:  1.43369e-06
2026-06-23 16:33:22 | INFO | P07 | --- Section 8: Charts ---
2026-06-23 16:33:22 | INFO | P07 | ---- Creating Scatter Plot with Fitted Line ----------
2026-06-23 16:33:22 | INFO | P07 | ----   Set x to GDP -----------------------
2026-06-23 16:33:22 | INFO | P07 | ----   Set y to CO2 emissions -------------------------
2026-06-23 16:33:22 | INFO | P07 | ------ Creating Residual Plot --------------------------
2026-06-23 16:33:22 | INFO | P07 | ------   Set x to GDP ----------------------
2026-06-23 16:33:22 | INFO | P07 | ------   Set y to the residual (actual - fitted) -------
2026-06-23 16:33:22 | INFO | P07 | ---- Creating Scatter Plot with Fitted Line ----------
2026-06-23 16:33:22 | INFO | P07 | ----   Set x to GDP -----------------------
2026-06-23 16:33:22 | INFO | P07 | ----   Set y to CO2 emissions -------------------------
2026-06-23 16:33:22 | INFO | P07 | ------ Creating Residual Plot --------------------------
2026-06-23 16:33:22 | INFO | P07 | ------   Set x to GDP ----------------------
2026-06-23 16:33:22 | INFO | P07 | ------   Set y to the residual (actual - fitted) -------
2026-06-23 16:33:22 | INFO | P07 | ---- Creating Scatter Plot with Fitted Line ----------
2026-06-23 16:33:22 | INFO | P07 | ----   Set x to GDP -----------------------
2026-06-23 16:33:22 | INFO | P07 | ----   Set y to CO2 emissions -------------------------
2026-06-23 16:33:23 | INFO | P07 | ------ Creating Residual Plot --------------------------
2026-06-23 16:33:23 | INFO | P07 | ------   Set x to GDP ----------------------
2026-06-23 16:33:23 | INFO | P07 | ------   Set y to the residual (actual - fitted) -------
2026-06-23 16:33:23 | INFO | P07 | --- Section 9: Summary and next steps ---
2026-06-23 16:33:23 | INFO | P07 | ========================
2026-06-23 16:33:23 | INFO | P07 | SUMMARY
2026-06-23 16:33:23 | INFO | P07 | ========================
2026-06-23 16:33:23 | INFO | P07 | Dataset: owid-co2-data-subset
2026-06-23 16:33:23 | INFO | P07 | Feature (x): gdp
2026-06-23 16:33:23 | INFO | P07 | Target  (y): co2
2026-06-23 16:33:23 | INFO | P07 | Original rows: 350
2026-06-23 16:33:23 | INFO | P07 | Model rows:    308
2026-06-23 16:33:23 | INFO | P07 | Fitted line:
2026-06-23 16:33:23 | INFO | P07 |   co2 = 3.21582e-10 * gdp + 308.446
2026-06-23 16:33:23 | INFO | P07 | ======================
2026-06-23 16:33:23 | INFO | P07 | Review the fit numbers (R-squared, RMSE). 
2026-06-23 16:33:23 | INFO | P07 | Look at the fitted-line plot and the residual plot. 
2026-06-23 16:33:23 | INFO | P07 | Decide if a `straight line` is a fair description. 
2026-06-23 16:33:23 | INFO | P07 | If the residuals DO show a pattern (e.g. curve, funnel, clusters),
2026-06-23 16:33:23 | INFO | P07 | then a straight line is NOT a good description. 
2026-06-23 16:33:23 | INFO | P07 | If the residuals DO NOT show a pattern,
2026-06-23 16:33:23 | INFO | P07 | then a straight line MIGHT be a good description. 
2026-06-23 16:33:23 | INFO | P07 | Either way, the findings may be valuable.
2026-06-23 16:33:23 | INFO | P07 | ======================
2026-06-23 16:33:23 | INFO | P07 | Repeat with a different feature, or a transformed feature, 
2026-06-23 16:33:23 | INFO | P07 | to investigate other options.
2026-06-23 16:33:23 | INFO | P07 | ======================
2026-06-23 16:33:23 | INFO | P07 | Include instructions and specifics in your README.md file.
2026-06-23 16:33:23 | INFO | P07 | Write up your narrative on your docs/index.md file.
2026-06-23 16:33:23 | INFO | P07 | Include your next step suggestions for further analysis or modeling.
2026-06-23 16:33:23 | INFO | P07 | ======================
2026-06-23 16:33:23 | INFO | P07 | ----- in a script, call plt.show() once at the end to display all charts -----
2026-06-23 16:33:23 | INFO | P07 | ----- in a script, close the chart windows (with the close button) to continue  -----
2026-06-23 16:33:59 | INFO | P07 | Linear regression workflow complete
2026-06-23 16:33:59 | INFO | P07 | IMPORTANT: This script creates chart windows.
2026-06-23 16:33:59 | INFO | P07 | Close any chart windows and terminate this process with CTRL+c as needed.
2026-06-23 16:33:59 | INFO | P07 | ========================
2026-06-23 16:33:59 | INFO | P07 | Executed successfully!
2026-06-23 16:33:59 | INFO | P07 | ========================
2026-06-23 16:35:35 | INFO | P07 | === RUN START ===
2026-06-23 16:35:35 | INFO | P07 | project=P07
2026-06-23 16:35:35 | INFO | P07 | repo_dir=datafun-07-regression
2026-06-23 16:35:35 | INFO | P07 | python=3.14.5
2026-06-23 16:35:35 | INFO | P07 | os=Windows 11
2026-06-23 16:35:35 | INFO | P07 | shell=powershell
2026-06-23 16:35:35 | INFO | P07 | cwd=.
2026-06-23 16:35:35 | INFO | P07 | github_actions=False
2026-06-23 16:35:35 | INFO | P07 | === RUN START ===
2026-06-23 16:35:35 | INFO | P07 | project=REGRESSION
2026-06-23 16:35:35 | INFO | P07 | repo_dir=datafun-07-regression
2026-06-23 16:35:35 | INFO | P07 | python=3.14.5
2026-06-23 16:35:35 | INFO | P07 | os=Windows 11
2026-06-23 16:35:35 | INFO | P07 | shell=powershell
2026-06-23 16:35:35 | INFO | P07 | cwd=.
2026-06-23 16:35:35 | INFO | P07 | github_actions=False
2026-06-23 16:35:35 | INFO | P07 | ========================
2026-06-23 16:35:35 | INFO | P07 | START main()
2026-06-23 16:35:35 | INFO | P07 | ========================
2026-06-23 16:35:35 | INFO | P07 | --- Section 2: Load dataset: owid-co2-data-subset ---
2026-06-23 16:35:35 | INFO | P07 | Loading dataset: owid-co2-data-subset
2026-06-23 16:35:35 | INFO | P07 | Loaded: 350 rows, 14 columns
2026-06-23 16:35:35 | INFO | P07 | --- Section 3: Prepare a modeling view (feature + target) ---
2026-06-23 16:35:35 | INFO | P07 | Creating modeling view (dropping rows missing feature or target)
2026-06-23 16:35:35 | DEBUG | P07 | Columns required to be non-missing: ['gdp', 'co2']
2026-06-23 16:35:35 | INFO | P07 | Original rows: 350
2026-06-23 16:35:35 | INFO | P07 | Model rows:    308
2026-06-23 16:35:35 | INFO | P07 | Rows dropped:  42
2026-06-23 16:35:35 | INFO | P07 | --- Section 4: Build feature matrix X and target vector y ---
2026-06-23 16:35:35 | INFO | P07 | Building feature matrix X and target vector y
2026-06-23 16:35:35 | DEBUG | P07 | X shape: (308, 1)  (rows, features)
2026-06-23 16:35:35 | DEBUG | P07 | y shape: (308,)  (rows,)
2026-06-23 16:35:35 | INFO | P07 | --- Section 5: Fit a straight line, exponential curve, and logarithmic curve (numpy and scikit-learn) ---
2026-06-23 16:35:35 | INFO | P07 | Fitting a linear regression (scikit-learn)
2026-06-23 16:35:35 | DEBUG | P07 |   slope:     3.21582e-10
2026-06-23 16:35:35 | DEBUG | P07 |   intercept: 308.446
2026-06-23 16:35:35 | INFO | P07 | Fitted line:
2026-06-23 16:35:35 | INFO | P07 |   co2 = 3.21582e-10 * gdp + 308.446
2026-06-23 16:35:35 | DEBUG | P07 |   numpy check -> slope 3.21582e-10, intercept 308.446
2026-06-23 16:35:35 | INFO | P07 | Fitting an exponential curve (scipy.optimize.curve_fit)
2026-06-23 16:35:35 | INFO | P07 | Fitted exponential curve:
2026-06-23 16:35:35 | INFO | P07 |   co2 = 2229.28 * exp(0.0234479 * gdp / 1e+12)
2026-06-23 16:35:35 | INFO | P07 | Fitting a logarithmic curve (scipy.optimize.curve_fit)
2026-06-23 16:35:35 | INFO | P07 | Fitted logarithmic curve:
2026-06-23 16:35:35 | INFO | P07 |   co2 = 5301.81 * log(4.49518e-13 * gdp)
2026-06-23 16:35:35 | INFO | P07 | --- Section 6: Predict fitted values and an example value ---
2026-06-23 16:35:35 | INFO | P07 | Computing fitted values for every observed row
2026-06-23 16:35:35 | INFO | P07 | Predicting CO2 emissions for one example GDP value
2026-06-23 16:35:35 | DEBUG | P07 |   example gdp: 1e+12
2026-06-23 16:35:35 | DEBUG | P07 |   predicted co2: 630.029
2026-06-23 16:35:35 | INFO | P07 | --- Section 7: Examine the fit (residuals, R-squared, RMSE) ---
2026-06-23 16:35:35 | INFO | P07 | Computing residuals (actual - fitted)
2026-06-23 16:35:35 | INFO | P07 | Fit numbers (requires interpretation):
2026-06-23 16:35:35 | DEBUG | P07 |   R-squared: 0.9562
2026-06-23 16:35:35 | DEBUG | P07 |   RMSE:      1352.43  (in units of CO2 emissions)
2026-06-23 16:35:35 | DEBUG | P07 |   residual min:  -4622.56
2026-06-23 16:35:35 | DEBUG | P07 |   residual max:  8584.86
2026-06-23 16:35:35 | DEBUG | P07 |   residual mean: 5.90581e-14
2026-06-23 16:35:35 | INFO | P07 | 
CUSTOM: Update these notes and use Markdown cells to narrate what you see.

How to read these (this is YOUR judgment, not the script's):

 - R-squared near 1: the line accounts for most of the variation in y.
 - R-squared near 0: the line accounts for almost none.
 - RMSE: the typical distance between a point and the line, in y's units.
 - Residual plot:
   - if a straight line fits well, residuals
     scatter randomly around 0 with no pattern.
   - A curve,
   - a funnel (spread that grows or shrinks),
   - or clusters are signs a straight line
     is NOT the right description, which can be a useful finding.

There is no threshold that decides this for you.
Look at the numbers and the plots together and
write down what you conclude.

2026-06-23 16:35:35 | INFO | P07 | Computing residuals for the exponential fit
2026-06-23 16:35:35 | INFO | P07 | Exponential fit numbers (requires interpretation):
2026-06-23 16:35:35 | DEBUG | P07 |   co2 = 2229.28 * exp(0.0234479 * gdp)
2026-06-23 16:35:35 | DEBUG | P07 |   R-squared: 0.8030
2026-06-23 16:35:35 | DEBUG | P07 |   RMSE:      2869.13  (in units of CO2 emissions)
2026-06-23 16:35:35 | DEBUG | P07 |   residual min:  -9585.33
2026-06-23 16:35:35 | DEBUG | P07 |   residual max:  16617.2
2026-06-23 16:35:35 | DEBUG | P07 |   residual mean:  -407.977
2026-06-23 16:35:35 | INFO | P07 | Computing residuals for the logarithmic fit
2026-06-23 16:35:35 | INFO | P07 | Logarithmic fit numbers (requires interpretation):
2026-06-23 16:35:35 | DEBUG | P07 |   co2 = 5301.81 * log(4.49518e-13 * gdp)
2026-06-23 16:35:35 | DEBUG | P07 |   R-squared: 0.6851
2026-06-23 16:35:35 | DEBUG | P07 |   RMSE:      3627.04  (in units of CO2 emissions)
2026-06-23 16:35:35 | DEBUG | P07 |   residual min:  -6452.09
2026-06-23 16:35:35 | DEBUG | P07 |   residual max:  15955.7
2026-06-23 16:35:35 | DEBUG | P07 |   residual mean:  1.43369e-06
2026-06-23 16:35:35 | INFO | P07 | --- Section 8: Charts ---
2026-06-23 16:35:35 | INFO | P07 | ---- Creating Scatter Plot with Fitted Line ----------
2026-06-23 16:35:35 | INFO | P07 | ----   Set x to GDP -----------------------
2026-06-23 16:35:35 | INFO | P07 | ----   Set y to CO2 emissions -------------------------
2026-06-23 16:35:35 | INFO | P07 | ------ Creating Residual Plot --------------------------
2026-06-23 16:35:35 | INFO | P07 | ------   Set x to GDP ----------------------
2026-06-23 16:35:35 | INFO | P07 | ------   Set y to the residual (actual - fitted) -------
2026-06-23 16:35:36 | INFO | P07 | ---- Creating Scatter Plot with Fitted Line ----------
2026-06-23 16:35:36 | INFO | P07 | ----   Set x to GDP -----------------------
2026-06-23 16:35:36 | INFO | P07 | ----   Set y to CO2 emissions -------------------------
2026-06-23 16:35:36 | INFO | P07 | ------ Creating Residual Plot --------------------------
2026-06-23 16:35:36 | INFO | P07 | ------   Set x to GDP ----------------------
2026-06-23 16:35:36 | INFO | P07 | ------   Set y to the residual (actual - fitted) -------
2026-06-23 16:35:36 | INFO | P07 | ---- Creating Scatter Plot with Fitted Line ----------
2026-06-23 16:35:36 | INFO | P07 | ----   Set x to GDP -----------------------
2026-06-23 16:35:36 | INFO | P07 | ----   Set y to CO2 emissions -------------------------
2026-06-23 16:35:36 | INFO | P07 | ------ Creating Residual Plot --------------------------
2026-06-23 16:35:36 | INFO | P07 | ------   Set x to GDP ----------------------
2026-06-23 16:35:36 | INFO | P07 | ------   Set y to the residual (actual - fitted) -------
2026-06-23 16:35:36 | INFO | P07 | --- Section 9: Summary and next steps ---
2026-06-23 16:35:36 | INFO | P07 | ========================
2026-06-23 16:35:36 | INFO | P07 | SUMMARY
2026-06-23 16:35:36 | INFO | P07 | ========================
2026-06-23 16:35:36 | INFO | P07 | Dataset: owid-co2-data-subset
2026-06-23 16:35:36 | INFO | P07 | Feature (x): gdp
2026-06-23 16:35:36 | INFO | P07 | Target  (y): co2
2026-06-23 16:35:36 | INFO | P07 | Original rows: 350
2026-06-23 16:35:36 | INFO | P07 | Model rows:    308
2026-06-23 16:35:36 | INFO | P07 | Fitted line:
2026-06-23 16:35:36 | INFO | P07 |   co2 = 3.21582e-10 * gdp + 308.446
2026-06-23 16:35:36 | INFO | P07 | ======================
2026-06-23 16:35:36 | INFO | P07 | Review the fit numbers (R-squared, RMSE). 
2026-06-23 16:35:36 | INFO | P07 | Look at the fitted-line plot and the residual plot. 
2026-06-23 16:35:36 | INFO | P07 | Decide if a `straight line` is a fair description. 
2026-06-23 16:35:36 | INFO | P07 | If the residuals DO show a pattern (e.g. curve, funnel, clusters),
2026-06-23 16:35:36 | INFO | P07 | then a straight line is NOT a good description. 
2026-06-23 16:35:36 | INFO | P07 | If the residuals DO NOT show a pattern,
2026-06-23 16:35:36 | INFO | P07 | then a straight line MIGHT be a good description. 
2026-06-23 16:35:36 | INFO | P07 | Either way, the findings may be valuable.
2026-06-23 16:35:36 | INFO | P07 | ======================
2026-06-23 16:35:36 | INFO | P07 | Repeat with a different feature, or a transformed feature, 
2026-06-23 16:35:36 | INFO | P07 | to investigate other options.
2026-06-23 16:35:36 | INFO | P07 | ======================
2026-06-23 16:35:36 | INFO | P07 | Include instructions and specifics in your README.md file.
2026-06-23 16:35:36 | INFO | P07 | Write up your narrative on your docs/index.md file.
2026-06-23 16:35:36 | INFO | P07 | Include your next step suggestions for further analysis or modeling.
2026-06-23 16:35:36 | INFO | P07 | ======================
2026-06-23 16:35:36 | INFO | P07 | ----- in a script, call plt.show() once at the end to display all charts -----
2026-06-23 16:35:36 | INFO | P07 | ----- in a script, close the chart windows (with the close button) to continue  -----
2026-06-23 16:36:17 | INFO | P07 | Linear regression workflow complete
2026-06-23 16:36:17 | INFO | P07 | IMPORTANT: This script creates chart windows.
2026-06-23 16:36:17 | INFO | P07 | Close any chart windows and terminate this process with CTRL+c as needed.
2026-06-23 16:36:17 | INFO | P07 | ========================
2026-06-23 16:36:17 | INFO | P07 | Executed successfully!
2026-06-23 16:36:17 | INFO | P07 | ========================
2026-06-23 16:42:36 | INFO | P07 | === RUN START ===
2026-06-23 16:42:36 | INFO | P07 | project=P07
2026-06-23 16:42:36 | INFO | P07 | repo_dir=datafun-07-regression
2026-06-23 16:42:36 | INFO | P07 | python=3.14.5
2026-06-23 16:42:36 | INFO | P07 | os=Windows 11
2026-06-23 16:42:36 | INFO | P07 | shell=powershell
2026-06-23 16:42:36 | INFO | P07 | cwd=.
2026-06-23 16:42:36 | INFO | P07 | github_actions=False
2026-06-23 16:42:36 | INFO | P07 | === RUN START ===
2026-06-23 16:42:36 | INFO | P07 | project=REGRESSION
2026-06-23 16:42:36 | INFO | P07 | repo_dir=datafun-07-regression
2026-06-23 16:42:36 | INFO | P07 | python=3.14.5
2026-06-23 16:42:36 | INFO | P07 | os=Windows 11
2026-06-23 16:42:36 | INFO | P07 | shell=powershell
2026-06-23 16:42:36 | INFO | P07 | cwd=.
2026-06-23 16:42:36 | INFO | P07 | github_actions=False
2026-06-23 16:42:36 | INFO | P07 | ========================
2026-06-23 16:42:36 | INFO | P07 | START main()
2026-06-23 16:42:36 | INFO | P07 | ========================
2026-06-23 16:42:36 | INFO | P07 | --- Section 2: Load dataset: owid-co2-data-subset ---
2026-06-23 16:42:36 | INFO | P07 | Loading dataset: owid-co2-data-subset
2026-06-23 16:42:36 | INFO | P07 | Loaded: 350 rows, 14 columns
2026-06-23 16:42:36 | INFO | P07 | --- Section 3: Prepare a modeling view (feature + target) ---
2026-06-23 16:42:36 | INFO | P07 | Creating modeling view (dropping rows missing feature or target)
2026-06-23 16:42:36 | DEBUG | P07 | Columns required to be non-missing: ['gdp', 'co2']
2026-06-23 16:42:36 | INFO | P07 | Original rows: 350
2026-06-23 16:42:36 | INFO | P07 | Model rows:    308
2026-06-23 16:42:36 | INFO | P07 | Rows dropped:  42
2026-06-23 16:42:36 | INFO | P07 | --- Section 4: Build feature matrix X and target vector y ---
2026-06-23 16:42:36 | INFO | P07 | Building feature matrix X and target vector y
2026-06-23 16:42:36 | DEBUG | P07 | X shape: (308, 1)  (rows, features)
2026-06-23 16:42:36 | DEBUG | P07 | y shape: (308,)  (rows,)
2026-06-23 16:42:36 | INFO | P07 | --- Section 5: Fit a straight line, exponential curve, and logarithmic curve (numpy and scikit-learn) ---
2026-06-23 16:42:36 | INFO | P07 | Fitting a linear regression (scikit-learn)
2026-06-23 16:42:36 | DEBUG | P07 |   slope:     3.21582e-10
2026-06-23 16:42:36 | DEBUG | P07 |   intercept: 308.446
2026-06-23 16:42:36 | INFO | P07 | Fitted line:
2026-06-23 16:42:36 | INFO | P07 |   co2 = 3.21582e-10 * gdp + 308.446
2026-06-23 16:42:36 | DEBUG | P07 |   numpy check -> slope 3.21582e-10, intercept 308.446
2026-06-23 16:42:36 | INFO | P07 | Fitting an exponential curve (scipy.optimize.curve_fit)
2026-06-23 16:42:36 | INFO | P07 | Fitted exponential curve:
2026-06-23 16:42:36 | INFO | P07 |   co2 = 2229.28 * exp(0.0234479 * gdp / 1e+12)
2026-06-23 16:42:36 | INFO | P07 | Fitting a logarithmic curve (scipy.optimize.curve_fit)
2026-06-23 16:42:36 | INFO | P07 | Fitted logarithmic curve:
2026-06-23 16:42:36 | INFO | P07 |   co2 = 5301.81 * log(4.49518e-13 * gdp)
2026-06-23 16:42:36 | INFO | P07 | --- Section 6: Predict fitted values and an example value ---
2026-06-23 16:42:36 | INFO | P07 | Computing fitted values for every observed row
2026-06-23 16:42:36 | INFO | P07 | Predicting CO2 emissions for one example GDP value
2026-06-23 16:42:36 | DEBUG | P07 |   example gdp: 1e+12
2026-06-23 16:42:36 | DEBUG | P07 |   predicted co2: 630.029
2026-06-23 16:42:36 | INFO | P07 | --- Section 7: Examine the fit (residuals, R-squared, RMSE) ---
2026-06-23 16:42:36 | INFO | P07 | Computing residuals (actual - fitted)
2026-06-23 16:42:36 | INFO | P07 | Fit numbers (requires interpretation):
2026-06-23 16:42:36 | DEBUG | P07 |   R-squared: 0.9562
2026-06-23 16:42:36 | DEBUG | P07 |   RMSE:      1352.43  (in units of CO2 emissions)
2026-06-23 16:42:36 | DEBUG | P07 |   residual min:  -4622.56
2026-06-23 16:42:36 | DEBUG | P07 |   residual max:  8584.86
2026-06-23 16:42:36 | DEBUG | P07 |   residual mean: 5.90581e-14
2026-06-23 16:42:36 | INFO | P07 | 
Linear Regression Fit Numbers (requires interpretation):
             R-squared is near 1, indicating the line accounts for most of the variation in y.
             Residual plot shows clustering of residuals, indicating a straight line is not the right description.

2026-06-23 16:42:36 | INFO | P07 | Computing residuals for the exponential fit
2026-06-23 16:42:36 | INFO | P07 | Exponential fit numbers (requires interpretation):
2026-06-23 16:42:36 | DEBUG | P07 |   co2 = 2229.28 * exp(0.0234479 * gdp)
2026-06-23 16:42:36 | DEBUG | P07 |   R-squared: 0.8030
2026-06-23 16:42:36 | DEBUG | P07 |   RMSE:      2869.13  (in units of CO2 emissions)
2026-06-23 16:42:36 | DEBUG | P07 |   residual min:  -9585.33
2026-06-23 16:42:36 | DEBUG | P07 |   residual max:  16617.2
2026-06-23 16:42:36 | DEBUG | P07 |   residual mean:  -407.977
2026-06-23 16:42:36 | INFO | P07 | Computing residuals for the logarithmic fit
2026-06-23 16:42:36 | INFO | P07 | Logarithmic fit numbers (requires interpretation):
2026-06-23 16:42:36 | DEBUG | P07 |   co2 = 5301.81 * log(4.49518e-13 * gdp)
2026-06-23 16:42:36 | DEBUG | P07 |   R-squared: 0.6851
2026-06-23 16:42:36 | DEBUG | P07 |   RMSE:      3627.04  (in units of CO2 emissions)
2026-06-23 16:42:36 | DEBUG | P07 |   residual min:  -6452.09
2026-06-23 16:42:36 | DEBUG | P07 |   residual max:  15955.7
2026-06-23 16:42:36 | DEBUG | P07 |   residual mean:  1.43369e-06
2026-06-23 16:42:36 | INFO | P07 | --- Section 8: Charts ---
2026-06-23 16:42:36 | INFO | P07 | ---- Creating Scatter Plot with Fitted Line ----------
2026-06-23 16:42:36 | INFO | P07 | ----   Set x to GDP -----------------------
2026-06-23 16:42:36 | INFO | P07 | ----   Set y to CO2 emissions -------------------------
2026-06-23 16:42:36 | INFO | P07 | ------ Creating Residual Plot --------------------------
2026-06-23 16:42:36 | INFO | P07 | ------   Set x to GDP ----------------------
2026-06-23 16:42:36 | INFO | P07 | ------   Set y to the residual (actual - fitted) -------
2026-06-23 16:42:36 | INFO | P07 | ---- Creating Scatter Plot with Fitted Line ----------
2026-06-23 16:42:36 | INFO | P07 | ----   Set x to GDP -----------------------
2026-06-23 16:42:36 | INFO | P07 | ----   Set y to CO2 emissions -------------------------
2026-06-23 16:42:36 | INFO | P07 | ------ Creating Residual Plot --------------------------
2026-06-23 16:42:36 | INFO | P07 | ------   Set x to GDP ----------------------
2026-06-23 16:42:36 | INFO | P07 | ------   Set y to the residual (actual - fitted) -------
2026-06-23 16:42:36 | INFO | P07 | ---- Creating Scatter Plot with Fitted Line ----------
2026-06-23 16:42:36 | INFO | P07 | ----   Set x to GDP -----------------------
2026-06-23 16:42:36 | INFO | P07 | ----   Set y to CO2 emissions -------------------------
2026-06-23 16:42:36 | INFO | P07 | ------ Creating Residual Plot --------------------------
2026-06-23 16:42:36 | INFO | P07 | ------   Set x to GDP ----------------------
2026-06-23 16:42:36 | INFO | P07 | ------   Set y to the residual (actual - fitted) -------
2026-06-23 16:42:36 | INFO | P07 | --- Section 9: Summary and next steps ---
2026-06-23 16:42:36 | INFO | P07 | ========================
2026-06-23 16:42:36 | INFO | P07 | SUMMARY
2026-06-23 16:42:36 | INFO | P07 | ========================
2026-06-23 16:42:36 | INFO | P07 | Dataset: owid-co2-data-subset
2026-06-23 16:42:36 | INFO | P07 | Feature (x): gdp
2026-06-23 16:42:36 | INFO | P07 | Target  (y): co2
2026-06-23 16:42:36 | INFO | P07 | Original rows: 350
2026-06-23 16:42:36 | INFO | P07 | Model rows:    308
2026-06-23 16:42:36 | INFO | P07 | Fitted line:
2026-06-23 16:42:36 | INFO | P07 |   co2 = 3.21582e-10 * gdp + 308.446
2026-06-23 16:42:36 | INFO | P07 | ======================
2026-06-23 16:42:36 | INFO | P07 | Review the fit numbers (R-squared, RMSE). 
2026-06-23 16:42:36 | INFO | P07 | Look at the fitted-line plot and the residual plot. 
2026-06-23 16:42:36 | INFO | P07 | Decide if a `straight line` is a fair description. 
2026-06-23 16:42:36 | INFO | P07 | If the residuals DO show a pattern (e.g. curve, funnel, clusters),
2026-06-23 16:42:36 | INFO | P07 | then a straight line is NOT a good description. 
2026-06-23 16:42:36 | INFO | P07 | If the residuals DO NOT show a pattern,
2026-06-23 16:42:36 | INFO | P07 | then a straight line MIGHT be a good description. 
2026-06-23 16:42:36 | INFO | P07 | Either way, the findings may be valuable.
2026-06-23 16:42:36 | INFO | P07 | ======================
2026-06-23 16:42:36 | INFO | P07 | Repeat with a different feature, or a transformed feature, 
2026-06-23 16:42:36 | INFO | P07 | to investigate other options.
2026-06-23 16:42:36 | INFO | P07 | ======================
2026-06-23 16:42:36 | INFO | P07 | Include instructions and specifics in your README.md file.
2026-06-23 16:42:36 | INFO | P07 | Write up your narrative on your docs/index.md file.
2026-06-23 16:42:36 | INFO | P07 | Include your next step suggestions for further analysis or modeling.
2026-06-23 16:42:36 | INFO | P07 | ======================
2026-06-23 16:42:36 | INFO | P07 | ----- in a script, call plt.show() once at the end to display all charts -----
2026-06-23 16:42:36 | INFO | P07 | ----- in a script, close the chart windows (with the close button) to continue  -----
2026-06-23 16:44:50 | INFO | P07 | Linear regression workflow complete
2026-06-23 16:44:50 | INFO | P07 | IMPORTANT: This script creates chart windows.
2026-06-23 16:44:50 | INFO | P07 | Close any chart windows and terminate this process with CTRL+c as needed.
2026-06-23 16:44:50 | INFO | P07 | ========================
2026-06-23 16:44:50 | INFO | P07 | Executed successfully!
2026-06-23 16:44:50 | INFO | P07 | ========================
2026-06-23 16:52:01 | INFO | P07 | === RUN START ===
2026-06-23 16:52:01 | INFO | P07 | project=P07
2026-06-23 16:52:01 | INFO | P07 | repo_dir=datafun-07-regression
2026-06-23 16:52:01 | INFO | P07 | python=3.14.5
2026-06-23 16:52:01 | INFO | P07 | os=Windows 11
2026-06-23 16:52:01 | INFO | P07 | shell=powershell
2026-06-23 16:52:01 | INFO | P07 | cwd=.
2026-06-23 16:52:01 | INFO | P07 | github_actions=False
2026-06-23 16:52:01 | INFO | P07 | === RUN START ===
2026-06-23 16:52:01 | INFO | P07 | project=REGRESSION
2026-06-23 16:52:01 | INFO | P07 | repo_dir=datafun-07-regression
2026-06-23 16:52:01 | INFO | P07 | python=3.14.5
2026-06-23 16:52:01 | INFO | P07 | os=Windows 11
2026-06-23 16:52:01 | INFO | P07 | shell=powershell
2026-06-23 16:52:01 | INFO | P07 | cwd=.
2026-06-23 16:52:01 | INFO | P07 | github_actions=False
2026-06-23 16:52:01 | INFO | P07 | ========================
2026-06-23 16:52:01 | INFO | P07 | START main()
2026-06-23 16:52:01 | INFO | P07 | ========================
2026-06-23 16:52:01 | INFO | P07 | --- Section 2: Load dataset: owid-co2-data-subset ---
2026-06-23 16:52:01 | INFO | P07 | Loading dataset: owid-co2-data-subset
2026-06-23 16:52:01 | INFO | P07 | Loaded: 350 rows, 14 columns
2026-06-23 16:52:01 | INFO | P07 | --- Section 3: Prepare a modeling view (feature + target) ---
2026-06-23 16:52:01 | INFO | P07 | Creating modeling view (dropping rows missing feature or target)
2026-06-23 16:52:01 | DEBUG | P07 | Columns required to be non-missing: ['gdp', 'co2']
2026-06-23 16:52:01 | INFO | P07 | Original rows: 350
2026-06-23 16:52:01 | INFO | P07 | Model rows:    308
2026-06-23 16:52:01 | INFO | P07 | Rows dropped:  42
2026-06-23 16:52:01 | INFO | P07 | --- Section 4: Build feature matrix X and target vector y ---
2026-06-23 16:52:01 | INFO | P07 | Building feature matrix X and target vector y
2026-06-23 16:52:01 | DEBUG | P07 | X shape: (308, 1)  (rows, features)
2026-06-23 16:52:01 | DEBUG | P07 | y shape: (308,)  (rows,)
2026-06-23 16:52:01 | INFO | P07 | --- Section 5: Fit a straight line, exponential curve, and logarithmic curve (numpy and scikit-learn) ---
2026-06-23 16:52:01 | INFO | P07 | Fitting a linear regression (scikit-learn)
2026-06-23 16:52:01 | DEBUG | P07 |   slope:     3.21582e-10
2026-06-23 16:52:01 | DEBUG | P07 |   intercept: 308.446
2026-06-23 16:52:01 | INFO | P07 | Fitted line:
2026-06-23 16:52:01 | INFO | P07 |   co2 = 3.21582e-10 * gdp + 308.446
2026-06-23 16:52:01 | DEBUG | P07 |   numpy check -> slope 3.21582e-10, intercept 308.446
2026-06-23 16:52:01 | INFO | P07 | Fitting an exponential curve (scipy.optimize.curve_fit)
2026-06-23 16:52:01 | INFO | P07 | Fitted exponential curve:
2026-06-23 16:52:01 | INFO | P07 |   co2 = 2229.28 * exp(0.0234479 * gdp / 1e+12)
2026-06-23 16:52:01 | INFO | P07 | Fitting a logarithmic curve (scipy.optimize.curve_fit)
2026-06-23 16:52:01 | INFO | P07 | Fitted logarithmic curve:
2026-06-23 16:52:01 | INFO | P07 |   co2 = 5301.81 * log(4.49518e-13 * gdp)
2026-06-23 16:52:01 | INFO | P07 | --- Section 6: Predict fitted values and an example value ---
2026-06-23 16:52:01 | INFO | P07 | Computing fitted values for every observed row
2026-06-23 16:52:01 | INFO | P07 | Predicting CO2 emissions for one example GDP value
2026-06-23 16:52:01 | DEBUG | P07 |   example gdp: 1e+12
2026-06-23 16:52:01 | DEBUG | P07 |   predicted co2: 630.029
2026-06-23 16:52:01 | INFO | P07 | --- Section 7: Examine the fit (residuals, R-squared, RMSE) ---
2026-06-23 16:52:01 | INFO | P07 | Computing residuals (actual - fitted)
2026-06-23 16:52:01 | INFO | P07 | Fit numbers (requires interpretation):
2026-06-23 16:52:01 | DEBUG | P07 |   R-squared: 0.9562
2026-06-23 16:52:01 | DEBUG | P07 |   RMSE:      1352.43  (in units of CO2 emissions)
2026-06-23 16:52:01 | DEBUG | P07 |   residual min:  -4622.56
2026-06-23 16:52:01 | DEBUG | P07 |   residual max:  8584.86
2026-06-23 16:52:01 | DEBUG | P07 |   residual mean: 5.90581e-14
2026-06-23 16:52:01 | INFO | P07 | 
Linear Regression Fit Numbers (requires interpretation):
             R-squared is near 1, indicating the line accounts for most of the variation in y.
             Residual plot shows clustering of residuals, indicating a straight line is not the right description.

2026-06-23 16:52:01 | INFO | P07 | Computing residuals for the exponential fit
2026-06-23 16:52:01 | INFO | P07 | Exponential fit numbers (requires interpretation):
2026-06-23 16:52:01 | DEBUG | P07 |   co2 = 2229.28 * exp(0.0234479 * gdp)
2026-06-23 16:52:01 | DEBUG | P07 |   R-squared: 0.8030
2026-06-23 16:52:01 | DEBUG | P07 |   RMSE:      2869.13  (in units of CO2 emissions)
2026-06-23 16:52:01 | DEBUG | P07 |   residual min:  -9585.33
2026-06-23 16:52:01 | DEBUG | P07 |   residual max:  16617.2
2026-06-23 16:52:01 | DEBUG | P07 |   residual mean:  -407.977
2026-06-23 16:52:01 | INFO | P07 | 
Exponential Regression Fit Numbers (requires interpretation):
             R-squared is farther from 1 than linear regression, indicating the curve accounts for a some of the variation in y.
             Residual plot shows clustering of residuals, indicating an exponential curve line is not the right description.

2026-06-23 16:52:01 | INFO | P07 | Computing residuals for the logarithmic fit
2026-06-23 16:52:01 | INFO | P07 | Logarithmic fit numbers (requires interpretation):
2026-06-23 16:52:01 | DEBUG | P07 |   co2 = 5301.81 * log(4.49518e-13 * gdp)
2026-06-23 16:52:01 | DEBUG | P07 |   R-squared: 0.6851
2026-06-23 16:52:01 | DEBUG | P07 |   RMSE:      3627.04  (in units of CO2 emissions)
2026-06-23 16:52:01 | DEBUG | P07 |   residual min:  -6452.09
2026-06-23 16:52:01 | DEBUG | P07 |   residual max:  15955.7
2026-06-23 16:52:01 | DEBUG | P07 |   residual mean:  1.43369e-06
2026-06-23 16:52:01 | INFO | P07 | 
Logarithmic Regression Fit Numbers (requires interpretation):
             R-squared is far from 1, indicating the curve does not account for most of the variation in y.
             Residual plot shows clustering of residuals, indicating a logarithmic curve is not the right description.

2026-06-23 16:52:01 | INFO | P07 | --- Section 8: Charts ---
2026-06-23 16:52:01 | INFO | P07 | ---- Creating Scatter Plot with Fitted Line ----------
2026-06-23 16:52:01 | INFO | P07 | ----   Set x to GDP -----------------------
2026-06-23 16:52:01 | INFO | P07 | ----   Set y to CO2 emissions -------------------------
2026-06-23 16:52:01 | INFO | P07 | ------ Creating Residual Plot --------------------------
2026-06-23 16:52:01 | INFO | P07 | ------   Set x to GDP ----------------------
2026-06-23 16:52:01 | INFO | P07 | ------   Set y to the residual (actual - fitted) -------
2026-06-23 16:52:01 | INFO | P07 | ---- Creating Scatter Plot with Fitted Line ----------
2026-06-23 16:52:01 | INFO | P07 | ----   Set x to GDP -----------------------
2026-06-23 16:52:01 | INFO | P07 | ----   Set y to CO2 emissions -------------------------
2026-06-23 16:52:01 | INFO | P07 | ------ Creating Residual Plot --------------------------
2026-06-23 16:52:01 | INFO | P07 | ------   Set x to GDP ----------------------
2026-06-23 16:52:01 | INFO | P07 | ------   Set y to the residual (actual - fitted) -------
2026-06-23 16:52:01 | INFO | P07 | ---- Creating Scatter Plot with Fitted Line ----------
2026-06-23 16:52:01 | INFO | P07 | ----   Set x to GDP -----------------------
2026-06-23 16:52:01 | INFO | P07 | ----   Set y to CO2 emissions -------------------------
2026-06-23 16:52:02 | INFO | P07 | ------ Creating Residual Plot --------------------------
2026-06-23 16:52:02 | INFO | P07 | ------   Set x to GDP ----------------------
2026-06-23 16:52:02 | INFO | P07 | ------   Set y to the residual (actual - fitted) -------
2026-06-23 16:52:02 | INFO | P07 | --- Section 9: Summary and next steps ---
2026-06-23 16:52:02 | INFO | P07 | ========================
2026-06-23 16:52:02 | INFO | P07 | SUMMARY
2026-06-23 16:52:02 | INFO | P07 | ========================
2026-06-23 16:52:02 | INFO | P07 | Dataset: owid-co2-data-subset
2026-06-23 16:52:02 | INFO | P07 | Feature (x): gdp
2026-06-23 16:52:02 | INFO | P07 | Target  (y): co2
2026-06-23 16:52:02 | INFO | P07 | Original rows: 350
2026-06-23 16:52:02 | INFO | P07 | Model rows:    308
2026-06-23 16:52:02 | INFO | P07 | Fitted line:
2026-06-23 16:52:02 | INFO | P07 |   co2 = 3.21582e-10 * gdp + 308.446
2026-06-23 16:52:02 | INFO | P07 | ======================
2026-06-23 16:52:02 | INFO | P07 | Review the fit numbers (R-squared, RMSE). 
2026-06-23 16:52:02 | INFO | P07 | Look at the fitted-line plot and the residual plot. 
2026-06-23 16:52:02 | INFO | P07 | Decide if a `straight line` is a fair description. 
2026-06-23 16:52:02 | INFO | P07 | If the residuals DO show a pattern (e.g. curve, funnel, clusters),
2026-06-23 16:52:02 | INFO | P07 | then a straight line is NOT a good description. 
2026-06-23 16:52:02 | INFO | P07 | If the residuals DO NOT show a pattern,
2026-06-23 16:52:02 | INFO | P07 | then a straight line MIGHT be a good description. 
2026-06-23 16:52:02 | INFO | P07 | Either way, the findings may be valuable.
2026-06-23 16:52:02 | INFO | P07 | ======================
2026-06-23 16:52:02 | INFO | P07 | Repeat with a different feature, or a transformed feature, 
2026-06-23 16:52:02 | INFO | P07 | to investigate other options.
2026-06-23 16:52:02 | INFO | P07 | ======================
2026-06-23 16:52:02 | INFO | P07 | Include instructions and specifics in your README.md file.
2026-06-23 16:52:02 | INFO | P07 | Write up your narrative on your docs/index.md file.
2026-06-23 16:52:02 | INFO | P07 | Include your next step suggestions for further analysis or modeling.
2026-06-23 16:52:02 | INFO | P07 | ======================
2026-06-23 16:52:02 | INFO | P07 | ----- in a script, call plt.show() once at the end to display all charts -----
2026-06-23 16:52:02 | INFO | P07 | ----- in a script, close the chart windows (with the close button) to continue  -----
2026-06-23 16:52:12 | INFO | P07 | Linear regression workflow complete
2026-06-23 16:52:12 | INFO | P07 | IMPORTANT: This script creates chart windows.
2026-06-23 16:52:12 | INFO | P07 | Close any chart windows and terminate this process with CTRL+c as needed.
2026-06-23 16:52:12 | INFO | P07 | ========================
2026-06-23 16:52:12 | INFO | P07 | Executed successfully!
2026-06-23 16:52:12 | INFO | P07 | ========================
2026-06-23 16:52:48 | INFO | P07 | === RUN START ===
2026-06-23 16:52:48 | INFO | P07 | project=P07
2026-06-23 16:52:48 | INFO | P07 | repo_dir=datafun-07-regression
2026-06-23 16:52:48 | INFO | P07 | python=3.14.5
2026-06-23 16:52:48 | INFO | P07 | os=Windows 11
2026-06-23 16:52:48 | INFO | P07 | shell=powershell
2026-06-23 16:52:48 | INFO | P07 | cwd=.
2026-06-23 16:52:48 | INFO | P07 | github_actions=False
2026-06-23 16:52:48 | INFO | P07 | === RUN START ===
2026-06-23 16:52:48 | INFO | P07 | project=REGRESSION
2026-06-23 16:52:48 | INFO | P07 | repo_dir=datafun-07-regression
2026-06-23 16:52:48 | INFO | P07 | python=3.14.5
2026-06-23 16:52:48 | INFO | P07 | os=Windows 11
2026-06-23 16:52:48 | INFO | P07 | shell=powershell
2026-06-23 16:52:48 | INFO | P07 | cwd=.
2026-06-23 16:52:48 | INFO | P07 | github_actions=False
2026-06-23 16:52:48 | INFO | P07 | ========================
2026-06-23 16:52:48 | INFO | P07 | START main()
2026-06-23 16:52:48 | INFO | P07 | ========================
2026-06-23 16:52:48 | INFO | P07 | --- Section 2: Load dataset: owid-co2-data-subset ---
2026-06-23 16:52:48 | INFO | P07 | Loading dataset: owid-co2-data-subset
2026-06-23 16:52:48 | INFO | P07 | Loaded: 350 rows, 14 columns
2026-06-23 16:52:48 | INFO | P07 | --- Section 3: Prepare a modeling view (feature + target) ---
2026-06-23 16:52:48 | INFO | P07 | Creating modeling view (dropping rows missing feature or target)
2026-06-23 16:52:48 | DEBUG | P07 | Columns required to be non-missing: ['gdp', 'co2']
2026-06-23 16:52:48 | INFO | P07 | Original rows: 350
2026-06-23 16:52:48 | INFO | P07 | Model rows:    308
2026-06-23 16:52:48 | INFO | P07 | Rows dropped:  42
2026-06-23 16:52:48 | INFO | P07 | --- Section 4: Build feature matrix X and target vector y ---
2026-06-23 16:52:48 | INFO | P07 | Building feature matrix X and target vector y
2026-06-23 16:52:48 | DEBUG | P07 | X shape: (308, 1)  (rows, features)
2026-06-23 16:52:48 | DEBUG | P07 | y shape: (308,)  (rows,)
2026-06-23 16:52:48 | INFO | P07 | --- Section 5: Fit a straight line, exponential curve, and logarithmic curve (numpy and scikit-learn) ---
2026-06-23 16:52:48 | INFO | P07 | Fitting a linear regression (scikit-learn)
2026-06-23 16:52:48 | DEBUG | P07 |   slope:     3.21582e-10
2026-06-23 16:52:48 | DEBUG | P07 |   intercept: 308.446
2026-06-23 16:52:48 | INFO | P07 | Fitted line:
2026-06-23 16:52:48 | INFO | P07 |   co2 = 3.21582e-10 * gdp + 308.446
2026-06-23 16:52:48 | DEBUG | P07 |   numpy check -> slope 3.21582e-10, intercept 308.446
2026-06-23 16:52:48 | INFO | P07 | Fitting an exponential curve (scipy.optimize.curve_fit)
2026-06-23 16:52:48 | INFO | P07 | Fitted exponential curve:
2026-06-23 16:52:48 | INFO | P07 |   co2 = 2229.28 * exp(0.0234479 * gdp / 1e+12)
2026-06-23 16:52:48 | INFO | P07 | Fitting a logarithmic curve (scipy.optimize.curve_fit)
2026-06-23 16:52:48 | INFO | P07 | Fitted logarithmic curve:
2026-06-23 16:52:48 | INFO | P07 |   co2 = 5301.81 * log(4.49518e-13 * gdp)
2026-06-23 16:52:48 | INFO | P07 | --- Section 6: Predict fitted values and an example value ---
2026-06-23 16:52:48 | INFO | P07 | Computing fitted values for every observed row
2026-06-23 16:52:48 | INFO | P07 | Predicting CO2 emissions for one example GDP value
2026-06-23 16:52:48 | DEBUG | P07 |   example gdp: 1e+12
2026-06-23 16:52:48 | DEBUG | P07 |   predicted co2: 630.029
2026-06-23 16:52:48 | INFO | P07 | --- Section 7: Examine the fit (residuals, R-squared, RMSE) ---
2026-06-23 16:52:48 | INFO | P07 | Computing residuals (actual - fitted)
2026-06-23 16:52:48 | INFO | P07 | Fit numbers (requires interpretation):
2026-06-23 16:52:48 | DEBUG | P07 |   R-squared: 0.9562
2026-06-23 16:52:48 | DEBUG | P07 |   RMSE:      1352.43  (in units of CO2 emissions)
2026-06-23 16:52:48 | DEBUG | P07 |   residual min:  -4622.56
2026-06-23 16:52:48 | DEBUG | P07 |   residual max:  8584.86
2026-06-23 16:52:48 | DEBUG | P07 |   residual mean: 5.90581e-14
2026-06-23 16:52:48 | INFO | P07 | 
Linear Regression Fit Numbers (requires interpretation):
             R-squared is near 1, indicating the line accounts for most of the variation in y.
             Residual plot shows clustering of residuals, indicating a straight line is not the right description.

2026-06-23 16:52:48 | INFO | P07 | Computing residuals for the exponential fit
2026-06-23 16:52:48 | INFO | P07 | Exponential fit numbers (requires interpretation):
2026-06-23 16:52:48 | DEBUG | P07 |   co2 = 2229.28 * exp(0.0234479 * gdp)
2026-06-23 16:52:48 | DEBUG | P07 |   R-squared: 0.8030
2026-06-23 16:52:48 | DEBUG | P07 |   RMSE:      2869.13  (in units of CO2 emissions)
2026-06-23 16:52:48 | DEBUG | P07 |   residual min:  -9585.33
2026-06-23 16:52:48 | DEBUG | P07 |   residual max:  16617.2
2026-06-23 16:52:48 | DEBUG | P07 |   residual mean:  -407.977
2026-06-23 16:52:48 | INFO | P07 | 
Exponential Regression Fit Numbers (requires interpretation):
             R-squared is farther from 1 than linear regression, indicating the curve accounts for a some of the variation in y.
             Residual plot shows clustering of residuals, indicating an exponential curve line is not the right description.

2026-06-23 16:52:48 | INFO | P07 | Computing residuals for the logarithmic fit
2026-06-23 16:52:48 | INFO | P07 | Logarithmic fit numbers (requires interpretation):
2026-06-23 16:52:48 | DEBUG | P07 |   co2 = 5301.81 * log(4.49518e-13 * gdp)
2026-06-23 16:52:48 | DEBUG | P07 |   R-squared: 0.6851
2026-06-23 16:52:48 | DEBUG | P07 |   RMSE:      3627.04  (in units of CO2 emissions)
2026-06-23 16:52:48 | DEBUG | P07 |   residual min:  -6452.09
2026-06-23 16:52:48 | DEBUG | P07 |   residual max:  15955.7
2026-06-23 16:52:48 | DEBUG | P07 |   residual mean:  1.43369e-06
2026-06-23 16:52:48 | INFO | P07 | 
Logarithmic Regression Fit Numbers (requires interpretation):
             R-squared is far from 1, indicating the curve does not account for most of the variation in y.
             Residual plot shows clustering of residuals, indicating a logarithmic curve is not the right description.

2026-06-23 16:52:48 | INFO | P07 | --- Section 8: Charts ---
2026-06-23 16:52:48 | INFO | P07 | ---- Creating Scatter Plot with Fitted Line ----------
2026-06-23 16:52:48 | INFO | P07 | ----   Set x to GDP -----------------------
2026-06-23 16:52:48 | INFO | P07 | ----   Set y to CO2 emissions -------------------------
2026-06-23 16:52:48 | INFO | P07 | ------ Creating Residual Plot --------------------------
2026-06-23 16:52:48 | INFO | P07 | ------   Set x to GDP ----------------------
2026-06-23 16:52:48 | INFO | P07 | ------   Set y to the residual (actual - fitted) -------
2026-06-23 16:52:48 | INFO | P07 | ---- Creating Scatter Plot with Fitted Line ----------
2026-06-23 16:52:48 | INFO | P07 | ----   Set x to GDP -----------------------
2026-06-23 16:52:48 | INFO | P07 | ----   Set y to CO2 emissions -------------------------
2026-06-23 16:52:48 | INFO | P07 | ------ Creating Residual Plot --------------------------
2026-06-23 16:52:48 | INFO | P07 | ------   Set x to GDP ----------------------
2026-06-23 16:52:48 | INFO | P07 | ------   Set y to the residual (actual - fitted) -------
2026-06-23 16:52:48 | INFO | P07 | ---- Creating Scatter Plot with Fitted Line ----------
2026-06-23 16:52:48 | INFO | P07 | ----   Set x to GDP -----------------------
2026-06-23 16:52:48 | INFO | P07 | ----   Set y to CO2 emissions -------------------------
2026-06-23 16:52:48 | INFO | P07 | ------ Creating Residual Plot --------------------------
2026-06-23 16:52:48 | INFO | P07 | ------   Set x to GDP ----------------------
2026-06-23 16:52:48 | INFO | P07 | ------   Set y to the residual (actual - fitted) -------
2026-06-23 16:52:49 | INFO | P07 | --- Section 9: Summary and next steps ---
2026-06-23 16:52:49 | INFO | P07 | ========================
2026-06-23 16:52:49 | INFO | P07 | SUMMARY
2026-06-23 16:52:49 | INFO | P07 | ========================
2026-06-23 16:52:49 | INFO | P07 | Dataset: owid-co2-data-subset
2026-06-23 16:52:49 | INFO | P07 | Feature (x): gdp
2026-06-23 16:52:49 | INFO | P07 | Target  (y): co2
2026-06-23 16:52:49 | INFO | P07 | Original rows: 350
2026-06-23 16:52:49 | INFO | P07 | Model rows:    308
2026-06-23 16:52:49 | INFO | P07 | Fitted line:
2026-06-23 16:52:49 | INFO | P07 |   co2 = 3.21582e-10 * gdp + 308.446
2026-06-23 16:52:49 | INFO | P07 | ======================
2026-06-23 16:52:49 | INFO | P07 | Review the fit numbers (R-squared, RMSE). 
2026-06-23 16:52:49 | INFO | P07 | Look at the fitted-line plot and the residual plot. 
2026-06-23 16:52:49 | INFO | P07 | Decide if a `straight line` is a fair description. 
2026-06-23 16:52:49 | INFO | P07 | If the residuals DO show a pattern (e.g. curve, funnel, clusters),
2026-06-23 16:52:49 | INFO | P07 | then a straight line is NOT a good description. 
2026-06-23 16:52:49 | INFO | P07 | If the residuals DO NOT show a pattern,
2026-06-23 16:52:49 | INFO | P07 | then a straight line MIGHT be a good description. 
2026-06-23 16:52:49 | INFO | P07 | Either way, the findings may be valuable.
2026-06-23 16:52:49 | INFO | P07 | ======================
2026-06-23 16:52:49 | INFO | P07 | Repeat with a different feature, or a transformed feature, 
2026-06-23 16:52:49 | INFO | P07 | to investigate other options.
2026-06-23 16:52:49 | INFO | P07 | ======================
2026-06-23 16:52:49 | INFO | P07 | Include instructions and specifics in your README.md file.
2026-06-23 16:52:49 | INFO | P07 | Write up your narrative on your docs/index.md file.
2026-06-23 16:52:49 | INFO | P07 | Include your next step suggestions for further analysis or modeling.
2026-06-23 16:52:49 | INFO | P07 | ======================
2026-06-23 16:52:49 | INFO | P07 | ----- in a script, call plt.show() once at the end to display all charts -----
2026-06-23 16:52:49 | INFO | P07 | ----- in a script, close the chart windows (with the close button) to continue  -----
2026-06-23 16:52:52 | INFO | P07 | Regression workflow complete
2026-06-23 16:52:52 | INFO | P07 | IMPORTANT: This script creates chart windows.
2026-06-23 16:52:52 | INFO | P07 | Close any chart windows and terminate this process with CTRL+c as needed.
2026-06-23 16:52:52 | INFO | P07 | ========================
2026-06-23 16:52:52 | INFO | P07 | Executed successfully!
2026-06-23 16:52:52 | INFO | P07 | ========================
2026-06-23 16:57:51 | INFO | P07 | === RUN START ===
2026-06-23 16:57:51 | INFO | P07 | project=P07
2026-06-23 16:57:51 | INFO | P07 | repo_dir=datafun-07-regression
2026-06-23 16:57:51 | INFO | P07 | python=3.14.5
2026-06-23 16:57:51 | INFO | P07 | os=Windows 11
2026-06-23 16:57:51 | INFO | P07 | shell=powershell
2026-06-23 16:57:51 | INFO | P07 | cwd=.
2026-06-23 16:57:51 | INFO | P07 | github_actions=False
2026-06-23 16:57:51 | INFO | P07 | === RUN START ===
2026-06-23 16:57:51 | INFO | P07 | project=P07
2026-06-23 16:57:51 | INFO | P07 | repo_dir=datafun-07-regression
2026-06-23 16:57:51 | INFO | P07 | python=3.14.5
2026-06-23 16:57:51 | INFO | P07 | os=Windows 11
2026-06-23 16:57:51 | INFO | P07 | shell=powershell
2026-06-23 16:57:51 | INFO | P07 | cwd=.
2026-06-23 16:57:51 | INFO | P07 | github_actions=False
2026-06-25 11:08:17 | INFO | P07 | === RUN START ===
2026-06-25 11:08:17 | INFO | P07 | project=P07
2026-06-25 11:08:17 | INFO | P07 | repo_dir=datafun-07-regression
2026-06-25 11:08:17 | INFO | P07 | python=3.14.5
2026-06-25 11:08:17 | INFO | P07 | os=Windows 11
2026-06-25 11:08:17 | INFO | P07 | shell=powershell
2026-06-25 11:08:17 | INFO | P07 | cwd=.
2026-06-25 11:08:17 | INFO | P07 | github_actions=False
2026-06-25 11:08:17 | INFO | P07 | === RUN START ===
2026-06-25 11:08:17 | INFO | P07 | project=REGRESSION
2026-06-25 11:08:17 | INFO | P07 | repo_dir=datafun-07-regression
2026-06-25 11:08:17 | INFO | P07 | python=3.14.5
2026-06-25 11:08:17 | INFO | P07 | os=Windows 11
2026-06-25 11:08:17 | INFO | P07 | shell=powershell
2026-06-25 11:08:17 | INFO | P07 | cwd=.
2026-06-25 11:08:17 | INFO | P07 | github_actions=False
2026-06-25 11:08:17 | INFO | P07 | ========================
2026-06-25 11:08:17 | INFO | P07 | START main()
2026-06-25 11:08:17 | INFO | P07 | ========================
2026-06-25 11:08:17 | INFO | P07 | --- Section 2: Load dataset: owid-co2-data-subset ---
2026-06-25 11:08:17 | INFO | P07 | Loading dataset: owid-co2-data-subset
2026-06-25 11:08:17 | INFO | P07 | Loaded: 350 rows, 14 columns
2026-06-25 11:08:17 | INFO | P07 | Found year column. Running regressions for 35 years
2026-06-25 11:08:17 | INFO | P07 | --- Processing Year: 1990 ---
2026-06-25 11:08:17 | INFO | P07 | Creating modeling view (dropping rows missing feature or target)
2026-06-25 11:08:17 | DEBUG | P07 | Columns required to be non-missing: ['gdp', 'co2']
2026-06-25 11:08:17 | INFO | P07 | Original rows: 10
2026-06-25 11:08:17 | INFO | P07 | Model rows:    10
2026-06-25 11:08:17 | INFO | P07 | Rows dropped:  0
2026-06-25 11:08:17 | INFO | P07 | Building feature matrix X and target vector y
2026-06-25 11:08:17 | DEBUG | P07 | X shape: (10, 1)  (rows, features)
2026-06-25 11:08:17 | DEBUG | P07 | y shape: (10,)  (rows,)
2026-06-25 11:08:17 | INFO | P07 | Fitting a linear regression (scikit-learn)
2026-06-25 11:08:17 | DEBUG | P07 |   slope:     5.33658e-10
2026-06-25 11:08:17 | DEBUG | P07 |   intercept: -163.964
2026-06-25 11:08:17 | INFO | P07 | Fitted line:
2026-06-25 11:08:17 | INFO | P07 |   co2 = 5.33658e-10 * gdp + -163.964
2026-06-25 11:08:17 | DEBUG | P07 |   numpy check -> slope 5.33658e-10, intercept -163.964
2026-06-25 11:08:17 | INFO | P07 | Computing fitted values for every observed row
2026-06-25 11:08:17 | INFO | P07 | Predicting CO2 emissions for one example GDP value
2026-06-25 11:08:17 | DEBUG | P07 |   example gdp: 1e+12
2026-06-25 11:08:17 | DEBUG | P07 |   predicted co2: 369.694
2026-06-25 11:08:17 | INFO | P07 | Computing residuals (actual - fitted)
2026-06-25 11:08:17 | INFO | P07 | Fit numbers (requires interpretation):
2026-06-25 11:08:17 | DEBUG | P07 |   R-squared: 0.9965
2026-06-25 11:08:17 | DEBUG | P07 |   RMSE:      390.14  (in units of CO2 emissions)
2026-06-25 11:08:17 | DEBUG | P07 |   residual min:  -655.623
2026-06-25 11:08:17 | DEBUG | P07 |   residual max:  841
2026-06-25 11:08:17 | DEBUG | P07 |   residual mean: -3.41061e-13
2026-06-25 11:08:17 | INFO | P07 | 
Linear Regression Fit Numbers (requires interpretation):
             R-squared is near 1, indicating the line accounts for most of the variation in y.
             Residual plot shows clustering of residuals, indicating a straight line is not the right description.

2026-06-25 11:08:17 | INFO | P07 | ---- Creating Scatter Plot with Fitted Line ----------
2026-06-25 11:08:17 | INFO | P07 | ----   Set x to GDP -----------------------
2026-06-25 11:08:17 | INFO | P07 | ----   Set y to CO2 emissions -------------------------
2026-06-25 11:08:18 | INFO | P07 | ------ Creating Residual Plot --------------------------
2026-06-25 11:08:18 | INFO | P07 | ------   Set x to GDP ----------------------
2026-06-25 11:08:18 | INFO | P07 | ------   Set y to the residual (actual - fitted) -------
2026-06-25 11:08:18 | INFO | P07 | Fitting an exponential curve (scipy.optimize.curve_fit)
2026-06-25 11:08:18 | INFO | P07 | Fitted exponential curve:
2026-06-25 11:08:18 | INFO | P07 |   co2 = 1195.08 * exp(0.0685043 * gdp / 1e+12)
2026-06-25 11:08:18 | INFO | P07 | Computing residuals for the exponential fit
2026-06-25 11:08:18 | INFO | P07 | Exponential fit numbers (requires interpretation):
2026-06-25 11:08:18 | DEBUG | P07 |   co2 = 1195.08 * exp(0.0685043 * gdp)
2026-06-25 11:08:18 | DEBUG | P07 |   R-squared: 0.9692
2026-06-25 11:08:18 | DEBUG | P07 |   RMSE:      1153.8  (in units of CO2 emissions)
2026-06-25 11:08:18 | DEBUG | P07 |   residual min:  -1077.53
2026-06-25 11:08:18 | DEBUG | P07 |   residual max:  2879.57
2026-06-25 11:08:18 | DEBUG | P07 |   residual mean:  -122.057
2026-06-25 11:08:18 | INFO | P07 | 
Exponential Regression Fit Numbers (requires interpretation):
             R-squared is farther from 1 than linear regression, indicating the curve accounts for a some of the variation in y.
             Residual plot shows clustering of residuals, indicating an exponential curve line is not the right description.

2026-06-25 11:08:18 | INFO | P07 | ---- Creating Scatter Plot with Fitted Line ----------
2026-06-25 11:08:18 | INFO | P07 | ----   Set x to GDP -----------------------
2026-06-25 11:08:18 | INFO | P07 | ----   Set y to CO2 emissions -------------------------
2026-06-25 11:08:18 | INFO | P07 | ------ Creating Residual Plot --------------------------
2026-06-25 11:08:18 | INFO | P07 | ------   Set x to GDP ----------------------
2026-06-25 11:08:18 | INFO | P07 | ------   Set y to the residual (actual - fitted) -------
2026-06-25 11:08:19 | INFO | P07 | Fitting a logarithmic curve (scipy.optimize.curve_fit)
2026-06-25 11:08:19 | INFO | P07 | Fitted logarithmic curve:
2026-06-25 11:08:19 | INFO | P07 |   co2 = 5395.34 * log(6.55968e-13 * gdp)
2026-06-25 11:08:19 | INFO | P07 | Computing residuals for the logarithmic fit
2026-06-25 11:08:19 | INFO | P07 | Logarithmic fit numbers (requires interpretation):
2026-06-25 11:08:19 | DEBUG | P07 |   co2 = 5395.34 * log(6.55968e-13 * gdp)
2026-06-25 11:08:19 | DEBUG | P07 |   R-squared: 0.8224
2026-06-25 11:08:19 | DEBUG | P07 |   RMSE:      2768.38  (in units of CO2 emissions)
2026-06-25 11:08:19 | DEBUG | P07 |   residual min:  -4596.15
2026-06-25 11:08:19 | DEBUG | P07 |   residual max:  4709.88
2026-06-25 11:08:19 | DEBUG | P07 |   residual mean:  -1.81168e-05
2026-06-25 11:08:19 | INFO | P07 | 
Logarithmic Regression Fit Numbers (requires interpretation):
             R-squared is far from 1, indicating the curve does not account for most of the variation in y.
             Residual plot shows clustering of residuals, indicating a logarithmic curve is not the right description.

2026-06-25 11:08:19 | INFO | P07 | ---- Creating Scatter Plot with Fitted Line ----------
2026-06-25 11:08:19 | INFO | P07 | ----   Set x to GDP -----------------------
2026-06-25 11:08:19 | INFO | P07 | ----   Set y to CO2 emissions -------------------------
2026-06-25 11:08:19 | INFO | P07 | ------ Creating Residual Plot --------------------------
2026-06-25 11:08:19 | INFO | P07 | ------   Set x to GDP ----------------------
2026-06-25 11:08:19 | INFO | P07 | ------   Set y to the residual (actual - fitted) -------
2026-06-25 11:08:19 | INFO | P07 | --- Processing Year: 1991 ---
2026-06-25 11:08:19 | INFO | P07 | Creating modeling view (dropping rows missing feature or target)
2026-06-25 11:08:19 | DEBUG | P07 | Columns required to be non-missing: ['gdp', 'co2']
2026-06-25 11:08:19 | INFO | P07 | Original rows: 10
2026-06-25 11:08:19 | INFO | P07 | Model rows:    9
2026-06-25 11:08:19 | INFO | P07 | Rows dropped:  1
2026-06-25 11:08:19 | INFO | P07 | Building feature matrix X and target vector y
2026-06-25 11:08:19 | DEBUG | P07 | X shape: (9, 1)  (rows, features)
2026-06-25 11:08:19 | DEBUG | P07 | y shape: (9,)  (rows,)
2026-06-25 11:08:19 | INFO | P07 | Fitting a linear regression (scikit-learn)
2026-06-25 11:08:19 | DEBUG | P07 |   slope:     5.8066e-10
2026-06-25 11:08:19 | DEBUG | P07 |   intercept: -298.679
2026-06-25 11:08:19 | INFO | P07 | Fitted line:
2026-06-25 11:08:19 | INFO | P07 |   co2 = 5.8066e-10 * gdp + -298.679
2026-06-25 11:08:19 | DEBUG | P07 |   numpy check -> slope 5.8066e-10, intercept -298.679
2026-06-25 11:08:19 | INFO | P07 | Computing fitted values for every observed row
2026-06-25 11:08:19 | INFO | P07 | Predicting CO2 emissions for one example GDP value
2026-06-25 11:08:19 | DEBUG | P07 |   example gdp: 1e+12
2026-06-25 11:08:19 | DEBUG | P07 |   predicted co2: 281.981
2026-06-25 11:08:19 | INFO | P07 | Computing residuals (actual - fitted)
2026-06-25 11:08:19 | INFO | P07 | Fit numbers (requires interpretation):
2026-06-25 11:08:19 | DEBUG | P07 |   R-squared: 0.9222
2026-06-25 11:08:19 | DEBUG | P07 |   RMSE:      412.333  (in units of CO2 emissions)
2026-06-25 11:08:19 | DEBUG | P07 |   residual min:  -755.607
2026-06-25 11:08:19 | DEBUG | P07 |   residual max:  880.315
2026-06-25 11:08:19 | DEBUG | P07 |   residual mean: -1.13687e-13
2026-06-25 11:08:19 | INFO | P07 | 
Linear Regression Fit Numbers (requires interpretation):
             R-squared is near 1, indicating the line accounts for most of the variation in y.
             Residual plot shows clustering of residuals, indicating a straight line is not the right description.

2026-06-25 11:08:19 | INFO | P07 | ---- Creating Scatter Plot with Fitted Line ----------
2026-06-25 11:08:19 | INFO | P07 | ----   Set x to GDP -----------------------
2026-06-25 11:08:19 | INFO | P07 | ----   Set y to CO2 emissions -------------------------
2026-06-25 11:08:19 | INFO | P07 | ------ Creating Residual Plot --------------------------
2026-06-25 11:08:19 | INFO | P07 | ------   Set x to GDP ----------------------
2026-06-25 11:08:19 | INFO | P07 | ------   Set y to the residual (actual - fitted) -------
2026-06-25 11:08:19 | INFO | P07 | Fitting an exponential curve (scipy.optimize.curve_fit)
2026-06-25 11:08:19 | INFO | P07 | Fitted exponential curve:
2026-06-25 11:08:19 | INFO | P07 |   co2 = 541.813 * exp(0.24411 * gdp / 1e+12)
2026-06-25 11:08:19 | INFO | P07 | Computing residuals for the exponential fit
2026-06-25 11:08:19 | INFO | P07 | Exponential fit numbers (requires interpretation):
2026-06-25 11:08:19 | DEBUG | P07 |   co2 = 541.813 * exp(0.24411 * gdp)
2026-06-25 11:08:19 | DEBUG | P07 |   R-squared: 0.8785
2026-06-25 11:08:19 | DEBUG | P07 |   RMSE:      515.28  (in units of CO2 emissions)
2026-06-25 11:08:19 | DEBUG | P07 |   residual min:  -499.15
2026-06-25 11:08:19 | DEBUG | P07 |   residual max:  1343.14
2026-06-25 11:08:19 | DEBUG | P07 |   residual mean:  -36.8047
2026-06-25 11:08:19 | INFO | P07 | 
Exponential Regression Fit Numbers (requires interpretation):
             R-squared is farther from 1 than linear regression, indicating the curve accounts for a some of the variation in y.
             Residual plot shows clustering of residuals, indicating an exponential curve line is not the right description.

2026-06-25 11:08:19 | INFO | P07 | ---- Creating Scatter Plot with Fitted Line ----------
2026-06-25 11:08:19 | INFO | P07 | ----   Set x to GDP -----------------------
2026-06-25 11:08:19 | INFO | P07 | ----   Set y to CO2 emissions -------------------------
2026-06-25 11:08:19 | INFO | P07 | ------ Creating Residual Plot --------------------------
2026-06-25 11:08:19 | INFO | P07 | ------   Set x to GDP ----------------------
2026-06-25 11:08:19 | INFO | P07 | ------   Set y to the residual (actual - fitted) -------
2026-06-25 11:08:19 | INFO | P07 | Fitting a logarithmic curve (scipy.optimize.curve_fit)
2026-06-25 11:08:19 | INFO | P07 | Fitted logarithmic curve:
2026-06-25 11:08:19 | INFO | P07 |   co2 = 1936.86 * log(9.2045e-13 * gdp)
2026-06-25 11:08:19 | INFO | P07 | Computing residuals for the logarithmic fit
2026-06-25 11:08:19 | INFO | P07 | Logarithmic fit numbers (requires interpretation):
2026-06-25 11:08:19 | DEBUG | P07 |   co2 = 1936.86 * log(9.2045e-13 * gdp)
2026-06-25 11:08:19 | DEBUG | P07 |   R-squared: 0.7991
2026-06-25 11:08:19 | DEBUG | P07 |   RMSE:      662.415  (in units of CO2 emissions)
2026-06-25 11:08:19 | DEBUG | P07 |   residual min:  -1271.14
2026-06-25 11:08:19 | DEBUG | P07 |   residual max:  994.049
2026-06-25 11:08:19 | DEBUG | P07 |   residual mean:  2.19137e-06
2026-06-25 11:08:19 | INFO | P07 | 
Logarithmic Regression Fit Numbers (requires interpretation):
             R-squared is far from 1, indicating the curve does not account for most of the variation in y.
             Residual plot shows clustering of residuals, indicating a logarithmic curve is not the right description.

2026-06-25 11:08:19 | INFO | P07 | ---- Creating Scatter Plot with Fitted Line ----------
2026-06-25 11:08:19 | INFO | P07 | ----   Set x to GDP -----------------------
2026-06-25 11:08:19 | INFO | P07 | ----   Set y to CO2 emissions -------------------------
2026-06-25 11:08:19 | INFO | P07 | ------ Creating Residual Plot --------------------------
2026-06-25 11:08:19 | INFO | P07 | ------   Set x to GDP ----------------------
2026-06-25 11:08:19 | INFO | P07 | ------   Set y to the residual (actual - fitted) -------
2026-06-25 11:08:19 | INFO | P07 | --- Processing Year: 1992 ---
2026-06-25 11:08:19 | INFO | P07 | Creating modeling view (dropping rows missing feature or target)
2026-06-25 11:08:19 | DEBUG | P07 | Columns required to be non-missing: ['gdp', 'co2']
2026-06-25 11:08:19 | INFO | P07 | Original rows: 10
2026-06-25 11:08:19 | INFO | P07 | Model rows:    9
2026-06-25 11:08:19 | INFO | P07 | Rows dropped:  1
2026-06-25 11:08:19 | INFO | P07 | Building feature matrix X and target vector y
2026-06-25 11:08:19 | DEBUG | P07 | X shape: (9, 1)  (rows, features)
2026-06-25 11:08:19 | DEBUG | P07 | y shape: (9,)  (rows,)
2026-06-25 11:08:19 | INFO | P07 | Fitting a linear regression (scikit-learn)
2026-06-25 11:08:19 | DEBUG | P07 |   slope:     5.75255e-10
2026-06-25 11:08:19 | DEBUG | P07 |   intercept: -311.477
2026-06-25 11:08:19 | INFO | P07 | Fitted line:
2026-06-25 11:08:19 | INFO | P07 |   co2 = 5.75255e-10 * gdp + -311.477
2026-06-25 11:08:19 | DEBUG | P07 |   numpy check -> slope 5.75255e-10, intercept -311.477
2026-06-25 11:08:19 | INFO | P07 | Computing fitted values for every observed row
2026-06-25 11:08:19 | INFO | P07 | Predicting CO2 emissions for one example GDP value
2026-06-25 11:08:19 | DEBUG | P07 |   example gdp: 1e+12
2026-06-25 11:08:19 | DEBUG | P07 |   predicted co2: 263.778
2026-06-25 11:08:19 | INFO | P07 | Computing residuals (actual - fitted)
2026-06-25 11:08:19 | INFO | P07 | Fit numbers (requires interpretation):
2026-06-25 11:08:19 | DEBUG | P07 |   R-squared: 0.9275
2026-06-25 11:08:19 | DEBUG | P07 |   RMSE:      408.376  (in units of CO2 emissions)
2026-06-25 11:08:19 | DEBUG | P07 |   residual min:  -731.548
2026-06-25 11:08:19 | DEBUG | P07 |   residual max:  882.663
2026-06-25 11:08:19 | DEBUG | P07 |   residual mean: 2.0211e-13
2026-06-25 11:08:19 | INFO | P07 | 
Linear Regression Fit Numbers (requires interpretation):
             R-squared is near 1, indicating the line accounts for most of the variation in y.
             Residual plot shows clustering of residuals, indicating a straight line is not the right description.

2026-06-25 11:08:19 | INFO | P07 | ---- Creating Scatter Plot with Fitted Line ----------
2026-06-25 11:08:19 | INFO | P07 | ----   Set x to GDP -----------------------
2026-06-25 11:08:19 | INFO | P07 | ----   Set y to CO2 emissions -------------------------
2026-06-25 11:08:20 | INFO | P07 | ------ Creating Residual Plot --------------------------
2026-06-25 11:08:20 | INFO | P07 | ------   Set x to GDP ----------------------
2026-06-25 11:08:20 | INFO | P07 | ------   Set y to the residual (actual - fitted) -------
2026-06-25 11:08:20 | INFO | P07 | Fitting an exponential curve (scipy.optimize.curve_fit)
2026-06-25 11:08:20 | INFO | P07 | Fitted exponential curve:
2026-06-25 11:08:20 | INFO | P07 |   co2 = 552.761 * exp(0.235951 * gdp / 1e+12)
2026-06-25 11:08:20 | INFO | P07 | Computing residuals for the exponential fit
2026-06-25 11:08:20 | INFO | P07 | Exponential fit numbers (requires interpretation):
2026-06-25 11:08:20 | DEBUG | P07 |   co2 = 552.761 * exp(0.235951 * gdp)
2026-06-25 11:08:20 | DEBUG | P07 |   R-squared: 0.8780
2026-06-25 11:08:20 | DEBUG | P07 |   RMSE:      529.929  (in units of CO2 emissions)
2026-06-25 11:08:20 | DEBUG | P07 |   residual min:  -503.863
2026-06-25 11:08:20 | DEBUG | P07 |   residual max:  1390.61
2026-06-25 11:08:20 | DEBUG | P07 |   residual mean:  -41.4128
2026-06-25 11:08:20 | INFO | P07 | 
Exponential Regression Fit Numbers (requires interpretation):
             R-squared is farther from 1 than linear regression, indicating the curve accounts for a some of the variation in y.
             Residual plot shows clustering of residuals, indicating an exponential curve line is not the right description.

2026-06-25 11:08:20 | INFO | P07 | ---- Creating Scatter Plot with Fitted Line ----------
2026-06-25 11:08:20 | INFO | P07 | ----   Set x to GDP -----------------------
2026-06-25 11:08:20 | INFO | P07 | ----   Set y to CO2 emissions -------------------------
2026-06-25 11:08:20 | INFO | P07 | ------ Creating Residual Plot --------------------------
2026-06-25 11:08:20 | INFO | P07 | ------   Set x to GDP ----------------------
2026-06-25 11:08:20 | INFO | P07 | ------   Set y to the residual (actual - fitted) -------
2026-06-25 11:08:20 | INFO | P07 | Fitting a logarithmic curve (scipy.optimize.curve_fit)
2026-06-25 11:08:20 | INFO | P07 | Fitted logarithmic curve:
2026-06-25 11:08:20 | INFO | P07 |   co2 = 1962.33 * log(9.00241e-13 * gdp)
2026-06-25 11:08:20 | INFO | P07 | Computing residuals for the logarithmic fit
2026-06-25 11:08:20 | INFO | P07 | Logarithmic fit numbers (requires interpretation):
2026-06-25 11:08:20 | DEBUG | P07 |   co2 = 1962.33 * log(9.00241e-13 * gdp)
2026-06-25 11:08:20 | DEBUG | P07 |   R-squared: 0.8002
2026-06-25 11:08:20 | DEBUG | P07 |   RMSE:      678.054  (in units of CO2 emissions)
2026-06-25 11:08:20 | DEBUG | P07 |   residual min:  -1267
2026-06-25 11:08:20 | DEBUG | P07 |   residual max:  1035.87
2026-06-25 11:08:20 | DEBUG | P07 |   residual mean:  3.86779e-08
2026-06-25 11:08:20 | INFO | P07 | 
Logarithmic Regression Fit Numbers (requires interpretation):
             R-squared is far from 1, indicating the curve does not account for most of the variation in y.
             Residual plot shows clustering of residuals, indicating a logarithmic curve is not the right description.

2026-06-25 11:08:20 | INFO | P07 | ---- Creating Scatter Plot with Fitted Line ----------
2026-06-25 11:08:20 | INFO | P07 | ----   Set x to GDP -----------------------
2026-06-25 11:08:20 | INFO | P07 | ----   Set y to CO2 emissions -------------------------
2026-06-25 11:08:20 | INFO | P07 | ------ Creating Residual Plot --------------------------
2026-06-25 11:08:20 | INFO | P07 | ------   Set x to GDP ----------------------
2026-06-25 11:08:20 | INFO | P07 | ------   Set y to the residual (actual - fitted) -------
2026-06-25 11:08:20 | INFO | P07 | --- Processing Year: 1993 ---
2026-06-25 11:08:20 | INFO | P07 | Creating modeling view (dropping rows missing feature or target)
2026-06-25 11:08:20 | DEBUG | P07 | Columns required to be non-missing: ['gdp', 'co2']
2026-06-25 11:08:20 | INFO | P07 | Original rows: 10
2026-06-25 11:08:20 | INFO | P07 | Model rows:    9
2026-06-25 11:08:20 | INFO | P07 | Rows dropped:  1
2026-06-25 11:08:20 | INFO | P07 | Building feature matrix X and target vector y
2026-06-25 11:08:20 | DEBUG | P07 | X shape: (9, 1)  (rows, features)
2026-06-25 11:08:20 | DEBUG | P07 | y shape: (9,)  (rows,)
2026-06-25 11:08:20 | INFO | P07 | Fitting a linear regression (scikit-learn)
2026-06-25 11:08:20 | DEBUG | P07 |   slope:     5.77429e-10
2026-06-25 11:08:20 | DEBUG | P07 |   intercept: -343.282
2026-06-25 11:08:20 | INFO | P07 | Fitted line:
2026-06-25 11:08:20 | INFO | P07 |   co2 = 5.77429e-10 * gdp + -343.282
2026-06-25 11:08:20 | DEBUG | P07 |   numpy check -> slope 5.77429e-10, intercept -343.282
2026-06-25 11:08:20 | INFO | P07 | Computing fitted values for every observed row
2026-06-25 11:08:20 | INFO | P07 | Predicting CO2 emissions for one example GDP value
2026-06-25 11:08:20 | DEBUG | P07 |   example gdp: 1e+12
2026-06-25 11:08:20 | DEBUG | P07 |   predicted co2: 234.148
2026-06-25 11:08:20 | INFO | P07 | Computing residuals (actual - fitted)
2026-06-25 11:08:20 | INFO | P07 | Fit numbers (requires interpretation):
2026-06-25 11:08:20 | DEBUG | P07 |   R-squared: 0.9331
2026-06-25 11:08:20 | DEBUG | P07 |   RMSE:      404.667  (in units of CO2 emissions)
2026-06-25 11:08:20 | DEBUG | P07 |   residual min:  -716.767
2026-06-25 11:08:20 | DEBUG | P07 |   residual max:  874.995
2026-06-25 11:08:20 | DEBUG | P07 |   residual mean: 2.52637e-13
2026-06-25 11:08:20 | INFO | P07 | 
Linear Regression Fit Numbers (requires interpretation):
             R-squared is near 1, indicating the line accounts for most of the variation in y.
             Residual plot shows clustering of residuals, indicating a straight line is not the right description.

2026-06-25 11:08:20 | INFO | P07 | ---- Creating Scatter Plot with Fitted Line ----------
2026-06-25 11:08:20 | INFO | P07 | ----   Set x to GDP -----------------------
2026-06-25 11:08:20 | INFO | P07 | ----   Set y to CO2 emissions -------------------------
2026-06-25 11:08:20 | INFO | P07 | ------ Creating Residual Plot --------------------------
2026-06-25 11:08:20 | INFO | P07 | ------   Set x to GDP ----------------------
2026-06-25 11:08:20 | INFO | P07 | ------   Set y to the residual (actual - fitted) -------
2026-06-25 11:08:20 | INFO | P07 | Fitting an exponential curve (scipy.optimize.curve_fit)
2026-06-25 11:08:20 | INFO | P07 | Fitted exponential curve:
2026-06-25 11:08:20 | INFO | P07 |   co2 = 564.375 * exp(0.229919 * gdp / 1e+12)
2026-06-25 11:08:20 | INFO | P07 | Computing residuals for the exponential fit
2026-06-25 11:08:20 | INFO | P07 | Exponential fit numbers (requires interpretation):
2026-06-25 11:08:20 | DEBUG | P07 |   co2 = 564.375 * exp(0.229919 * gdp)
2026-06-25 11:08:20 | DEBUG | P07 |   R-squared: 0.8739
2026-06-25 11:08:20 | DEBUG | P07 |   RMSE:      555.52  (in units of CO2 emissions)
2026-06-25 11:08:20 | DEBUG | P07 |   residual min:  -516.368
2026-06-25 11:08:20 | DEBUG | P07 |   residual max:  1456.89
2026-06-25 11:08:20 | DEBUG | P07 |   residual mean:  -48.9189
2026-06-25 11:08:20 | INFO | P07 | 
Exponential Regression Fit Numbers (requires interpretation):
             R-squared is farther from 1 than linear regression, indicating the curve accounts for a some of the variation in y.
             Residual plot shows clustering of residuals, indicating an exponential curve line is not the right description.

2026-06-25 11:08:20 | INFO | P07 | ---- Creating Scatter Plot with Fitted Line ----------
2026-06-25 11:08:20 | INFO | P07 | ----   Set x to GDP -----------------------
2026-06-25 11:08:20 | INFO | P07 | ----   Set y to CO2 emissions -------------------------
2026-06-25 11:08:20 | INFO | P07 | ------ Creating Residual Plot --------------------------
2026-06-25 11:08:20 | INFO | P07 | ------   Set x to GDP ----------------------
2026-06-25 11:08:20 | INFO | P07 | ------   Set y to the residual (actual - fitted) -------
2026-06-25 11:08:21 | INFO | P07 | Fitting a logarithmic curve (scipy.optimize.curve_fit)
2026-06-25 11:08:21 | INFO | P07 | Fitted logarithmic curve:
2026-06-25 11:08:21 | INFO | P07 |   co2 = 2031.02 * log(8.64788e-13 * gdp)
2026-06-25 11:08:21 | INFO | P07 | Computing residuals for the logarithmic fit
2026-06-25 11:08:21 | INFO | P07 | Logarithmic fit numbers (requires interpretation):
2026-06-25 11:08:21 | DEBUG | P07 |   co2 = 2031.02 * log(8.64788e-13 * gdp)
2026-06-25 11:08:21 | DEBUG | P07 |   R-squared: 0.8099
2026-06-25 11:08:21 | DEBUG | P07 |   RMSE:      681.998  (in units of CO2 emissions)
2026-06-25 11:08:21 | DEBUG | P07 |   residual min:  -1279.31
2026-06-25 11:08:21 | DEBUG | P07 |   residual max:  1080.2
2026-06-25 11:08:21 | DEBUG | P07 |   residual mean:  -5.85278e-07
2026-06-25 11:08:21 | INFO | P07 | 
Logarithmic Regression Fit Numbers (requires interpretation):
             R-squared is far from 1, indicating the curve does not account for most of the variation in y.
             Residual plot shows clustering of residuals, indicating a logarithmic curve is not the right description.

2026-06-25 11:08:21 | INFO | P07 | ---- Creating Scatter Plot with Fitted Line ----------
2026-06-25 11:08:21 | INFO | P07 | ----   Set x to GDP -----------------------
2026-06-25 11:08:21 | INFO | P07 | ----   Set y to CO2 emissions -------------------------
2026-06-25 11:08:21 | INFO | P07 | ------ Creating Residual Plot --------------------------
2026-06-25 11:08:21 | INFO | P07 | ------   Set x to GDP ----------------------
2026-06-25 11:08:21 | INFO | P07 | ------   Set y to the residual (actual - fitted) -------
2026-06-25 11:08:21 | INFO | P07 | --- Processing Year: 1994 ---
2026-06-25 11:08:21 | INFO | P07 | Creating modeling view (dropping rows missing feature or target)
2026-06-25 11:08:21 | DEBUG | P07 | Columns required to be non-missing: ['gdp', 'co2']
2026-06-25 11:08:21 | INFO | P07 | Original rows: 10
2026-06-25 11:08:21 | INFO | P07 | Model rows:    9
2026-06-25 11:08:21 | INFO | P07 | Rows dropped:  1
2026-06-25 11:08:21 | INFO | P07 | Building feature matrix X and target vector y
2026-06-25 11:08:21 | DEBUG | P07 | X shape: (9, 1)  (rows, features)
2026-06-25 11:08:21 | DEBUG | P07 | y shape: (9,)  (rows,)
2026-06-25 11:08:21 | INFO | P07 | Fitting a linear regression (scikit-learn)
2026-06-25 11:08:21 | DEBUG | P07 |   slope:     5.69861e-10
2026-06-25 11:08:21 | DEBUG | P07 |   intercept: -355.247
2026-06-25 11:08:21 | INFO | P07 | Fitted line:
2026-06-25 11:08:21 | INFO | P07 |   co2 = 5.69861e-10 * gdp + -355.247
2026-06-25 11:08:21 | DEBUG | P07 |   numpy check -> slope 5.69861e-10, intercept -355.247
2026-06-25 11:08:21 | INFO | P07 | Computing fitted values for every observed row
2026-06-25 11:08:21 | INFO | P07 | Predicting CO2 emissions for one example GDP value
2026-06-25 11:08:21 | DEBUG | P07 |   example gdp: 1e+12
2026-06-25 11:08:21 | DEBUG | P07 |   predicted co2: 214.614
2026-06-25 11:08:21 | INFO | P07 | Computing residuals (actual - fitted)
2026-06-25 11:08:21 | INFO | P07 | Fit numbers (requires interpretation):
2026-06-25 11:08:21 | DEBUG | P07 |   R-squared: 0.9364
2026-06-25 11:08:21 | DEBUG | P07 |   RMSE:      404.497  (in units of CO2 emissions)
2026-06-25 11:08:21 | DEBUG | P07 |   residual min:  -640.188
2026-06-25 11:08:21 | DEBUG | P07 |   residual max:  919.667
2026-06-25 11:08:21 | DEBUG | P07 |   residual mean: -6.31594e-14
2026-06-25 11:08:21 | INFO | P07 | 
Linear Regression Fit Numbers (requires interpretation):
             R-squared is near 1, indicating the line accounts for most of the variation in y.
             Residual plot shows clustering of residuals, indicating a straight line is not the right description.

2026-06-25 11:08:21 | INFO | P07 | ---- Creating Scatter Plot with Fitted Line ----------
2026-06-25 11:08:21 | INFO | P07 | ----   Set x to GDP -----------------------
2026-06-25 11:08:21 | INFO | P07 | ----   Set y to CO2 emissions -------------------------
2026-06-25 11:08:21 | INFO | P07 | ------ Creating Residual Plot --------------------------
2026-06-25 11:08:21 | INFO | P07 | ------   Set x to GDP ----------------------
2026-06-25 11:08:21 | INFO | P07 | ------   Set y to the residual (actual - fitted) -------
2026-06-25 11:08:21 | INFO | P07 | Fitting an exponential curve (scipy.optimize.curve_fit)
2026-06-25 11:08:21 | INFO | P07 | Fitted exponential curve:
2026-06-25 11:08:21 | INFO | P07 |   co2 = 588.024 * exp(0.218884 * gdp / 1e+12)
2026-06-25 11:08:21 | INFO | P07 | Computing residuals for the exponential fit
2026-06-25 11:08:21 | INFO | P07 | Exponential fit numbers (requires interpretation):
2026-06-25 11:08:21 | DEBUG | P07 |   co2 = 588.024 * exp(0.218884 * gdp)
2026-06-25 11:08:21 | DEBUG | P07 |   R-squared: 0.8660
2026-06-25 11:08:21 | DEBUG | P07 |   RMSE:      586.967  (in units of CO2 emissions)
2026-06-25 11:08:21 | DEBUG | P07 |   residual min:  -543.438
2026-06-25 11:08:21 | DEBUG | P07 |   residual max:  1540.28
2026-06-25 11:08:21 | DEBUG | P07 |   residual mean:  -55.0616
2026-06-25 11:08:21 | INFO | P07 | 
Exponential Regression Fit Numbers (requires interpretation):
             R-squared is farther from 1 than linear regression, indicating the curve accounts for a some of the variation in y.
             Residual plot shows clustering of residuals, indicating an exponential curve line is not the right description.

2026-06-25 11:08:21 | INFO | P07 | ---- Creating Scatter Plot with Fitted Line ----------
2026-06-25 11:08:21 | INFO | P07 | ----   Set x to GDP -----------------------
2026-06-25 11:08:21 | INFO | P07 | ----   Set y to CO2 emissions -------------------------
2026-06-25 11:08:21 | INFO | P07 | ------ Creating Residual Plot --------------------------
2026-06-25 11:08:21 | INFO | P07 | ------   Set x to GDP ----------------------
2026-06-25 11:08:21 | INFO | P07 | ------   Set y to the residual (actual - fitted) -------
2026-06-25 11:08:21 | INFO | P07 | Fitting a logarithmic curve (scipy.optimize.curve_fit)
2026-06-25 11:08:21 | INFO | P07 | Fitted logarithmic curve:
2026-06-25 11:08:21 | INFO | P07 |   co2 = 2106.41 * log(8.22926e-13 * gdp)
2026-06-25 11:08:21 | INFO | P07 | Computing residuals for the logarithmic fit
2026-06-25 11:08:21 | INFO | P07 | Logarithmic fit numbers (requires interpretation):
2026-06-25 11:08:21 | DEBUG | P07 |   co2 = 2106.41 * log(8.22926e-13 * gdp)
2026-06-25 11:08:21 | DEBUG | P07 |   R-squared: 0.8229
2026-06-25 11:08:21 | DEBUG | P07 |   RMSE:      674.718  (in units of CO2 emissions)
2026-06-25 11:08:21 | DEBUG | P07 |   residual min:  -1229.43
2026-06-25 11:08:21 | DEBUG | P07 |   residual max:  1123
2026-06-25 11:08:21 | DEBUG | P07 |   residual mean:  5.15013e-06
2026-06-25 11:08:21 | INFO | P07 | 
Logarithmic Regression Fit Numbers (requires interpretation):
             R-squared is far from 1, indicating the curve does not account for most of the variation in y.
             Residual plot shows clustering of residuals, indicating a logarithmic curve is not the right description.

2026-06-25 11:08:21 | INFO | P07 | ---- Creating Scatter Plot with Fitted Line ----------
2026-06-25 11:08:21 | INFO | P07 | ----   Set x to GDP -----------------------
2026-06-25 11:08:21 | INFO | P07 | ----   Set y to CO2 emissions -------------------------
2026-06-25 11:08:22 | INFO | P07 | ------ Creating Residual Plot --------------------------
2026-06-25 11:08:22 | INFO | P07 | ------   Set x to GDP ----------------------
2026-06-25 11:08:22 | INFO | P07 | ------   Set y to the residual (actual - fitted) -------
2026-06-25 11:08:22 | INFO | P07 | --- Processing Year: 1995 ---
2026-06-25 11:08:22 | INFO | P07 | Creating modeling view (dropping rows missing feature or target)
2026-06-25 11:08:22 | DEBUG | P07 | Columns required to be non-missing: ['gdp', 'co2']
2026-06-25 11:08:22 | INFO | P07 | Original rows: 10
2026-06-25 11:08:22 | INFO | P07 | Model rows:    9
2026-06-25 11:08:22 | INFO | P07 | Rows dropped:  1
2026-06-25 11:08:22 | INFO | P07 | Building feature matrix X and target vector y
2026-06-25 11:08:22 | DEBUG | P07 | X shape: (9, 1)  (rows, features)
2026-06-25 11:08:22 | DEBUG | P07 | y shape: (9,)  (rows,)
2026-06-25 11:08:22 | INFO | P07 | Fitting a linear regression (scikit-learn)
2026-06-25 11:08:22 | DEBUG | P07 |   slope:     5.66755e-10
2026-06-25 11:08:22 | DEBUG | P07 |   intercept: -371.936
2026-06-25 11:08:22 | INFO | P07 | Fitted line:
2026-06-25 11:08:22 | INFO | P07 |   co2 = 5.66755e-10 * gdp + -371.936
2026-06-25 11:08:22 | DEBUG | P07 |   numpy check -> slope 5.66755e-10, intercept -371.936
2026-06-25 11:08:22 | INFO | P07 | Computing fitted values for every observed row
2026-06-25 11:08:22 | INFO | P07 | Predicting CO2 emissions for one example GDP value
2026-06-25 11:08:22 | DEBUG | P07 |   example gdp: 1e+12
2026-06-25 11:08:22 | DEBUG | P07 |   predicted co2: 194.819
2026-06-25 11:08:22 | INFO | P07 | Computing residuals (actual - fitted)
2026-06-25 11:08:22 | INFO | P07 | Fit numbers (requires interpretation):
2026-06-25 11:08:22 | DEBUG | P07 |   R-squared: 0.9317
2026-06-25 11:08:22 | DEBUG | P07 |   RMSE:      430.473  (in units of CO2 emissions)
2026-06-25 11:08:22 | DEBUG | P07 |   residual min:  -657.755
2026-06-25 11:08:22 | DEBUG | P07 |   residual max:  997.042
2026-06-25 11:08:22 | DEBUG | P07 |   residual mean: -1.64214e-13
2026-06-25 11:08:22 | INFO | P07 | 
Linear Regression Fit Numbers (requires interpretation):
             R-squared is near 1, indicating the line accounts for most of the variation in y.
             Residual plot shows clustering of residuals, indicating a straight line is not the right description.

2026-06-25 11:08:22 | INFO | P07 | ---- Creating Scatter Plot with Fitted Line ----------
2026-06-25 11:08:22 | INFO | P07 | ----   Set x to GDP -----------------------
2026-06-25 11:08:22 | INFO | P07 | ----   Set y to CO2 emissions -------------------------
2026-06-25 11:08:22 | INFO | P07 | ------ Creating Residual Plot --------------------------
2026-06-25 11:08:22 | INFO | P07 | ------   Set x to GDP ----------------------
2026-06-25 11:08:22 | INFO | P07 | ------   Set y to the residual (actual - fitted) -------
2026-06-25 11:08:22 | INFO | P07 | Fitting an exponential curve (scipy.optimize.curve_fit)
2026-06-25 11:08:22 | INFO | P07 | Fitted exponential curve:
2026-06-25 11:08:22 | INFO | P07 |   co2 = 610.18 * exp(0.211235 * gdp / 1e+12)
2026-06-25 11:08:22 | INFO | P07 | Computing residuals for the exponential fit
2026-06-25 11:08:22 | INFO | P07 | Exponential fit numbers (requires interpretation):
2026-06-25 11:08:22 | DEBUG | P07 |   co2 = 610.18 * exp(0.211235 * gdp)
2026-06-25 11:08:22 | DEBUG | P07 |   R-squared: 0.8527
2026-06-25 11:08:22 | DEBUG | P07 |   RMSE:      632.107  (in units of CO2 emissions)
2026-06-25 11:08:22 | DEBUG | P07 |   residual min:  -563.481
2026-06-25 11:08:22 | DEBUG | P07 |   residual max:  1665.74
2026-06-25 11:08:22 | DEBUG | P07 |   residual mean:  -62.1388
2026-06-25 11:08:22 | INFO | P07 | 
Exponential Regression Fit Numbers (requires interpretation):
             R-squared is farther from 1 than linear regression, indicating the curve accounts for a some of the variation in y.
             Residual plot shows clustering of residuals, indicating an exponential curve line is not the right description.

2026-06-25 11:08:22 | INFO | P07 | ---- Creating Scatter Plot with Fitted Line ----------
2026-06-25 11:08:22 | INFO | P07 | ----   Set x to GDP -----------------------
2026-06-25 11:08:22 | INFO | P07 | ----   Set y to CO2 emissions -------------------------
2026-06-25 11:08:22 | INFO | P07 | ------ Creating Residual Plot --------------------------
2026-06-25 11:08:22 | INFO | P07 | ------   Set x to GDP ----------------------
2026-06-25 11:08:22 | INFO | P07 | ------   Set y to the residual (actual - fitted) -------
2026-06-25 11:08:22 | INFO | P07 | Fitting a logarithmic curve (scipy.optimize.curve_fit)
2026-06-25 11:08:22 | INFO | P07 | Fitted logarithmic curve:
2026-06-25 11:08:22 | INFO | P07 |   co2 = 2156.13 * log(7.95158e-13 * gdp)
2026-06-25 11:08:22 | INFO | P07 | Computing residuals for the logarithmic fit
2026-06-25 11:08:22 | INFO | P07 | Logarithmic fit numbers (requires interpretation):
2026-06-25 11:08:22 | DEBUG | P07 |   co2 = 2156.13 * log(7.95158e-13 * gdp)
2026-06-25 11:08:22 | DEBUG | P07 |   R-squared: 0.8225
2026-06-25 11:08:22 | DEBUG | P07 |   RMSE:      693.838  (in units of CO2 emissions)
2026-06-25 11:08:22 | DEBUG | P07 |   residual min:  -1257.55
2026-06-25 11:08:22 | DEBUG | P07 |   residual max:  1162.12
2026-06-25 11:08:22 | DEBUG | P07 |   residual mean:  5.06705e-06
2026-06-25 11:08:22 | INFO | P07 | 
Logarithmic Regression Fit Numbers (requires interpretation):
             R-squared is far from 1, indicating the curve does not account for most of the variation in y.
             Residual plot shows clustering of residuals, indicating a logarithmic curve is not the right description.

2026-06-25 11:08:22 | INFO | P07 | ---- Creating Scatter Plot with Fitted Line ----------
2026-06-25 11:08:22 | INFO | P07 | ----   Set x to GDP -----------------------
2026-06-25 11:08:22 | INFO | P07 | ----   Set y to CO2 emissions -------------------------
2026-06-25 11:08:22 | INFO | P07 | ------ Creating Residual Plot --------------------------
2026-06-25 11:08:22 | INFO | P07 | ------   Set x to GDP ----------------------
2026-06-25 11:08:22 | INFO | P07 | ------   Set y to the residual (actual - fitted) -------
2026-06-25 11:08:22 | INFO | P07 | --- Processing Year: 1996 ---
2026-06-25 11:08:22 | INFO | P07 | Creating modeling view (dropping rows missing feature or target)
2026-06-25 11:08:22 | DEBUG | P07 | Columns required to be non-missing: ['gdp', 'co2']
2026-06-25 11:08:22 | INFO | P07 | Original rows: 10
2026-06-25 11:08:22 | INFO | P07 | Model rows:    9
2026-06-25 11:08:22 | INFO | P07 | Rows dropped:  1
2026-06-25 11:08:22 | INFO | P07 | Building feature matrix X and target vector y
2026-06-25 11:08:22 | DEBUG | P07 | X shape: (9, 1)  (rows, features)
2026-06-25 11:08:22 | DEBUG | P07 | y shape: (9,)  (rows,)
2026-06-25 11:08:22 | INFO | P07 | Fitting a linear regression (scikit-learn)
2026-06-25 11:08:22 | DEBUG | P07 |   slope:     5.63032e-10
2026-06-25 11:08:22 | DEBUG | P07 |   intercept: -378.116
2026-06-25 11:08:22 | INFO | P07 | Fitted line:
2026-06-25 11:08:22 | INFO | P07 |   co2 = 5.63032e-10 * gdp + -378.116
2026-06-25 11:08:22 | DEBUG | P07 |   numpy check -> slope 5.63032e-10, intercept -378.116
2026-06-25 11:08:22 | INFO | P07 | Computing fitted values for every observed row
2026-06-25 11:08:22 | INFO | P07 | Predicting CO2 emissions for one example GDP value
2026-06-25 11:08:22 | DEBUG | P07 |   example gdp: 1e+12
2026-06-25 11:08:22 | DEBUG | P07 |   predicted co2: 184.916
2026-06-25 11:08:22 | INFO | P07 | Computing residuals (actual - fitted)
2026-06-25 11:08:22 | INFO | P07 | Fit numbers (requires interpretation):
2026-06-25 11:08:22 | DEBUG | P07 |   R-squared: 0.9345
2026-06-25 11:08:22 | DEBUG | P07 |   RMSE:      435.66  (in units of CO2 emissions)
2026-06-25 11:08:22 | DEBUG | P07 |   residual min:  -692.252
2026-06-25 11:08:22 | DEBUG | P07 |   residual max:  990.43
2026-06-25 11:08:22 | DEBUG | P07 |   residual mean: 1.26319e-14
2026-06-25 11:08:22 | INFO | P07 | 
Linear Regression Fit Numbers (requires interpretation):
             R-squared is near 1, indicating the line accounts for most of the variation in y.
             Residual plot shows clustering of residuals, indicating a straight line is not the right description.

2026-06-25 11:08:22 | INFO | P07 | ---- Creating Scatter Plot with Fitted Line ----------
2026-06-25 11:08:22 | INFO | P07 | ----   Set x to GDP -----------------------
2026-06-25 11:08:22 | INFO | P07 | ----   Set y to CO2 emissions -------------------------
2026-06-25 11:08:23 | INFO | P07 | ------ Creating Residual Plot --------------------------
2026-06-25 11:08:23 | INFO | P07 | ------   Set x to GDP ----------------------
2026-06-25 11:08:23 | INFO | P07 | ------   Set y to the residual (actual - fitted) -------
2026-06-25 11:08:23 | INFO | P07 | Fitting an exponential curve (scipy.optimize.curve_fit)
2026-06-25 11:08:23 | INFO | P07 | Fitted exponential curve:
2026-06-25 11:08:23 | INFO | P07 |   co2 = 632.641 * exp(0.203281 * gdp / 1e+12)
2026-06-25 11:08:23 | INFO | P07 | Computing residuals for the exponential fit
2026-06-25 11:08:23 | INFO | P07 | Exponential fit numbers (requires interpretation):
2026-06-25 11:08:23 | DEBUG | P07 |   co2 = 632.641 * exp(0.203281 * gdp)
2026-06-25 11:08:23 | DEBUG | P07 |   R-squared: 0.8556
2026-06-25 11:08:23 | DEBUG | P07 |   RMSE:      647.071  (in units of CO2 emissions)
2026-06-25 11:08:23 | DEBUG | P07 |   residual min:  -572.438
2026-06-25 11:08:23 | DEBUG | P07 |   residual max:  1705.23
2026-06-25 11:08:23 | DEBUG | P07 |   residual mean:  -65.6223
2026-06-25 11:08:23 | INFO | P07 | 
Exponential Regression Fit Numbers (requires interpretation):
             R-squared is farther from 1 than linear regression, indicating the curve accounts for a some of the variation in y.
             Residual plot shows clustering of residuals, indicating an exponential curve line is not the right description.

2026-06-25 11:08:23 | INFO | P07 | ---- Creating Scatter Plot with Fitted Line ----------
2026-06-25 11:08:23 | INFO | P07 | ----   Set x to GDP -----------------------
2026-06-25 11:08:23 | INFO | P07 | ----   Set y to CO2 emissions -------------------------
2026-06-25 11:08:23 | INFO | P07 | ------ Creating Residual Plot --------------------------
2026-06-25 11:08:23 | INFO | P07 | ------   Set x to GDP ----------------------
2026-06-25 11:08:23 | INFO | P07 | ------   Set y to the residual (actual - fitted) -------
2026-06-25 11:08:23 | INFO | P07 | Fitting a logarithmic curve (scipy.optimize.curve_fit)
2026-06-25 11:08:23 | INFO | P07 | Fitted logarithmic curve:
2026-06-25 11:08:23 | INFO | P07 |   co2 = 2202.34 * log(7.7624e-13 * gdp)
2026-06-25 11:08:23 | INFO | P07 | Computing residuals for the logarithmic fit
2026-06-25 11:08:23 | INFO | P07 | Logarithmic fit numbers (requires interpretation):
2026-06-25 11:08:23 | DEBUG | P07 |   co2 = 2202.34 * log(7.7624e-13 * gdp)
2026-06-25 11:08:23 | DEBUG | P07 |   R-squared: 0.8201
2026-06-25 11:08:23 | DEBUG | P07 |   RMSE:      722.26  (in units of CO2 emissions)
2026-06-25 11:08:23 | DEBUG | P07 |   residual min:  -1311.06
2026-06-25 11:08:23 | DEBUG | P07 |   residual max:  1204.53
2026-06-25 11:08:23 | DEBUG | P07 |   residual mean:  -5.99783e-08
2026-06-25 11:08:23 | INFO | P07 | 
Logarithmic Regression Fit Numbers (requires interpretation):
             R-squared is far from 1, indicating the curve does not account for most of the variation in y.
             Residual plot shows clustering of residuals, indicating a logarithmic curve is not the right description.

2026-06-25 11:08:23 | INFO | P07 | ---- Creating Scatter Plot with Fitted Line ----------
2026-06-25 11:08:23 | INFO | P07 | ----   Set x to GDP -----------------------
2026-06-25 11:08:23 | INFO | P07 | ----   Set y to CO2 emissions -------------------------
2026-06-25 11:08:23 | INFO | P07 | ------ Creating Residual Plot --------------------------
2026-06-25 11:08:23 | INFO | P07 | ------   Set x to GDP ----------------------
2026-06-25 11:08:23 | INFO | P07 | ------   Set y to the residual (actual - fitted) -------
2026-06-25 11:08:23 | INFO | P07 | --- Processing Year: 1997 ---
2026-06-25 11:08:23 | INFO | P07 | Creating modeling view (dropping rows missing feature or target)
2026-06-25 11:08:23 | DEBUG | P07 | Columns required to be non-missing: ['gdp', 'co2']
2026-06-25 11:08:23 | INFO | P07 | Original rows: 10
2026-06-25 11:08:23 | INFO | P07 | Model rows:    9
2026-06-25 11:08:23 | INFO | P07 | Rows dropped:  1
2026-06-25 11:08:23 | INFO | P07 | Building feature matrix X and target vector y
2026-06-25 11:08:23 | DEBUG | P07 | X shape: (9, 1)  (rows, features)
2026-06-25 11:08:23 | DEBUG | P07 | y shape: (9,)  (rows,)
2026-06-25 11:08:23 | INFO | P07 | Fitting a linear regression (scikit-learn)
2026-06-25 11:08:23 | DEBUG | P07 |   slope:     5.46305e-10
2026-06-25 11:08:23 | DEBUG | P07 |   intercept: -375.495
2026-06-25 11:08:23 | INFO | P07 | Fitted line:
2026-06-25 11:08:23 | INFO | P07 |   co2 = 5.46305e-10 * gdp + -375.495
2026-06-25 11:08:23 | DEBUG | P07 |   numpy check -> slope 5.46305e-10, intercept -375.495
2026-06-25 11:08:23 | INFO | P07 | Computing fitted values for every observed row
2026-06-25 11:08:23 | INFO | P07 | Predicting CO2 emissions for one example GDP value
2026-06-25 11:08:23 | DEBUG | P07 |   example gdp: 1e+12
2026-06-25 11:08:23 | DEBUG | P07 |   predicted co2: 170.811
2026-06-25 11:08:23 | INFO | P07 | Computing residuals (actual - fitted)
2026-06-25 11:08:23 | INFO | P07 | Fit numbers (requires interpretation):
2026-06-25 11:08:23 | DEBUG | P07 |   R-squared: 0.9372
2026-06-25 11:08:23 | DEBUG | P07 |   RMSE:      431.675  (in units of CO2 emissions)
2026-06-25 11:08:23 | DEBUG | P07 |   residual min:  -656.543
2026-06-25 11:08:23 | DEBUG | P07 |   residual max:  997.158
2026-06-25 11:08:23 | DEBUG | P07 |   residual mean: -1.51582e-13
2026-06-25 11:08:23 | INFO | P07 | 
Linear Regression Fit Numbers (requires interpretation):
             R-squared is near 1, indicating the line accounts for most of the variation in y.
             Residual plot shows clustering of residuals, indicating a straight line is not the right description.

2026-06-25 11:08:23 | INFO | P07 | ---- Creating Scatter Plot with Fitted Line ----------
2026-06-25 11:08:23 | INFO | P07 | ----   Set x to GDP -----------------------
2026-06-25 11:08:23 | INFO | P07 | ----   Set y to CO2 emissions -------------------------
2026-06-25 11:08:23 | INFO | P07 | ------ Creating Residual Plot --------------------------
2026-06-25 11:08:23 | INFO | P07 | ------   Set x to GDP ----------------------
2026-06-25 11:08:23 | INFO | P07 | ------   Set y to the residual (actual - fitted) -------
2026-06-25 11:08:23 | INFO | P07 | Fitting an exponential curve (scipy.optimize.curve_fit)
2026-06-25 11:08:23 | INFO | P07 | Fitted exponential curve:
2026-06-25 11:08:23 | INFO | P07 |   co2 = 640.241 * exp(0.194558 * gdp / 1e+12)
2026-06-25 11:08:23 | INFO | P07 | Computing residuals for the exponential fit
2026-06-25 11:08:23 | INFO | P07 | Exponential fit numbers (requires interpretation):
2026-06-25 11:08:23 | DEBUG | P07 |   co2 = 640.241 * exp(0.194558 * gdp)
2026-06-25 11:08:23 | DEBUG | P07 |   R-squared: 0.8567
2026-06-25 11:08:23 | DEBUG | P07 |   RMSE:      652.219  (in units of CO2 emissions)
2026-06-25 11:08:23 | DEBUG | P07 |   residual min:  -565.735
2026-06-25 11:08:23 | DEBUG | P07 |   residual max:  1719.94
2026-06-25 11:08:23 | DEBUG | P07 |   residual mean:  -66.1352
2026-06-25 11:08:23 | INFO | P07 | 
Exponential Regression Fit Numbers (requires interpretation):
             R-squared is farther from 1 than linear regression, indicating the curve accounts for a some of the variation in y.
             Residual plot shows clustering of residuals, indicating an exponential curve line is not the right description.

2026-06-25 11:08:23 | INFO | P07 | ---- Creating Scatter Plot with Fitted Line ----------
2026-06-25 11:08:23 | INFO | P07 | ----   Set x to GDP -----------------------
2026-06-25 11:08:23 | INFO | P07 | ----   Set y to CO2 emissions -------------------------
2026-06-25 11:08:24 | INFO | P07 | ------ Creating Residual Plot --------------------------
2026-06-25 11:08:24 | INFO | P07 | ------   Set x to GDP ----------------------
2026-06-25 11:08:24 | INFO | P07 | ------   Set y to the residual (actual - fitted) -------
2026-06-25 11:08:24 | INFO | P07 | Fitting a logarithmic curve (scipy.optimize.curve_fit)
2026-06-25 11:08:24 | INFO | P07 | Fitted logarithmic curve:
2026-06-25 11:08:24 | INFO | P07 |   co2 = 2241.81 * log(7.45283e-13 * gdp)
2026-06-25 11:08:24 | INFO | P07 | Computing residuals for the logarithmic fit
2026-06-25 11:08:24 | INFO | P07 | Logarithmic fit numbers (requires interpretation):
2026-06-25 11:08:24 | DEBUG | P07 |   co2 = 2241.81 * log(7.45283e-13 * gdp)
2026-06-25 11:08:24 | DEBUG | P07 |   R-squared: 0.8266
2026-06-25 11:08:24 | DEBUG | P07 |   RMSE:      717.422  (in units of CO2 emissions)
2026-06-25 11:08:24 | DEBUG | P07 |   residual min:  -1296.06
2026-06-25 11:08:24 | DEBUG | P07 |   residual max:  1222.43
2026-06-25 11:08:24 | DEBUG | P07 |   residual mean:  -2.06659e-06
2026-06-25 11:08:24 | INFO | P07 | 
Logarithmic Regression Fit Numbers (requires interpretation):
             R-squared is far from 1, indicating the curve does not account for most of the variation in y.
             Residual plot shows clustering of residuals, indicating a logarithmic curve is not the right description.

2026-06-25 11:08:24 | INFO | P07 | ---- Creating Scatter Plot with Fitted Line ----------
2026-06-25 11:08:24 | INFO | P07 | ----   Set x to GDP -----------------------
2026-06-25 11:08:24 | INFO | P07 | ----   Set y to CO2 emissions -------------------------
2026-06-25 11:08:24 | INFO | P07 | ------ Creating Residual Plot --------------------------
2026-06-25 11:08:24 | INFO | P07 | ------   Set x to GDP ----------------------
2026-06-25 11:08:24 | INFO | P07 | ------   Set y to the residual (actual - fitted) -------
2026-06-25 11:08:24 | INFO | P07 | --- Processing Year: 1998 ---
2026-06-25 11:08:24 | INFO | P07 | Creating modeling view (dropping rows missing feature or target)
2026-06-25 11:08:24 | DEBUG | P07 | Columns required to be non-missing: ['gdp', 'co2']
2026-06-25 11:08:24 | INFO | P07 | Original rows: 10
2026-06-25 11:08:24 | INFO | P07 | Model rows:    9
2026-06-25 11:08:24 | INFO | P07 | Rows dropped:  1
2026-06-25 11:08:24 | INFO | P07 | Building feature matrix X and target vector y
2026-06-25 11:08:24 | DEBUG | P07 | X shape: (9, 1)  (rows, features)
2026-06-25 11:08:24 | DEBUG | P07 | y shape: (9,)  (rows,)
2026-06-25 11:08:24 | INFO | P07 | Fitting a linear regression (scikit-learn)
2026-06-25 11:08:24 | DEBUG | P07 |   slope:     5.25802e-10
2026-06-25 11:08:24 | DEBUG | P07 |   intercept: -364.925
2026-06-25 11:08:24 | INFO | P07 | Fitted line:
2026-06-25 11:08:24 | INFO | P07 |   co2 = 5.25802e-10 * gdp + -364.925
2026-06-25 11:08:24 | DEBUG | P07 |   numpy check -> slope 5.25802e-10, intercept -364.925
2026-06-25 11:08:24 | INFO | P07 | Computing fitted values for every observed row
2026-06-25 11:08:24 | INFO | P07 | Predicting CO2 emissions for one example GDP value
2026-06-25 11:08:24 | DEBUG | P07 |   example gdp: 1e+12
2026-06-25 11:08:24 | DEBUG | P07 |   predicted co2: 160.877
2026-06-25 11:08:24 | INFO | P07 | Computing residuals (actual - fitted)
2026-06-25 11:08:24 | INFO | P07 | Fit numbers (requires interpretation):
2026-06-25 11:08:24 | DEBUG | P07 |   R-squared: 0.9464
2026-06-25 11:08:24 | DEBUG | P07 |   RMSE:      397.737  (in units of CO2 emissions)
2026-06-25 11:08:24 | DEBUG | P07 |   residual min:  -595.442
2026-06-25 11:08:24 | DEBUG | P07 |   residual max:  913.16
2026-06-25 11:08:24 | DEBUG | P07 |   residual mean: 8.84231e-14
2026-06-25 11:08:24 | INFO | P07 | 
Linear Regression Fit Numbers (requires interpretation):
             R-squared is near 1, indicating the line accounts for most of the variation in y.
             Residual plot shows clustering of residuals, indicating a straight line is not the right description.

2026-06-25 11:08:24 | INFO | P07 | ---- Creating Scatter Plot with Fitted Line ----------
2026-06-25 11:08:24 | INFO | P07 | ----   Set x to GDP -----------------------
2026-06-25 11:08:24 | INFO | P07 | ----   Set y to CO2 emissions -------------------------
2026-06-25 11:08:24 | INFO | P07 | ------ Creating Residual Plot --------------------------
2026-06-25 11:08:24 | INFO | P07 | ------   Set x to GDP ----------------------
2026-06-25 11:08:24 | INFO | P07 | ------   Set y to the residual (actual - fitted) -------
2026-06-25 11:08:24 | INFO | P07 | Fitting an exponential curve (scipy.optimize.curve_fit)
2026-06-25 11:08:24 | INFO | P07 | Fitted exponential curve:
2026-06-25 11:08:24 | INFO | P07 |   co2 = 636.303 * exp(0.187356 * gdp / 1e+12)
2026-06-25 11:08:24 | INFO | P07 | Computing residuals for the exponential fit
2026-06-25 11:08:24 | INFO | P07 | Exponential fit numbers (requires interpretation):
2026-06-25 11:08:24 | DEBUG | P07 |   co2 = 636.303 * exp(0.187356 * gdp)
2026-06-25 11:08:24 | DEBUG | P07 |   R-squared: 0.8710
2026-06-25 11:08:24 | DEBUG | P07 |   RMSE:      617.003  (in units of CO2 emissions)
2026-06-25 11:08:24 | DEBUG | P07 |   residual min:  -544.21
2026-06-25 11:08:24 | DEBUG | P07 |   residual max:  1625.28
2026-06-25 11:08:24 | DEBUG | P07 |   residual mean:  -61.4871
2026-06-25 11:08:24 | INFO | P07 | 
Exponential Regression Fit Numbers (requires interpretation):
             R-squared is farther from 1 than linear regression, indicating the curve accounts for a some of the variation in y.
             Residual plot shows clustering of residuals, indicating an exponential curve line is not the right description.

2026-06-25 11:08:24 | INFO | P07 | ---- Creating Scatter Plot with Fitted Line ----------
2026-06-25 11:08:24 | INFO | P07 | ----   Set x to GDP -----------------------
2026-06-25 11:08:24 | INFO | P07 | ----   Set y to CO2 emissions -------------------------
2026-06-25 11:08:24 | INFO | P07 | ------ Creating Residual Plot --------------------------
2026-06-25 11:08:24 | INFO | P07 | ------   Set x to GDP ----------------------
2026-06-25 11:08:24 | INFO | P07 | ------   Set y to the residual (actual - fitted) -------
2026-06-25 11:08:24 | INFO | P07 | Fitting a logarithmic curve (scipy.optimize.curve_fit)
2026-06-25 11:08:24 | INFO | P07 | Fitted logarithmic curve:
2026-06-25 11:08:24 | INFO | P07 |   co2 = 2252.71 * log(7.1958e-13 * gdp)
2026-06-25 11:08:24 | INFO | P07 | Computing residuals for the logarithmic fit
2026-06-25 11:08:24 | INFO | P07 | Logarithmic fit numbers (requires interpretation):
2026-06-25 11:08:24 | DEBUG | P07 |   co2 = 2252.71 * log(7.1958e-13 * gdp)
2026-06-25 11:08:24 | DEBUG | P07 |   R-squared: 0.8318
2026-06-25 11:08:24 | DEBUG | P07 |   RMSE:      704.669  (in units of CO2 emissions)
2026-06-25 11:08:24 | DEBUG | P07 |   residual min:  -1242.04
2026-06-25 11:08:24 | DEBUG | P07 |   residual max:  1220.89
2026-06-25 11:08:24 | DEBUG | P07 |   residual mean:  2.25145e-06
2026-06-25 11:08:24 | INFO | P07 | 
Logarithmic Regression Fit Numbers (requires interpretation):
             R-squared is far from 1, indicating the curve does not account for most of the variation in y.
             Residual plot shows clustering of residuals, indicating a logarithmic curve is not the right description.

2026-06-25 11:08:24 | INFO | P07 | ---- Creating Scatter Plot with Fitted Line ----------
2026-06-25 11:08:24 | INFO | P07 | ----   Set x to GDP -----------------------
2026-06-25 11:08:24 | INFO | P07 | ----   Set y to CO2 emissions -------------------------
2026-06-25 11:08:24 | INFO | P07 | ------ Creating Residual Plot --------------------------
2026-06-25 11:08:24 | INFO | P07 | ------   Set x to GDP ----------------------
2026-06-25 11:08:24 | INFO | P07 | ------   Set y to the residual (actual - fitted) -------
2026-06-25 11:08:25 | INFO | P07 | --- Processing Year: 1999 ---
2026-06-25 11:08:25 | INFO | P07 | Creating modeling view (dropping rows missing feature or target)
2026-06-25 11:08:25 | DEBUG | P07 | Columns required to be non-missing: ['gdp', 'co2']
2026-06-25 11:08:25 | INFO | P07 | Original rows: 10
2026-06-25 11:08:25 | INFO | P07 | Model rows:    9
2026-06-25 11:08:25 | INFO | P07 | Rows dropped:  1
2026-06-25 11:08:25 | INFO | P07 | Building feature matrix X and target vector y
2026-06-25 11:08:25 | DEBUG | P07 | X shape: (9, 1)  (rows, features)
2026-06-25 11:08:25 | DEBUG | P07 | y shape: (9,)  (rows,)
2026-06-25 11:08:25 | INFO | P07 | Fitting a linear regression (scikit-learn)
2026-06-25 11:08:25 | DEBUG | P07 |   slope:     5.11191e-10
2026-06-25 11:08:25 | DEBUG | P07 |   intercept: -339.675
2026-06-25 11:08:25 | INFO | P07 | Fitted line:
2026-06-25 11:08:25 | INFO | P07 |   co2 = 5.11191e-10 * gdp + -339.675
2026-06-25 11:08:25 | DEBUG | P07 |   numpy check -> slope 5.11191e-10, intercept -339.675
2026-06-25 11:08:25 | INFO | P07 | Computing fitted values for every observed row
2026-06-25 11:08:25 | INFO | P07 | Predicting CO2 emissions for one example GDP value
2026-06-25 11:08:25 | DEBUG | P07 |   example gdp: 1e+12
2026-06-25 11:08:25 | DEBUG | P07 |   predicted co2: 171.516
2026-06-25 11:08:25 | INFO | P07 | Computing residuals (actual - fitted)
2026-06-25 11:08:25 | INFO | P07 | Fit numbers (requires interpretation):
2026-06-25 11:08:25 | DEBUG | P07 |   R-squared: 0.9418
2026-06-25 11:08:25 | DEBUG | P07 |   RMSE:      423.106  (in units of CO2 emissions)
2026-06-25 11:08:25 | DEBUG | P07 |   residual min:  -517.208
2026-06-25 11:08:25 | DEBUG | P07 |   residual max:  1037.95
2026-06-25 11:08:25 | DEBUG | P07 |   residual mean: -2.0211e-13
2026-06-25 11:08:25 | INFO | P07 | 
Linear Regression Fit Numbers (requires interpretation):
             R-squared is near 1, indicating the line accounts for most of the variation in y.
             Residual plot shows clustering of residuals, indicating a straight line is not the right description.

2026-06-25 11:08:25 | INFO | P07 | ---- Creating Scatter Plot with Fitted Line ----------
2026-06-25 11:08:25 | INFO | P07 | ----   Set x to GDP -----------------------
2026-06-25 11:08:25 | INFO | P07 | ----   Set y to CO2 emissions -------------------------
2026-06-25 11:08:25 | INFO | P07 | ------ Creating Residual Plot --------------------------
2026-06-25 11:08:25 | INFO | P07 | ------   Set x to GDP ----------------------
2026-06-25 11:08:25 | INFO | P07 | ------   Set y to the residual (actual - fitted) -------
2026-06-25 11:08:25 | INFO | P07 | Fitting an exponential curve (scipy.optimize.curve_fit)
2026-06-25 11:08:25 | INFO | P07 | Fitted exponential curve:
2026-06-25 11:08:25 | INFO | P07 |   co2 = 672.575 * exp(0.17565 * gdp / 1e+12)
2026-06-25 11:08:25 | INFO | P07 | Computing residuals for the exponential fit
2026-06-25 11:08:25 | INFO | P07 | Exponential fit numbers (requires interpretation):
2026-06-25 11:08:25 | DEBUG | P07 |   co2 = 672.575 * exp(0.17565 * gdp)
2026-06-25 11:08:25 | DEBUG | P07 |   R-squared: 0.8555
2026-06-25 11:08:25 | DEBUG | P07 |   RMSE:      666.945  (in units of CO2 emissions)
2026-06-25 11:08:25 | DEBUG | P07 |   residual min:  -570.783
2026-06-25 11:08:25 | DEBUG | P07 |   residual max:  1758.15
2026-06-25 11:08:25 | DEBUG | P07 |   residual mean:  -65.8569
2026-06-25 11:08:25 | INFO | P07 | 
Exponential Regression Fit Numbers (requires interpretation):
             R-squared is farther from 1 than linear regression, indicating the curve accounts for a some of the variation in y.
             Residual plot shows clustering of residuals, indicating an exponential curve line is not the right description.

2026-06-25 11:08:25 | INFO | P07 | ---- Creating Scatter Plot with Fitted Line ----------
2026-06-25 11:08:25 | INFO | P07 | ----   Set x to GDP -----------------------
2026-06-25 11:08:25 | INFO | P07 | ----   Set y to CO2 emissions -------------------------
2026-06-25 11:08:25 | INFO | P07 | ------ Creating Residual Plot --------------------------
2026-06-25 11:08:25 | INFO | P07 | ------   Set x to GDP ----------------------
2026-06-25 11:08:25 | INFO | P07 | ------   Set y to the residual (actual - fitted) -------
2026-06-25 11:08:25 | INFO | P07 | Fitting a logarithmic curve (scipy.optimize.curve_fit)
2026-06-25 11:08:25 | INFO | P07 | Fitted logarithmic curve:
2026-06-25 11:08:25 | INFO | P07 |   co2 = 2319.97 * log(6.93796e-13 * gdp)
2026-06-25 11:08:25 | INFO | P07 | Computing residuals for the logarithmic fit
2026-06-25 11:08:25 | INFO | P07 | Logarithmic fit numbers (requires interpretation):
2026-06-25 11:08:25 | DEBUG | P07 |   co2 = 2319.97 * log(6.93796e-13 * gdp)
2026-06-25 11:08:25 | DEBUG | P07 |   R-squared: 0.8459
2026-06-25 11:08:25 | DEBUG | P07 |   RMSE:      688.729  (in units of CO2 emissions)
2026-06-25 11:08:25 | DEBUG | P07 |   residual min:  -1186.22
2026-06-25 11:08:25 | DEBUG | P07 |   residual max:  1216.85
2026-06-25 11:08:25 | DEBUG | P07 |   residual mean:  -9.38933e-07
2026-06-25 11:08:25 | INFO | P07 | 
Logarithmic Regression Fit Numbers (requires interpretation):
             R-squared is far from 1, indicating the curve does not account for most of the variation in y.
             Residual plot shows clustering of residuals, indicating a logarithmic curve is not the right description.

2026-06-25 11:08:25 | INFO | P07 | ---- Creating Scatter Plot with Fitted Line ----------
2026-06-25 11:08:25 | INFO | P07 | ----   Set x to GDP -----------------------
2026-06-25 11:08:25 | INFO | P07 | ----   Set y to CO2 emissions -------------------------
2026-06-25 11:08:25 | INFO | P07 | ------ Creating Residual Plot --------------------------
2026-06-25 11:08:25 | INFO | P07 | ------   Set x to GDP ----------------------
2026-06-25 11:08:25 | INFO | P07 | ------   Set y to the residual (actual - fitted) -------
2026-06-25 11:08:25 | INFO | P07 | --- Processing Year: 2000 ---
2026-06-25 11:08:25 | INFO | P07 | Creating modeling view (dropping rows missing feature or target)
2026-06-25 11:08:25 | DEBUG | P07 | Columns required to be non-missing: ['gdp', 'co2']
2026-06-25 11:08:25 | INFO | P07 | Original rows: 10
2026-06-25 11:08:25 | INFO | P07 | Model rows:    10
2026-06-25 11:08:25 | INFO | P07 | Rows dropped:  0
2026-06-25 11:08:25 | INFO | P07 | Building feature matrix X and target vector y
2026-06-25 11:08:25 | DEBUG | P07 | X shape: (10, 1)  (rows, features)
2026-06-25 11:08:25 | DEBUG | P07 | y shape: (10,)  (rows,)
2026-06-25 11:08:25 | INFO | P07 | Fitting a linear regression (scikit-learn)
2026-06-25 11:08:25 | DEBUG | P07 |   slope:     4.29824e-10
2026-06-25 11:08:25 | DEBUG | P07 |   intercept: -76.6742
2026-06-25 11:08:25 | INFO | P07 | Fitted line:
2026-06-25 11:08:25 | INFO | P07 |   co2 = 4.29824e-10 * gdp + -76.6742
2026-06-25 11:08:25 | DEBUG | P07 |   numpy check -> slope 4.29824e-10, intercept -76.6742
2026-06-25 11:08:25 | INFO | P07 | Computing fitted values for every observed row
2026-06-25 11:08:25 | INFO | P07 | Predicting CO2 emissions for one example GDP value
2026-06-25 11:08:25 | DEBUG | P07 |   example gdp: 1e+12
2026-06-25 11:08:25 | DEBUG | P07 |   predicted co2: 353.15
2026-06-25 11:08:25 | INFO | P07 | Computing residuals (actual - fitted)
2026-06-25 11:08:25 | INFO | P07 | Fit numbers (requires interpretation):
2026-06-25 11:08:25 | DEBUG | P07 |   R-squared: 0.9958
2026-06-25 11:08:25 | DEBUG | P07 |   RMSE:      474.728  (in units of CO2 emissions)
2026-06-25 11:08:25 | DEBUG | P07 |   residual min:  -472.534
2026-06-25 11:08:25 | DEBUG | P07 |   residual max:  1161.88
2026-06-25 11:08:25 | DEBUG | P07 |   residual mean: 3.18323e-13
2026-06-25 11:08:25 | INFO | P07 | 
Linear Regression Fit Numbers (requires interpretation):
             R-squared is near 1, indicating the line accounts for most of the variation in y.
             Residual plot shows clustering of residuals, indicating a straight line is not the right description.

2026-06-25 11:08:25 | INFO | P07 | ---- Creating Scatter Plot with Fitted Line ----------
2026-06-25 11:08:25 | INFO | P07 | ----   Set x to GDP -----------------------
2026-06-25 11:08:25 | INFO | P07 | ----   Set y to CO2 emissions -------------------------
2026-06-25 11:08:26 | INFO | P07 | ------ Creating Residual Plot --------------------------
2026-06-25 11:08:26 | INFO | P07 | ------   Set x to GDP ----------------------
2026-06-25 11:08:26 | INFO | P07 | ------   Set y to the residual (actual - fitted) -------
2026-06-25 11:08:26 | INFO | P07 | Fitting an exponential curve (scipy.optimize.curve_fit)
2026-06-25 11:08:26 | INFO | P07 | Fitted exponential curve:
2026-06-25 11:08:26 | INFO | P07 |   co2 = 1459.48 * exp(0.0478139 * gdp / 1e+12)
2026-06-25 11:08:26 | INFO | P07 | Computing residuals for the exponential fit
2026-06-25 11:08:26 | INFO | P07 | Exponential fit numbers (requires interpretation):
2026-06-25 11:08:26 | DEBUG | P07 |   co2 = 1459.48 * exp(0.0478139 * gdp)
2026-06-25 11:08:26 | DEBUG | P07 |   R-squared: 0.9628
2026-06-25 11:08:26 | DEBUG | P07 |   RMSE:      1421.48  (in units of CO2 emissions)
2026-06-25 11:08:26 | DEBUG | P07 |   residual min:  -1245.89
2026-06-25 11:08:26 | DEBUG | P07 |   residual max:  3312.63
2026-06-25 11:08:26 | DEBUG | P07 |   residual mean:  -147.672
2026-06-25 11:08:26 | INFO | P07 | 
Exponential Regression Fit Numbers (requires interpretation):
             R-squared is farther from 1 than linear regression, indicating the curve accounts for a some of the variation in y.
             Residual plot shows clustering of residuals, indicating an exponential curve line is not the right description.

2026-06-25 11:08:26 | INFO | P07 | ---- Creating Scatter Plot with Fitted Line ----------
2026-06-25 11:08:26 | INFO | P07 | ----   Set x to GDP -----------------------
2026-06-25 11:08:26 | INFO | P07 | ----   Set y to CO2 emissions -------------------------
2026-06-25 11:08:26 | INFO | P07 | ------ Creating Residual Plot --------------------------
2026-06-25 11:08:26 | INFO | P07 | ------   Set x to GDP ----------------------
2026-06-25 11:08:26 | INFO | P07 | ------   Set y to the residual (actual - fitted) -------
2026-06-25 11:08:26 | INFO | P07 | Fitting a logarithmic curve (scipy.optimize.curve_fit)
2026-06-25 11:08:26 | INFO | P07 | Fitted logarithmic curve:
2026-06-25 11:08:26 | INFO | P07 |   co2 = 6027.4 * log(4.83689e-13 * gdp)
2026-06-25 11:08:26 | INFO | P07 | Computing residuals for the logarithmic fit
2026-06-25 11:08:26 | INFO | P07 | Logarithmic fit numbers (requires interpretation):
2026-06-25 11:08:26 | DEBUG | P07 |   co2 = 6027.4 * log(4.83689e-13 * gdp)
2026-06-25 11:08:26 | DEBUG | P07 |   R-squared: 0.8319
2026-06-25 11:08:26 | DEBUG | P07 |   RMSE:      3021.16  (in units of CO2 emissions)
2026-06-25 11:08:26 | DEBUG | P07 |   residual min:  -5034.61
2026-06-25 11:08:26 | DEBUG | P07 |   residual max:  5221.29
2026-06-25 11:08:26 | DEBUG | P07 |   residual mean:  -1.37495e-05
2026-06-25 11:08:26 | INFO | P07 | 
Logarithmic Regression Fit Numbers (requires interpretation):
             R-squared is far from 1, indicating the curve does not account for most of the variation in y.
             Residual plot shows clustering of residuals, indicating a logarithmic curve is not the right description.

2026-06-25 11:08:26 | INFO | P07 | ---- Creating Scatter Plot with Fitted Line ----------
2026-06-25 11:08:26 | INFO | P07 | ----   Set x to GDP -----------------------
2026-06-25 11:08:26 | INFO | P07 | ----   Set y to CO2 emissions -------------------------
2026-06-25 11:08:26 | INFO | P07 | ------ Creating Residual Plot --------------------------
2026-06-25 11:08:26 | INFO | P07 | ------   Set x to GDP ----------------------
2026-06-25 11:08:26 | INFO | P07 | ------   Set y to the residual (actual - fitted) -------
2026-06-25 11:08:26 | INFO | P07 | --- Processing Year: 2001 ---
2026-06-25 11:08:26 | INFO | P07 | Creating modeling view (dropping rows missing feature or target)
2026-06-25 11:08:26 | DEBUG | P07 | Columns required to be non-missing: ['gdp', 'co2']
2026-06-25 11:08:26 | INFO | P07 | Original rows: 10
2026-06-25 11:08:26 | INFO | P07 | Model rows:    9
2026-06-25 11:08:26 | INFO | P07 | Rows dropped:  1
2026-06-25 11:08:26 | INFO | P07 | Building feature matrix X and target vector y
2026-06-25 11:08:26 | DEBUG | P07 | X shape: (9, 1)  (rows, features)
2026-06-25 11:08:26 | DEBUG | P07 | y shape: (9,)  (rows,)
2026-06-25 11:08:26 | INFO | P07 | Fitting a linear regression (scikit-learn)
2026-06-25 11:08:26 | DEBUG | P07 |   slope:     4.98659e-10
2026-06-25 11:08:26 | DEBUG | P07 |   intercept: -381.05
2026-06-25 11:08:26 | INFO | P07 | Fitted line:
2026-06-25 11:08:26 | INFO | P07 |   co2 = 4.98659e-10 * gdp + -381.05
2026-06-25 11:08:26 | DEBUG | P07 |   numpy check -> slope 4.98659e-10, intercept -381.05
2026-06-25 11:08:26 | INFO | P07 | Computing fitted values for every observed row
2026-06-25 11:08:26 | INFO | P07 | Predicting CO2 emissions for one example GDP value
2026-06-25 11:08:26 | DEBUG | P07 |   example gdp: 1e+12
2026-06-25 11:08:26 | DEBUG | P07 |   predicted co2: 117.609
2026-06-25 11:08:26 | INFO | P07 | Computing residuals (actual - fitted)
2026-06-25 11:08:26 | INFO | P07 | Fit numbers (requires interpretation):
2026-06-25 11:08:26 | DEBUG | P07 |   R-squared: 0.9513
2026-06-25 11:08:26 | DEBUG | P07 |   RMSE:      396.899  (in units of CO2 emissions)
2026-06-25 11:08:26 | DEBUG | P07 |   residual min:  -479.433
2026-06-25 11:08:26 | DEBUG | P07 |   residual max:  948.782
2026-06-25 11:08:26 | DEBUG | P07 |   residual mean: 2.27374e-13
2026-06-25 11:08:26 | INFO | P07 | 
Linear Regression Fit Numbers (requires interpretation):
             R-squared is near 1, indicating the line accounts for most of the variation in y.
             Residual plot shows clustering of residuals, indicating a straight line is not the right description.

2026-06-25 11:08:26 | INFO | P07 | ---- Creating Scatter Plot with Fitted Line ----------
2026-06-25 11:08:26 | INFO | P07 | ----   Set x to GDP -----------------------
2026-06-25 11:08:26 | INFO | P07 | ----   Set y to CO2 emissions -------------------------
2026-06-25 11:08:26 | INFO | P07 | ------ Creating Residual Plot --------------------------
2026-06-25 11:08:26 | INFO | P07 | ------   Set x to GDP ----------------------
2026-06-25 11:08:26 | INFO | P07 | ------   Set y to the residual (actual - fitted) -------
2026-06-25 11:08:27 | INFO | P07 | Fitting an exponential curve (scipy.optimize.curve_fit)
2026-06-25 11:08:27 | INFO | P07 | Fitted exponential curve:
2026-06-25 11:08:27 | INFO | P07 |   co2 = 681.524 * exp(0.167869 * gdp / 1e+12)
2026-06-25 11:08:27 | INFO | P07 | Computing residuals for the exponential fit
2026-06-25 11:08:27 | INFO | P07 | Exponential fit numbers (requires interpretation):
2026-06-25 11:08:27 | DEBUG | P07 |   co2 = 681.524 * exp(0.167869 * gdp)
2026-06-25 11:08:27 | DEBUG | P07 |   R-squared: 0.8618
2026-06-25 11:08:27 | DEBUG | P07 |   RMSE:      668.399  (in units of CO2 emissions)
2026-06-25 11:08:27 | DEBUG | P07 |   residual min:  -573.549
2026-06-25 11:08:27 | DEBUG | P07 |   residual max:  1751.93
2026-06-25 11:08:27 | DEBUG | P07 |   residual mean:  -72.6708
2026-06-25 11:08:27 | INFO | P07 | 
Exponential Regression Fit Numbers (requires interpretation):
             R-squared is farther from 1 than linear regression, indicating the curve accounts for a some of the variation in y.
             Residual plot shows clustering of residuals, indicating an exponential curve line is not the right description.

2026-06-25 11:08:27 | INFO | P07 | ---- Creating Scatter Plot with Fitted Line ----------
2026-06-25 11:08:27 | INFO | P07 | ----   Set x to GDP -----------------------
2026-06-25 11:08:27 | INFO | P07 | ----   Set y to CO2 emissions -------------------------
2026-06-25 11:08:27 | INFO | P07 | ------ Creating Residual Plot --------------------------
2026-06-25 11:08:27 | INFO | P07 | ------   Set x to GDP ----------------------
2026-06-25 11:08:27 | INFO | P07 | ------   Set y to the residual (actual - fitted) -------
2026-06-25 11:08:27 | INFO | P07 | Fitting a logarithmic curve (scipy.optimize.curve_fit)
2026-06-25 11:08:27 | INFO | P07 | Fitted logarithmic curve:
2026-06-25 11:08:27 | INFO | P07 |   co2 = 2391.94 * log(6.45015e-13 * gdp)
2026-06-25 11:08:27 | INFO | P07 | Computing residuals for the logarithmic fit
2026-06-25 11:08:27 | INFO | P07 | Logarithmic fit numbers (requires interpretation):
2026-06-25 11:08:27 | DEBUG | P07 |   co2 = 2391.94 * log(6.45015e-13 * gdp)
2026-06-25 11:08:27 | DEBUG | P07 |   R-squared: 0.8531
2026-06-25 11:08:27 | DEBUG | P07 |   RMSE:      688.99  (in units of CO2 emissions)
2026-06-25 11:08:27 | DEBUG | P07 |   residual min:  -1151.6
2026-06-25 11:08:27 | DEBUG | P07 |   residual max:  1249.78
2026-06-25 11:08:27 | DEBUG | P07 |   residual mean:  -1.04364e-06
2026-06-25 11:08:27 | INFO | P07 | 
Logarithmic Regression Fit Numbers (requires interpretation):
             R-squared is far from 1, indicating the curve does not account for most of the variation in y.
             Residual plot shows clustering of residuals, indicating a logarithmic curve is not the right description.

2026-06-25 11:08:27 | INFO | P07 | ---- Creating Scatter Plot with Fitted Line ----------
2026-06-25 11:08:27 | INFO | P07 | ----   Set x to GDP -----------------------
2026-06-25 11:08:27 | INFO | P07 | ----   Set y to CO2 emissions -------------------------
2026-06-25 11:08:27 | INFO | P07 | ------ Creating Residual Plot --------------------------
2026-06-25 11:08:27 | INFO | P07 | ------   Set x to GDP ----------------------
2026-06-25 11:08:27 | INFO | P07 | ------   Set y to the residual (actual - fitted) -------
2026-06-25 11:08:27 | INFO | P07 | --- Processing Year: 2002 ---
2026-06-25 11:08:27 | INFO | P07 | Creating modeling view (dropping rows missing feature or target)
2026-06-25 11:08:27 | DEBUG | P07 | Columns required to be non-missing: ['gdp', 'co2']
2026-06-25 11:08:27 | INFO | P07 | Original rows: 10
2026-06-25 11:08:27 | INFO | P07 | Model rows:    9
2026-06-25 11:08:27 | INFO | P07 | Rows dropped:  1
2026-06-25 11:08:27 | INFO | P07 | Building feature matrix X and target vector y
2026-06-25 11:08:27 | DEBUG | P07 | X shape: (9, 1)  (rows, features)
2026-06-25 11:08:27 | DEBUG | P07 | y shape: (9,)  (rows,)
2026-06-25 11:08:27 | INFO | P07 | Fitting a linear regression (scikit-learn)
2026-06-25 11:08:27 | DEBUG | P07 |   slope:     5.01953e-10
2026-06-25 11:08:27 | DEBUG | P07 |   intercept: -401.665
2026-06-25 11:08:27 | INFO | P07 | Fitted line:
2026-06-25 11:08:27 | INFO | P07 |   co2 = 5.01953e-10 * gdp + -401.665
2026-06-25 11:08:27 | DEBUG | P07 |   numpy check -> slope 5.01953e-10, intercept -401.665
2026-06-25 11:08:27 | INFO | P07 | Computing fitted values for every observed row
2026-06-25 11:08:27 | INFO | P07 | Predicting CO2 emissions for one example GDP value
2026-06-25 11:08:27 | DEBUG | P07 |   example gdp: 1e+12
2026-06-25 11:08:27 | DEBUG | P07 |   predicted co2: 100.287
2026-06-25 11:08:27 | INFO | P07 | Computing residuals (actual - fitted)
2026-06-25 11:08:27 | INFO | P07 | Fit numbers (requires interpretation):
2026-06-25 11:08:27 | DEBUG | P07 |   R-squared: 0.9447
2026-06-25 11:08:27 | DEBUG | P07 |   RMSE:      437.375  (in units of CO2 emissions)
2026-06-25 11:08:27 | DEBUG | P07 |   residual min:  -444.456
2026-06-25 11:08:27 | DEBUG | P07 |   residual max:  1079.29
2026-06-25 11:08:27 | DEBUG | P07 |   residual mean: 1.26319e-14
2026-06-25 11:08:27 | INFO | P07 | 
Linear Regression Fit Numbers (requires interpretation):
             R-squared is near 1, indicating the line accounts for most of the variation in y.
             Residual plot shows clustering of residuals, indicating a straight line is not the right description.

2026-06-25 11:08:27 | INFO | P07 | ---- Creating Scatter Plot with Fitted Line ----------
2026-06-25 11:08:27 | INFO | P07 | ----   Set x to GDP -----------------------
2026-06-25 11:08:27 | INFO | P07 | ----   Set y to CO2 emissions -------------------------
2026-06-25 11:08:27 | INFO | P07 | ------ Creating Residual Plot --------------------------
2026-06-25 11:08:27 | INFO | P07 | ------   Set x to GDP ----------------------
2026-06-25 11:08:27 | INFO | P07 | ------   Set y to the residual (actual - fitted) -------
2026-06-25 11:08:28 | INFO | P07 | Fitting an exponential curve (scipy.optimize.curve_fit)
2026-06-25 11:08:28 | INFO | P07 | Fitted exponential curve:
2026-06-25 11:08:28 | INFO | P07 |   co2 = 709.424 * exp(0.163222 * gdp / 1e+12)
2026-06-25 11:08:28 | INFO | P07 | Computing residuals for the exponential fit
2026-06-25 11:08:28 | INFO | P07 | Exponential fit numbers (requires interpretation):
2026-06-25 11:08:28 | DEBUG | P07 |   co2 = 709.424 * exp(0.163222 * gdp)
2026-06-25 11:08:28 | DEBUG | P07 |   R-squared: 0.8419
2026-06-25 11:08:28 | DEBUG | P07 |   RMSE:      739.769  (in units of CO2 emissions)
2026-06-25 11:08:28 | DEBUG | P07 |   residual min:  -613.576
2026-06-25 11:08:28 | DEBUG | P07 |   residual max:  1940.64
2026-06-25 11:08:28 | DEBUG | P07 |   residual mean:  -84.2215
2026-06-25 11:08:28 | INFO | P07 | 
Exponential Regression Fit Numbers (requires interpretation):
             R-squared is farther from 1 than linear regression, indicating the curve accounts for a some of the variation in y.
             Residual plot shows clustering of residuals, indicating an exponential curve line is not the right description.

2026-06-25 11:08:28 | INFO | P07 | ---- Creating Scatter Plot with Fitted Line ----------
2026-06-25 11:08:28 | INFO | P07 | ----   Set x to GDP -----------------------
2026-06-25 11:08:28 | INFO | P07 | ----   Set y to CO2 emissions -------------------------
2026-06-25 11:08:28 | INFO | P07 | ------ Creating Residual Plot --------------------------
2026-06-25 11:08:28 | INFO | P07 | ------   Set x to GDP ----------------------
2026-06-25 11:08:28 | INFO | P07 | ------   Set y to the residual (actual - fitted) -------
2026-06-25 11:08:28 | INFO | P07 | Fitting a logarithmic curve (scipy.optimize.curve_fit)
2026-06-25 11:08:28 | INFO | P07 | Fitted logarithmic curve:
2026-06-25 11:08:28 | INFO | P07 |   co2 = 2483.31 * log(6.24731e-13 * gdp)
2026-06-25 11:08:28 | INFO | P07 | Computing residuals for the logarithmic fit
2026-06-25 11:08:28 | INFO | P07 | Logarithmic fit numbers (requires interpretation):
2026-06-25 11:08:28 | DEBUG | P07 |   co2 = 2483.31 * log(6.24731e-13 * gdp)
2026-06-25 11:08:28 | DEBUG | P07 |   R-squared: 0.8623
2026-06-25 11:08:28 | DEBUG | P07 |   RMSE:      690.456  (in units of CO2 emissions)
2026-06-25 11:08:28 | DEBUG | P07 |   residual min:  -1135.77
2026-06-25 11:08:28 | DEBUG | P07 |   residual max:  1280
2026-06-25 11:08:28 | DEBUG | P07 |   residual mean:  -9.56388e-07
2026-06-25 11:08:28 | INFO | P07 | 
Logarithmic Regression Fit Numbers (requires interpretation):
             R-squared is far from 1, indicating the curve does not account for most of the variation in y.
             Residual plot shows clustering of residuals, indicating a logarithmic curve is not the right description.

2026-06-25 11:08:28 | INFO | P07 | ---- Creating Scatter Plot with Fitted Line ----------
2026-06-25 11:08:28 | INFO | P07 | ----   Set x to GDP -----------------------
2026-06-25 11:08:28 | INFO | P07 | ----   Set y to CO2 emissions -------------------------
2026-06-25 11:08:28 | INFO | P07 | ------ Creating Residual Plot --------------------------
2026-06-25 11:08:28 | INFO | P07 | ------   Set x to GDP ----------------------
2026-06-25 11:08:28 | INFO | P07 | ------   Set y to the residual (actual - fitted) -------
2026-06-25 11:08:28 | INFO | P07 | --- Processing Year: 2003 ---
2026-06-25 11:08:28 | INFO | P07 | Creating modeling view (dropping rows missing feature or target)
2026-06-25 11:08:28 | DEBUG | P07 | Columns required to be non-missing: ['gdp', 'co2']
2026-06-25 11:08:28 | INFO | P07 | Original rows: 10
2026-06-25 11:08:28 | INFO | P07 | Model rows:    9
2026-06-25 11:08:28 | INFO | P07 | Rows dropped:  1
2026-06-25 11:08:28 | INFO | P07 | Building feature matrix X and target vector y
2026-06-25 11:08:28 | DEBUG | P07 | X shape: (9, 1)  (rows, features)
2026-06-25 11:08:28 | DEBUG | P07 | y shape: (9,)  (rows,)
2026-06-25 11:08:28 | INFO | P07 | Fitting a linear regression (scikit-learn)
2026-06-25 11:08:28 | DEBUG | P07 |   slope:     5.08497e-10
2026-06-25 11:08:28 | DEBUG | P07 |   intercept: -403.907
2026-06-25 11:08:28 | INFO | P07 | Fitted line:
2026-06-25 11:08:28 | INFO | P07 |   co2 = 5.08497e-10 * gdp + -403.907
2026-06-25 11:08:28 | DEBUG | P07 |   numpy check -> slope 5.08497e-10, intercept -403.907
2026-06-25 11:08:28 | INFO | P07 | Computing fitted values for every observed row
2026-06-25 11:08:28 | INFO | P07 | Predicting CO2 emissions for one example GDP value
2026-06-25 11:08:28 | DEBUG | P07 |   example gdp: 1e+12
2026-06-25 11:08:28 | DEBUG | P07 |   predicted co2: 104.59
2026-06-25 11:08:28 | INFO | P07 | Computing residuals (actual - fitted)
2026-06-25 11:08:28 | INFO | P07 | Fit numbers (requires interpretation):
2026-06-25 11:08:28 | DEBUG | P07 |   R-squared: 0.9083
2026-06-25 11:08:28 | DEBUG | P07 |   RMSE:      602.056  (in units of CO2 emissions)
2026-06-25 11:08:28 | DEBUG | P07 |   residual min:  -546.359
2026-06-25 11:08:28 | DEBUG | P07 |   residual max:  1553.25
2026-06-25 11:08:28 | DEBUG | P07 |   residual mean: -2.40006e-13
2026-06-25 11:08:28 | INFO | P07 | 
Linear Regression Fit Numbers (requires interpretation):
             R-squared is near 1, indicating the line accounts for most of the variation in y.
             Residual plot shows clustering of residuals, indicating a straight line is not the right description.

2026-06-25 11:08:28 | INFO | P07 | ---- Creating Scatter Plot with Fitted Line ----------
2026-06-25 11:08:28 | INFO | P07 | ----   Set x to GDP -----------------------
2026-06-25 11:08:28 | INFO | P07 | ----   Set y to CO2 emissions -------------------------
2026-06-25 11:08:28 | INFO | P07 | ------ Creating Residual Plot --------------------------
2026-06-25 11:08:28 | INFO | P07 | ------   Set x to GDP ----------------------
2026-06-25 11:08:28 | INFO | P07 | ------   Set y to the residual (actual - fitted) -------
2026-06-25 11:08:28 | INFO | P07 | Fitting an exponential curve (scipy.optimize.curve_fit)
2026-06-25 11:08:28 | INFO | P07 | Fitted exponential curve:
2026-06-25 11:08:28 | INFO | P07 |   co2 = 779.875 * exp(0.153861 * gdp / 1e+12)
2026-06-25 11:08:28 | INFO | P07 | Computing residuals for the exponential fit
2026-06-25 11:08:28 | INFO | P07 | Exponential fit numbers (requires interpretation):
2026-06-25 11:08:28 | DEBUG | P07 |   co2 = 779.875 * exp(0.153861 * gdp)
2026-06-25 11:08:28 | DEBUG | P07 |   R-squared: 0.7835
2026-06-25 11:08:28 | DEBUG | P07 |   RMSE:      924.967  (in units of CO2 emissions)
2026-06-25 11:08:28 | DEBUG | P07 |   residual min:  -700.832
2026-06-25 11:08:28 | DEBUG | P07 |   residual max:  2456.3
2026-06-25 11:08:28 | DEBUG | P07 |   residual mean:  -102.158
2026-06-25 11:08:28 | INFO | P07 | 
Exponential Regression Fit Numbers (requires interpretation):
             R-squared is farther from 1 than linear regression, indicating the curve accounts for a some of the variation in y.
             Residual plot shows clustering of residuals, indicating an exponential curve line is not the right description.

2026-06-25 11:08:28 | INFO | P07 | ---- Creating Scatter Plot with Fitted Line ----------
2026-06-25 11:08:28 | INFO | P07 | ----   Set x to GDP -----------------------
2026-06-25 11:08:28 | INFO | P07 | ----   Set y to CO2 emissions -------------------------
2026-06-25 11:08:28 | INFO | P07 | ------ Creating Residual Plot --------------------------
2026-06-25 11:08:28 | INFO | P07 | ------   Set x to GDP ----------------------
2026-06-25 11:08:28 | INFO | P07 | ------   Set y to the residual (actual - fitted) -------
2026-06-25 11:08:29 | INFO | P07 | Fitting a logarithmic curve (scipy.optimize.curve_fit)
2026-06-25 11:08:29 | INFO | P07 | Fitted logarithmic curve:
2026-06-25 11:08:29 | INFO | P07 |   co2 = 2611.93 * log(6.0862e-13 * gdp)
2026-06-25 11:08:29 | INFO | P07 | Computing residuals for the logarithmic fit
2026-06-25 11:08:29 | INFO | P07 | Logarithmic fit numbers (requires interpretation):
2026-06-25 11:08:29 | DEBUG | P07 |   co2 = 2611.93 * log(6.0862e-13 * gdp)
2026-06-25 11:08:29 | DEBUG | P07 |   R-squared: 0.8506
2026-06-25 11:08:29 | DEBUG | P07 |   RMSE:      768.38  (in units of CO2 emissions)
2026-06-25 11:08:29 | DEBUG | P07 |   residual min:  -1221.97
2026-06-25 11:08:29 | DEBUG | P07 |   residual max:  1349.01
2026-06-25 11:08:29 | DEBUG | P07 |   residual mean:  1.00235e-05
2026-06-25 11:08:29 | INFO | P07 | 
Logarithmic Regression Fit Numbers (requires interpretation):
             R-squared is far from 1, indicating the curve does not account for most of the variation in y.
             Residual plot shows clustering of residuals, indicating a logarithmic curve is not the right description.

2026-06-25 11:08:29 | INFO | P07 | ---- Creating Scatter Plot with Fitted Line ----------
2026-06-25 11:08:29 | INFO | P07 | ----   Set x to GDP -----------------------
2026-06-25 11:08:29 | INFO | P07 | ----   Set y to CO2 emissions -------------------------
2026-06-25 11:08:29 | INFO | P07 | ------ Creating Residual Plot --------------------------
2026-06-25 11:08:29 | INFO | P07 | ------   Set x to GDP ----------------------
2026-06-25 11:08:29 | INFO | P07 | ------   Set y to the residual (actual - fitted) -------
2026-06-25 11:08:29 | INFO | P07 | --- Processing Year: 2004 ---
2026-06-25 11:08:29 | INFO | P07 | Creating modeling view (dropping rows missing feature or target)
2026-06-25 11:08:29 | DEBUG | P07 | Columns required to be non-missing: ['gdp', 'co2']
2026-06-25 11:08:29 | INFO | P07 | Original rows: 10
2026-06-25 11:08:29 | INFO | P07 | Model rows:    9
2026-06-25 11:08:29 | INFO | P07 | Rows dropped:  1
2026-06-25 11:08:29 | INFO | P07 | Building feature matrix X and target vector y
2026-06-25 11:08:29 | DEBUG | P07 | X shape: (9, 1)  (rows, features)
2026-06-25 11:08:29 | DEBUG | P07 | y shape: (9,)  (rows,)
2026-06-25 11:08:29 | INFO | P07 | Fitting a linear regression (scikit-learn)
2026-06-25 11:08:29 | DEBUG | P07 |   slope:     5.06281e-10
2026-06-25 11:08:29 | DEBUG | P07 |   intercept: -435.117
2026-06-25 11:08:29 | INFO | P07 | Fitted line:
2026-06-25 11:08:29 | INFO | P07 |   co2 = 5.06281e-10 * gdp + -435.117
2026-06-25 11:08:29 | DEBUG | P07 |   numpy check -> slope 5.06281e-10, intercept -435.117
2026-06-25 11:08:29 | INFO | P07 | Computing fitted values for every observed row
2026-06-25 11:08:29 | INFO | P07 | Predicting CO2 emissions for one example GDP value
2026-06-25 11:08:29 | DEBUG | P07 |   example gdp: 1e+12
2026-06-25 11:08:29 | DEBUG | P07 |   predicted co2: 71.1633
2026-06-25 11:08:29 | INFO | P07 | Computing residuals (actual - fitted)
2026-06-25 11:08:29 | INFO | P07 | Fit numbers (requires interpretation):
2026-06-25 11:08:29 | DEBUG | P07 |   R-squared: 0.9014
2026-06-25 11:08:29 | DEBUG | P07 |   RMSE:      651.596  (in units of CO2 emissions)
2026-06-25 11:08:29 | DEBUG | P07 |   residual min:  -641.973
2026-06-25 11:08:29 | DEBUG | P07 |   residual max:  1681.42
2026-06-25 11:08:29 | DEBUG | P07 |   residual mean: 1.76846e-13
2026-06-25 11:08:29 | INFO | P07 | 
Linear Regression Fit Numbers (requires interpretation):
             R-squared is near 1, indicating the line accounts for most of the variation in y.
             Residual plot shows clustering of residuals, indicating a straight line is not the right description.

2026-06-25 11:08:29 | INFO | P07 | ---- Creating Scatter Plot with Fitted Line ----------
2026-06-25 11:08:29 | INFO | P07 | ----   Set x to GDP -----------------------
2026-06-25 11:08:29 | INFO | P07 | ----   Set y to CO2 emissions -------------------------
2026-06-25 11:08:29 | INFO | P07 | ------ Creating Residual Plot --------------------------
2026-06-25 11:08:29 | INFO | P07 | ------   Set x to GDP ----------------------
2026-06-25 11:08:29 | INFO | P07 | ------   Set y to the residual (actual - fitted) -------
2026-06-25 11:08:29 | INFO | P07 | Fitting an exponential curve (scipy.optimize.curve_fit)
2026-06-25 11:08:29 | INFO | P07 | Fitted exponential curve:
2026-06-25 11:08:29 | INFO | P07 |   co2 = 806.491 * exp(0.147862 * gdp / 1e+12)
2026-06-25 11:08:29 | INFO | P07 | Computing residuals for the exponential fit
2026-06-25 11:08:29 | INFO | P07 | Exponential fit numbers (requires interpretation):
2026-06-25 11:08:29 | DEBUG | P07 |   co2 = 806.491 * exp(0.147862 * gdp)
2026-06-25 11:08:29 | DEBUG | P07 |   R-squared: 0.7700
2026-06-25 11:08:29 | DEBUG | P07 |   RMSE:      995.286  (in units of CO2 emissions)
2026-06-25 11:08:29 | DEBUG | P07 |   residual min:  -728.749
2026-06-25 11:08:29 | DEBUG | P07 |   residual max:  2643.71
2026-06-25 11:08:29 | DEBUG | P07 |   residual mean:  -113.475
2026-06-25 11:08:29 | INFO | P07 | 
Exponential Regression Fit Numbers (requires interpretation):
             R-squared is farther from 1 than linear regression, indicating the curve accounts for a some of the variation in y.
             Residual plot shows clustering of residuals, indicating an exponential curve line is not the right description.

2026-06-25 11:08:29 | INFO | P07 | ---- Creating Scatter Plot with Fitted Line ----------
2026-06-25 11:08:29 | INFO | P07 | ----   Set x to GDP -----------------------
2026-06-25 11:08:29 | INFO | P07 | ----   Set y to CO2 emissions -------------------------
2026-06-25 11:08:29 | INFO | P07 | ------ Creating Residual Plot --------------------------
2026-06-25 11:08:29 | INFO | P07 | ------   Set x to GDP ----------------------
2026-06-25 11:08:29 | INFO | P07 | ------   Set y to the residual (actual - fitted) -------
2026-06-25 11:08:29 | INFO | P07 | Fitting a logarithmic curve (scipy.optimize.curve_fit)
2026-06-25 11:08:29 | INFO | P07 | Fitted logarithmic curve:
2026-06-25 11:08:29 | INFO | P07 |   co2 = 2705.43 * log(5.82333e-13 * gdp)
2026-06-25 11:08:29 | INFO | P07 | Computing residuals for the logarithmic fit
2026-06-25 11:08:29 | INFO | P07 | Logarithmic fit numbers (requires interpretation):
2026-06-25 11:08:29 | DEBUG | P07 |   co2 = 2705.43 * log(5.82333e-13 * gdp)
2026-06-25 11:08:29 | DEBUG | P07 |   R-squared: 0.8478
2026-06-25 11:08:29 | DEBUG | P07 |   RMSE:      809.662  (in units of CO2 emissions)
2026-06-25 11:08:29 | DEBUG | P07 |   residual min:  -1254.31
2026-06-25 11:08:29 | DEBUG | P07 |   residual max:  1401.22
2026-06-25 11:08:29 | DEBUG | P07 |   residual mean:  -2.4868e-06
2026-06-25 11:08:29 | INFO | P07 | 
Logarithmic Regression Fit Numbers (requires interpretation):
             R-squared is far from 1, indicating the curve does not account for most of the variation in y.
             Residual plot shows clustering of residuals, indicating a logarithmic curve is not the right description.

2026-06-25 11:08:29 | INFO | P07 | ---- Creating Scatter Plot with Fitted Line ----------
2026-06-25 11:08:29 | INFO | P07 | ----   Set x to GDP -----------------------
2026-06-25 11:08:29 | INFO | P07 | ----   Set y to CO2 emissions -------------------------
2026-06-25 11:08:29 | INFO | P07 | ------ Creating Residual Plot --------------------------
2026-06-25 11:08:29 | INFO | P07 | ------   Set x to GDP ----------------------
2026-06-25 11:08:29 | INFO | P07 | ------   Set y to the residual (actual - fitted) -------
2026-06-25 11:08:30 | INFO | P07 | --- Processing Year: 2005 ---
2026-06-25 11:08:30 | INFO | P07 | Creating modeling view (dropping rows missing feature or target)
2026-06-25 11:08:30 | DEBUG | P07 | Columns required to be non-missing: ['gdp', 'co2']
2026-06-25 11:08:30 | INFO | P07 | Original rows: 10
2026-06-25 11:08:30 | INFO | P07 | Model rows:    9
2026-06-25 11:08:30 | INFO | P07 | Rows dropped:  1
2026-06-25 11:08:30 | INFO | P07 | Building feature matrix X and target vector y
2026-06-25 11:08:30 | DEBUG | P07 | X shape: (9, 1)  (rows, features)
2026-06-25 11:08:30 | DEBUG | P07 | y shape: (9,)  (rows,)
2026-06-25 11:08:30 | INFO | P07 | Fitting a linear regression (scikit-learn)
2026-06-25 11:08:30 | DEBUG | P07 |   slope:     5.07628e-10
2026-06-25 11:08:30 | DEBUG | P07 |   intercept: -463.887
2026-06-25 11:08:30 | INFO | P07 | Fitted line:
2026-06-25 11:08:30 | INFO | P07 |   co2 = 5.07628e-10 * gdp + -463.887
2026-06-25 11:08:30 | DEBUG | P07 |   numpy check -> slope 5.07628e-10, intercept -463.887
2026-06-25 11:08:30 | INFO | P07 | Computing fitted values for every observed row
2026-06-25 11:08:30 | INFO | P07 | Predicting CO2 emissions for one example GDP value
2026-06-25 11:08:30 | DEBUG | P07 |   example gdp: 1e+12
2026-06-25 11:08:30 | DEBUG | P07 |   predicted co2: 43.7402
2026-06-25 11:08:30 | INFO | P07 | Computing residuals (actual - fitted)
2026-06-25 11:08:30 | INFO | P07 | Fit numbers (requires interpretation):
2026-06-25 11:08:30 | DEBUG | P07 |   R-squared: 0.8796
2026-06-25 11:08:30 | DEBUG | P07 |   RMSE:      765.051  (in units of CO2 emissions)
2026-06-25 11:08:30 | DEBUG | P07 |   residual min:  -858.048
2026-06-25 11:08:30 | DEBUG | P07 |   residual max:  1978.79
2026-06-25 11:08:30 | DEBUG | P07 |   residual mean: -1.89478e-13
2026-06-25 11:08:30 | INFO | P07 | 
Linear Regression Fit Numbers (requires interpretation):
             R-squared is near 1, indicating the line accounts for most of the variation in y.
             Residual plot shows clustering of residuals, indicating a straight line is not the right description.

2026-06-25 11:08:30 | INFO | P07 | ---- Creating Scatter Plot with Fitted Line ----------
2026-06-25 11:08:30 | INFO | P07 | ----   Set x to GDP -----------------------
2026-06-25 11:08:30 | INFO | P07 | ----   Set y to CO2 emissions -------------------------
2026-06-25 11:08:30 | INFO | P07 | ------ Creating Residual Plot --------------------------
2026-06-25 11:08:30 | INFO | P07 | ------   Set x to GDP ----------------------
2026-06-25 11:08:30 | INFO | P07 | ------   Set y to the residual (actual - fitted) -------
2026-06-25 11:08:30 | INFO | P07 | Fitting an exponential curve (scipy.optimize.curve_fit)
2026-06-25 11:08:30 | INFO | P07 | Fitted exponential curve:
2026-06-25 11:08:30 | INFO | P07 |   co2 = 852.138 * exp(0.141175 * gdp / 1e+12)
2026-06-25 11:08:30 | INFO | P07 | Computing residuals for the exponential fit
2026-06-25 11:08:30 | INFO | P07 | Exponential fit numbers (requires interpretation):
2026-06-25 11:08:30 | DEBUG | P07 |   co2 = 852.138 * exp(0.141175 * gdp)
2026-06-25 11:08:30 | DEBUG | P07 |   R-squared: 0.7360
2026-06-25 11:08:30 | DEBUG | P07 |   RMSE:      1132.79  (in units of CO2 emissions)
2026-06-25 11:08:30 | DEBUG | P07 |   residual min:  -786.577
2026-06-25 11:08:30 | DEBUG | P07 |   residual max:  3011.41
2026-06-25 11:08:30 | DEBUG | P07 |   residual mean:  -132.426
2026-06-25 11:08:30 | INFO | P07 | 
Exponential Regression Fit Numbers (requires interpretation):
             R-squared is farther from 1 than linear regression, indicating the curve accounts for a some of the variation in y.
             Residual plot shows clustering of residuals, indicating an exponential curve line is not the right description.

2026-06-25 11:08:30 | INFO | P07 | ---- Creating Scatter Plot with Fitted Line ----------
2026-06-25 11:08:30 | INFO | P07 | ----   Set x to GDP -----------------------
2026-06-25 11:08:30 | INFO | P07 | ----   Set y to CO2 emissions -------------------------
2026-06-25 11:08:30 | INFO | P07 | ------ Creating Residual Plot --------------------------
2026-06-25 11:08:30 | INFO | P07 | ------   Set x to GDP ----------------------
2026-06-25 11:08:30 | INFO | P07 | ------   Set y to the residual (actual - fitted) -------
2026-06-25 11:08:30 | INFO | P07 | Fitting a logarithmic curve (scipy.optimize.curve_fit)
2026-06-25 11:08:30 | INFO | P07 | Fitted logarithmic curve:
2026-06-25 11:08:30 | INFO | P07 |   co2 = 2824.87 * log(5.59928e-13 * gdp)
2026-06-25 11:08:30 | INFO | P07 | Computing residuals for the logarithmic fit
2026-06-25 11:08:30 | INFO | P07 | Logarithmic fit numbers (requires interpretation):
2026-06-25 11:08:30 | DEBUG | P07 |   co2 = 2824.87 * log(5.59928e-13 * gdp)
2026-06-25 11:08:30 | DEBUG | P07 |   R-squared: 0.8389
2026-06-25 11:08:30 | DEBUG | P07 |   RMSE:      884.96  (in units of CO2 emissions)
2026-06-25 11:08:30 | DEBUG | P07 |   residual min:  -1292.96
2026-06-25 11:08:30 | DEBUG | P07 |   residual max:  1445.71
2026-06-25 11:08:30 | DEBUG | P07 |   residual mean:  -4.42778e-06
2026-06-25 11:08:30 | INFO | P07 | 
Logarithmic Regression Fit Numbers (requires interpretation):
             R-squared is far from 1, indicating the curve does not account for most of the variation in y.
             Residual plot shows clustering of residuals, indicating a logarithmic curve is not the right description.

2026-06-25 11:08:30 | INFO | P07 | ---- Creating Scatter Plot with Fitted Line ----------
2026-06-25 11:08:30 | INFO | P07 | ----   Set x to GDP -----------------------
2026-06-25 11:08:30 | INFO | P07 | ----   Set y to CO2 emissions -------------------------
2026-06-25 11:08:30 | INFO | P07 | ------ Creating Residual Plot --------------------------
2026-06-25 11:08:30 | INFO | P07 | ------   Set x to GDP ----------------------
2026-06-25 11:08:30 | INFO | P07 | ------   Set y to the residual (actual - fitted) -------
2026-06-25 11:08:30 | INFO | P07 | --- Processing Year: 2006 ---
2026-06-25 11:08:30 | INFO | P07 | Creating modeling view (dropping rows missing feature or target)
2026-06-25 11:08:30 | DEBUG | P07 | Columns required to be non-missing: ['gdp', 'co2']
2026-06-25 11:08:30 | INFO | P07 | Original rows: 10
2026-06-25 11:08:30 | INFO | P07 | Model rows:    9
2026-06-25 11:08:30 | INFO | P07 | Rows dropped:  1
2026-06-25 11:08:30 | INFO | P07 | Building feature matrix X and target vector y
2026-06-25 11:08:30 | DEBUG | P07 | X shape: (9, 1)  (rows, features)
2026-06-25 11:08:30 | DEBUG | P07 | y shape: (9,)  (rows,)
2026-06-25 11:08:30 | INFO | P07 | Fitting a linear regression (scikit-learn)
2026-06-25 11:08:30 | DEBUG | P07 |   slope:     5.05734e-10
2026-06-25 11:08:30 | DEBUG | P07 |   intercept: -503.522
2026-06-25 11:08:30 | INFO | P07 | Fitted line:
2026-06-25 11:08:30 | INFO | P07 |   co2 = 5.05734e-10 * gdp + -503.522
2026-06-25 11:08:30 | DEBUG | P07 |   numpy check -> slope 5.05734e-10, intercept -503.522
2026-06-25 11:08:30 | INFO | P07 | Computing fitted values for every observed row
2026-06-25 11:08:30 | INFO | P07 | Predicting CO2 emissions for one example GDP value
2026-06-25 11:08:30 | DEBUG | P07 |   example gdp: 1e+12
2026-06-25 11:08:30 | DEBUG | P07 |   predicted co2: 2.21246
2026-06-25 11:08:30 | INFO | P07 | Computing residuals (actual - fitted)
2026-06-25 11:08:30 | INFO | P07 | Fit numbers (requires interpretation):
2026-06-25 11:08:30 | DEBUG | P07 |   R-squared: 0.8629
2026-06-25 11:08:30 | DEBUG | P07 |   RMSE:      855.795  (in units of CO2 emissions)
2026-06-25 11:08:30 | DEBUG | P07 |   residual min:  -1070.12
2026-06-25 11:08:30 | DEBUG | P07 |   residual max:  2190.52
2026-06-25 11:08:30 | DEBUG | P07 |   residual mean: -2.52637e-13
2026-06-25 11:08:30 | INFO | P07 | 
Linear Regression Fit Numbers (requires interpretation):
             R-squared is near 1, indicating the line accounts for most of the variation in y.
             Residual plot shows clustering of residuals, indicating a straight line is not the right description.

2026-06-25 11:08:30 | INFO | P07 | ---- Creating Scatter Plot with Fitted Line ----------
2026-06-25 11:08:30 | INFO | P07 | ----   Set x to GDP -----------------------
2026-06-25 11:08:30 | INFO | P07 | ----   Set y to CO2 emissions -------------------------
2026-06-25 11:08:30 | INFO | P07 | ------ Creating Residual Plot --------------------------
2026-06-25 11:08:30 | INFO | P07 | ------   Set x to GDP ----------------------
2026-06-25 11:08:30 | INFO | P07 | ------   Set y to the residual (actual - fitted) -------
2026-06-25 11:08:31 | INFO | P07 | Fitting an exponential curve (scipy.optimize.curve_fit)
2026-06-25 11:08:31 | INFO | P07 | Fitted exponential curve:
2026-06-25 11:08:31 | INFO | P07 |   co2 = 876.696 * exp(0.136803 * gdp / 1e+12)
2026-06-25 11:08:31 | INFO | P07 | Computing residuals for the exponential fit
2026-06-25 11:08:31 | INFO | P07 | Exponential fit numbers (requires interpretation):
2026-06-25 11:08:31 | DEBUG | P07 |   co2 = 876.696 * exp(0.136803 * gdp)
2026-06-25 11:08:31 | DEBUG | P07 |   R-squared: 0.7140
2026-06-25 11:08:31 | DEBUG | P07 |   RMSE:      1236  (in units of CO2 emissions)
2026-06-25 11:08:31 | DEBUG | P07 |   residual min:  -839.771
2026-06-25 11:08:31 | DEBUG | P07 |   residual max:  3275.13
2026-06-25 11:08:31 | DEBUG | P07 |   residual mean:  -148.562
2026-06-25 11:08:31 | INFO | P07 | 
Exponential Regression Fit Numbers (requires interpretation):
             R-squared is farther from 1 than linear regression, indicating the curve accounts for a some of the variation in y.
             Residual plot shows clustering of residuals, indicating an exponential curve line is not the right description.

2026-06-25 11:08:31 | INFO | P07 | ---- Creating Scatter Plot with Fitted Line ----------
2026-06-25 11:08:31 | INFO | P07 | ----   Set x to GDP -----------------------
2026-06-25 11:08:31 | INFO | P07 | ----   Set y to CO2 emissions -------------------------
2026-06-25 11:08:31 | INFO | P07 | ------ Creating Residual Plot --------------------------
2026-06-25 11:08:31 | INFO | P07 | ------   Set x to GDP ----------------------
2026-06-25 11:08:31 | INFO | P07 | ------   Set y to the residual (actual - fitted) -------
2026-06-25 11:08:31 | INFO | P07 | Fitting a logarithmic curve (scipy.optimize.curve_fit)
2026-06-25 11:08:31 | INFO | P07 | Fitted logarithmic curve:
2026-06-25 11:08:31 | INFO | P07 |   co2 = 2903.88 * log(5.38358e-13 * gdp)
2026-06-25 11:08:31 | INFO | P07 | Computing residuals for the logarithmic fit
2026-06-25 11:08:31 | INFO | P07 | Logarithmic fit numbers (requires interpretation):
2026-06-25 11:08:31 | DEBUG | P07 |   co2 = 2903.88 * log(5.38358e-13 * gdp)
2026-06-25 11:08:31 | DEBUG | P07 |   R-squared: 0.8247
2026-06-25 11:08:31 | DEBUG | P07 |   RMSE:      967.657  (in units of CO2 emissions)
2026-06-25 11:08:31 | DEBUG | P07 |   residual min:  -1315.21
2026-06-25 11:08:31 | DEBUG | P07 |   residual max:  1750.07
2026-06-25 11:08:31 | DEBUG | P07 |   residual mean:  -1.46372e-07
2026-06-25 11:08:31 | INFO | P07 | 
Logarithmic Regression Fit Numbers (requires interpretation):
             R-squared is far from 1, indicating the curve does not account for most of the variation in y.
             Residual plot shows clustering of residuals, indicating a logarithmic curve is not the right description.

2026-06-25 11:08:31 | INFO | P07 | ---- Creating Scatter Plot with Fitted Line ----------
2026-06-25 11:08:31 | INFO | P07 | ----   Set x to GDP -----------------------
2026-06-25 11:08:31 | INFO | P07 | ----   Set y to CO2 emissions -------------------------
2026-06-25 11:08:31 | INFO | P07 | ------ Creating Residual Plot --------------------------
2026-06-25 11:08:31 | INFO | P07 | ------   Set x to GDP ----------------------
2026-06-25 11:08:31 | INFO | P07 | ------   Set y to the residual (actual - fitted) -------
2026-06-25 11:08:31 | INFO | P07 | --- Processing Year: 2007 ---
2026-06-25 11:08:31 | INFO | P07 | Creating modeling view (dropping rows missing feature or target)
2026-06-25 11:08:31 | DEBUG | P07 | Columns required to be non-missing: ['gdp', 'co2']
2026-06-25 11:08:31 | INFO | P07 | Original rows: 10
2026-06-25 11:08:31 | INFO | P07 | Model rows:    9
2026-06-25 11:08:31 | INFO | P07 | Rows dropped:  1
2026-06-25 11:08:31 | INFO | P07 | Building feature matrix X and target vector y
2026-06-25 11:08:31 | DEBUG | P07 | X shape: (9, 1)  (rows, features)
2026-06-25 11:08:31 | DEBUG | P07 | y shape: (9,)  (rows,)
2026-06-25 11:08:31 | INFO | P07 | Fitting a linear regression (scikit-learn)
2026-06-25 11:08:31 | DEBUG | P07 |   slope:     5.15458e-10
2026-06-25 11:08:31 | DEBUG | P07 |   intercept: -589.036
2026-06-25 11:08:31 | INFO | P07 | Fitted line:
2026-06-25 11:08:31 | INFO | P07 |   co2 = 5.15458e-10 * gdp + -589.036
2026-06-25 11:08:31 | DEBUG | P07 |   numpy check -> slope 5.15458e-10, intercept -589.036
2026-06-25 11:08:31 | INFO | P07 | Computing fitted values for every observed row
2026-06-25 11:08:31 | INFO | P07 | Predicting CO2 emissions for one example GDP value
2026-06-25 11:08:31 | DEBUG | P07 |   example gdp: 1e+12
2026-06-25 11:08:31 | DEBUG | P07 |   predicted co2: -73.5778
2026-06-25 11:08:31 | INFO | P07 | Computing residuals (actual - fitted)
2026-06-25 11:08:31 | INFO | P07 | Fit numbers (requires interpretation):
2026-06-25 11:08:31 | DEBUG | P07 |   R-squared: 0.8668
2026-06-25 11:08:31 | DEBUG | P07 |   RMSE:      886.471  (in units of CO2 emissions)
2026-06-25 11:08:31 | DEBUG | P07 |   residual min:  -1193.04
2026-06-25 11:08:31 | DEBUG | P07 |   residual max:  2224.48
2026-06-25 11:08:31 | DEBUG | P07 |   residual mean: -1.51582e-13
2026-06-25 11:08:31 | INFO | P07 | 
Linear Regression Fit Numbers (requires interpretation):
             R-squared is near 1, indicating the line accounts for most of the variation in y.
             Residual plot shows clustering of residuals, indicating a straight line is not the right description.

2026-06-25 11:08:31 | INFO | P07 | ---- Creating Scatter Plot with Fitted Line ----------
2026-06-25 11:08:31 | INFO | P07 | ----   Set x to GDP -----------------------
2026-06-25 11:08:31 | INFO | P07 | ----   Set y to CO2 emissions -------------------------
2026-06-25 11:08:31 | INFO | P07 | ------ Creating Residual Plot --------------------------
2026-06-25 11:08:31 | INFO | P07 | ------   Set x to GDP ----------------------
2026-06-25 11:08:31 | INFO | P07 | ------   Set y to the residual (actual - fitted) -------
2026-06-25 11:08:31 | INFO | P07 | Fitting an exponential curve (scipy.optimize.curve_fit)
2026-06-25 11:08:31 | INFO | P07 | Fitted exponential curve:
2026-06-25 11:08:31 | INFO | P07 |   co2 = 874.116 * exp(0.137044 * gdp / 1e+12)
2026-06-25 11:08:31 | INFO | P07 | Computing residuals for the exponential fit
2026-06-25 11:08:31 | INFO | P07 | Exponential fit numbers (requires interpretation):
2026-06-25 11:08:31 | DEBUG | P07 |   co2 = 874.116 * exp(0.137044 * gdp)
2026-06-25 11:08:31 | DEBUG | P07 |   R-squared: 0.7229
2026-06-25 11:08:31 | DEBUG | P07 |   RMSE:      1278.86  (in units of CO2 emissions)
2026-06-25 11:08:31 | DEBUG | P07 |   residual min:  -1026.03
2026-06-25 11:08:31 | DEBUG | P07 |   residual max:  3360.05
2026-06-25 11:08:31 | DEBUG | P07 |   residual mean:  -162.132
2026-06-25 11:08:31 | INFO | P07 | 
Exponential Regression Fit Numbers (requires interpretation):
             R-squared is farther from 1 than linear regression, indicating the curve accounts for a some of the variation in y.
             Residual plot shows clustering of residuals, indicating an exponential curve line is not the right description.

2026-06-25 11:08:31 | INFO | P07 | ---- Creating Scatter Plot with Fitted Line ----------
2026-06-25 11:08:31 | INFO | P07 | ----   Set x to GDP -----------------------
2026-06-25 11:08:31 | INFO | P07 | ----   Set y to CO2 emissions -------------------------
2026-06-25 11:08:32 | INFO | P07 | ------ Creating Residual Plot --------------------------
2026-06-25 11:08:32 | INFO | P07 | ------   Set x to GDP ----------------------
2026-06-25 11:08:32 | INFO | P07 | ------   Set y to the residual (actual - fitted) -------
2026-06-25 11:08:32 | INFO | P07 | Fitting a logarithmic curve (scipy.optimize.curve_fit)
2026-06-25 11:08:32 | INFO | P07 | Fitted logarithmic curve:
2026-06-25 11:08:32 | INFO | P07 |   co2 = 3016.33 * log(5.15607e-13 * gdp)
2026-06-25 11:08:32 | INFO | P07 | Computing residuals for the logarithmic fit
2026-06-25 11:08:32 | INFO | P07 | Logarithmic fit numbers (requires interpretation):
2026-06-25 11:08:32 | DEBUG | P07 |   co2 = 3016.33 * log(5.15607e-13 * gdp)
2026-06-25 11:08:32 | DEBUG | P07 |   R-squared: 0.8164
2026-06-25 11:08:32 | DEBUG | P07 |   RMSE:      1040.89  (in units of CO2 emissions)
2026-06-25 11:08:32 | DEBUG | P07 |   residual min:  -1300.04
2026-06-25 11:08:32 | DEBUG | P07 |   residual max:  1921.2
2026-06-25 11:08:32 | DEBUG | P07 |   residual mean:  3.72319e-06
2026-06-25 11:08:32 | INFO | P07 | 
Logarithmic Regression Fit Numbers (requires interpretation):
             R-squared is far from 1, indicating the curve does not account for most of the variation in y.
             Residual plot shows clustering of residuals, indicating a logarithmic curve is not the right description.

2026-06-25 11:08:32 | INFO | P07 | ---- Creating Scatter Plot with Fitted Line ----------
2026-06-25 11:08:32 | INFO | P07 | ----   Set x to GDP -----------------------
2026-06-25 11:08:32 | INFO | P07 | ----   Set y to CO2 emissions -------------------------
2026-06-25 11:08:32 | INFO | P07 | ------ Creating Residual Plot --------------------------
2026-06-25 11:08:32 | INFO | P07 | ------   Set x to GDP ----------------------
2026-06-25 11:08:32 | INFO | P07 | ------   Set y to the residual (actual - fitted) -------
2026-06-25 11:08:32 | INFO | P07 | --- Processing Year: 2008 ---
2026-06-25 11:08:32 | INFO | P07 | Creating modeling view (dropping rows missing feature or target)
2026-06-25 11:08:32 | DEBUG | P07 | Columns required to be non-missing: ['gdp', 'co2']
2026-06-25 11:08:32 | INFO | P07 | Original rows: 10
2026-06-25 11:08:32 | INFO | P07 | Model rows:    9
2026-06-25 11:08:32 | INFO | P07 | Rows dropped:  1
2026-06-25 11:08:32 | INFO | P07 | Building feature matrix X and target vector y
2026-06-25 11:08:32 | DEBUG | P07 | X shape: (9, 1)  (rows, features)
2026-06-25 11:08:32 | DEBUG | P07 | y shape: (9,)  (rows,)
2026-06-25 11:08:32 | INFO | P07 | Fitting a linear regression (scikit-learn)
2026-06-25 11:08:32 | DEBUG | P07 |   slope:     5.21999e-10
2026-06-25 11:08:32 | DEBUG | P07 |   intercept: -633.182
2026-06-25 11:08:32 | INFO | P07 | Fitted line:
2026-06-25 11:08:32 | INFO | P07 |   co2 = 5.21999e-10 * gdp + -633.182
2026-06-25 11:08:32 | DEBUG | P07 |   numpy check -> slope 5.21999e-10, intercept -633.182
2026-06-25 11:08:32 | INFO | P07 | Computing fitted values for every observed row
2026-06-25 11:08:32 | INFO | P07 | Predicting CO2 emissions for one example GDP value
2026-06-25 11:08:32 | DEBUG | P07 |   example gdp: 1e+12
2026-06-25 11:08:32 | DEBUG | P07 |   predicted co2: -111.182
2026-06-25 11:08:32 | INFO | P07 | Computing residuals (actual - fitted)
2026-06-25 11:08:32 | INFO | P07 | Fit numbers (requires interpretation):
2026-06-25 11:08:32 | DEBUG | P07 |   R-squared: 0.8419
2026-06-25 11:08:32 | DEBUG | P07 |   RMSE:      999.547  (in units of CO2 emissions)
2026-06-25 11:08:32 | DEBUG | P07 |   residual min:  -1428.21
2026-06-25 11:08:32 | DEBUG | P07 |   residual max:  2488.44
2026-06-25 11:08:32 | DEBUG | P07 |   residual mean: 2.77901e-13
2026-06-25 11:08:32 | INFO | P07 | 
Linear Regression Fit Numbers (requires interpretation):
             R-squared is near 1, indicating the line accounts for most of the variation in y.
             Residual plot shows clustering of residuals, indicating a straight line is not the right description.

2026-06-25 11:08:32 | INFO | P07 | ---- Creating Scatter Plot with Fitted Line ----------
2026-06-25 11:08:32 | INFO | P07 | ----   Set x to GDP -----------------------
2026-06-25 11:08:32 | INFO | P07 | ----   Set y to CO2 emissions -------------------------
2026-06-25 11:08:32 | INFO | P07 | ------ Creating Residual Plot --------------------------
2026-06-25 11:08:32 | INFO | P07 | ------   Set x to GDP ----------------------
2026-06-25 11:08:32 | INFO | P07 | ------   Set y to the residual (actual - fitted) -------
2026-06-25 11:08:32 | INFO | P07 | Fitting an exponential curve (scipy.optimize.curve_fit)
2026-06-25 11:08:32 | INFO | P07 | Fitted exponential curve:
2026-06-25 11:08:32 | INFO | P07 |   co2 = 880.017 * exp(0.137202 * gdp / 1e+12)
2026-06-25 11:08:32 | INFO | P07 | Computing residuals for the exponential fit
2026-06-25 11:08:32 | INFO | P07 | Exponential fit numbers (requires interpretation):
2026-06-25 11:08:32 | DEBUG | P07 |   co2 = 880.017 * exp(0.137202 * gdp)
2026-06-25 11:08:32 | DEBUG | P07 |   R-squared: 0.6975
2026-06-25 11:08:32 | DEBUG | P07 |   RMSE:      1382.41  (in units of CO2 emissions)
2026-06-25 11:08:32 | DEBUG | P07 |   residual min:  -1250.05
2026-06-25 11:08:32 | DEBUG | P07 |   residual max:  3620.1
2026-06-25 11:08:32 | DEBUG | P07 |   residual mean:  -172.571
2026-06-25 11:08:32 | INFO | P07 | 
Exponential Regression Fit Numbers (requires interpretation):
             R-squared is farther from 1 than linear regression, indicating the curve accounts for a some of the variation in y.
             Residual plot shows clustering of residuals, indicating an exponential curve line is not the right description.

2026-06-25 11:08:32 | INFO | P07 | ---- Creating Scatter Plot with Fitted Line ----------
2026-06-25 11:08:32 | INFO | P07 | ----   Set x to GDP -----------------------
2026-06-25 11:08:32 | INFO | P07 | ----   Set y to CO2 emissions -------------------------
2026-06-25 11:08:32 | INFO | P07 | ------ Creating Residual Plot --------------------------
2026-06-25 11:08:32 | INFO | P07 | ------   Set x to GDP ----------------------
2026-06-25 11:08:32 | INFO | P07 | ------   Set y to the residual (actual - fitted) -------
2026-06-25 11:08:32 | INFO | P07 | Fitting a logarithmic curve (scipy.optimize.curve_fit)
2026-06-25 11:08:32 | INFO | P07 | Fitted logarithmic curve:
2026-06-25 11:08:32 | INFO | P07 |   co2 = 3075.6 * log(5.05165e-13 * gdp)
2026-06-25 11:08:32 | INFO | P07 | Computing residuals for the logarithmic fit
2026-06-25 11:08:32 | INFO | P07 | Logarithmic fit numbers (requires interpretation):
2026-06-25 11:08:32 | DEBUG | P07 |   co2 = 3075.6 * log(5.05165e-13 * gdp)
2026-06-25 11:08:32 | DEBUG | P07 |   R-squared: 0.7934
2026-06-25 11:08:32 | DEBUG | P07 |   RMSE:      1142.36  (in units of CO2 emissions)
2026-06-25 11:08:32 | DEBUG | P07 |   residual min:  -1325.87
2026-06-25 11:08:32 | DEBUG | P07 |   residual max:  2274.35
2026-06-25 11:08:32 | DEBUG | P07 |   residual mean:  -6.22255e-07
2026-06-25 11:08:32 | INFO | P07 | 
Logarithmic Regression Fit Numbers (requires interpretation):
             R-squared is far from 1, indicating the curve does not account for most of the variation in y.
             Residual plot shows clustering of residuals, indicating a logarithmic curve is not the right description.

2026-06-25 11:08:32 | INFO | P07 | ---- Creating Scatter Plot with Fitted Line ----------
2026-06-25 11:08:32 | INFO | P07 | ----   Set x to GDP -----------------------
2026-06-25 11:08:32 | INFO | P07 | ----   Set y to CO2 emissions -------------------------
2026-06-25 11:08:33 | INFO | P07 | ------ Creating Residual Plot --------------------------
2026-06-25 11:08:33 | INFO | P07 | ------   Set x to GDP ----------------------
2026-06-25 11:08:33 | INFO | P07 | ------   Set y to the residual (actual - fitted) -------
2026-06-25 11:08:33 | INFO | P07 | --- Processing Year: 2009 ---
2026-06-25 11:08:33 | INFO | P07 | Creating modeling view (dropping rows missing feature or target)
2026-06-25 11:08:33 | DEBUG | P07 | Columns required to be non-missing: ['gdp', 'co2']
2026-06-25 11:08:33 | INFO | P07 | Original rows: 10
2026-06-25 11:08:33 | INFO | P07 | Model rows:    9
2026-06-25 11:08:33 | INFO | P07 | Rows dropped:  1
2026-06-25 11:08:33 | INFO | P07 | Building feature matrix X and target vector y
2026-06-25 11:08:33 | DEBUG | P07 | X shape: (9, 1)  (rows, features)
2026-06-25 11:08:33 | DEBUG | P07 | y shape: (9,)  (rows,)
2026-06-25 11:08:33 | INFO | P07 | Fitting a linear regression (scikit-learn)
2026-06-25 11:08:33 | DEBUG | P07 |   slope:     5.24683e-10
2026-06-25 11:08:33 | DEBUG | P07 |   intercept: -674.419
2026-06-25 11:08:33 | INFO | P07 | Fitted line:
2026-06-25 11:08:33 | INFO | P07 |   co2 = 5.24683e-10 * gdp + -674.419
2026-06-25 11:08:33 | DEBUG | P07 |   numpy check -> slope 5.24683e-10, intercept -674.419
2026-06-25 11:08:33 | INFO | P07 | Computing fitted values for every observed row
2026-06-25 11:08:33 | INFO | P07 | Predicting CO2 emissions for one example GDP value
2026-06-25 11:08:33 | DEBUG | P07 |   example gdp: 1e+12
2026-06-25 11:08:33 | DEBUG | P07 |   predicted co2: -149.736
2026-06-25 11:08:33 | INFO | P07 | Computing residuals (actual - fitted)
2026-06-25 11:08:33 | INFO | P07 | Fit numbers (requires interpretation):
2026-06-25 11:08:33 | DEBUG | P07 |   R-squared: 0.8373
2026-06-25 11:08:33 | DEBUG | P07 |   RMSE:      1029.54  (in units of CO2 emissions)
2026-06-25 11:08:33 | DEBUG | P07 |   residual min:  -1638.37
2026-06-25 11:08:33 | DEBUG | P07 |   residual max:  2483.99
2026-06-25 11:08:33 | DEBUG | P07 |   residual mean: -2.0211e-13
2026-06-25 11:08:33 | INFO | P07 | 
Linear Regression Fit Numbers (requires interpretation):
             R-squared is near 1, indicating the line accounts for most of the variation in y.
             Residual plot shows clustering of residuals, indicating a straight line is not the right description.

2026-06-25 11:08:33 | INFO | P07 | ---- Creating Scatter Plot with Fitted Line ----------
2026-06-25 11:08:33 | INFO | P07 | ----   Set x to GDP -----------------------
2026-06-25 11:08:33 | INFO | P07 | ----   Set y to CO2 emissions -------------------------
2026-06-25 11:08:33 | INFO | P07 | ------ Creating Residual Plot --------------------------
2026-06-25 11:08:33 | INFO | P07 | ------   Set x to GDP ----------------------
2026-06-25 11:08:33 | INFO | P07 | ------   Set y to the residual (actual - fitted) -------
2026-06-25 11:08:33 | INFO | P07 | Fitting an exponential curve (scipy.optimize.curve_fit)
2026-06-25 11:08:33 | INFO | P07 | Fitted exponential curve:
2026-06-25 11:08:33 | INFO | P07 |   co2 = 807.218 * exp(0.145989 * gdp / 1e+12)
2026-06-25 11:08:33 | INFO | P07 | Computing residuals for the exponential fit
2026-06-25 11:08:33 | INFO | P07 | Exponential fit numbers (requires interpretation):
2026-06-25 11:08:33 | DEBUG | P07 |   co2 = 807.218 * exp(0.145989 * gdp)
2026-06-25 11:08:33 | DEBUG | P07 |   R-squared: 0.7110
2026-06-25 11:08:33 | DEBUG | P07 |   RMSE:      1372.34  (in units of CO2 emissions)
2026-06-25 11:08:33 | DEBUG | P07 |   residual min:  -1583.65
2026-06-25 11:08:33 | DEBUG | P07 |   residual max:  3509.11
2026-06-25 11:08:33 | DEBUG | P07 |   residual mean:  -174.674
2026-06-25 11:08:33 | INFO | P07 | 
Exponential Regression Fit Numbers (requires interpretation):
             R-squared is farther from 1 than linear regression, indicating the curve accounts for a some of the variation in y.
             Residual plot shows clustering of residuals, indicating an exponential curve line is not the right description.

2026-06-25 11:08:33 | INFO | P07 | ---- Creating Scatter Plot with Fitted Line ----------
2026-06-25 11:08:33 | INFO | P07 | ----   Set x to GDP -----------------------
2026-06-25 11:08:33 | INFO | P07 | ----   Set y to CO2 emissions -------------------------
2026-06-25 11:08:33 | INFO | P07 | ------ Creating Residual Plot --------------------------
2026-06-25 11:08:33 | INFO | P07 | ------   Set x to GDP ----------------------
2026-06-25 11:08:33 | INFO | P07 | ------   Set y to the residual (actual - fitted) -------
2026-06-25 11:08:33 | INFO | P07 | Fitting a logarithmic curve (scipy.optimize.curve_fit)
2026-06-25 11:08:33 | INFO | P07 | Fitted logarithmic curve:
2026-06-25 11:08:33 | INFO | P07 |   co2 = 3019.56 * log(5.12772e-13 * gdp)
2026-06-25 11:08:33 | INFO | P07 | Computing residuals for the logarithmic fit
2026-06-25 11:08:33 | INFO | P07 | Logarithmic fit numbers (requires interpretation):
2026-06-25 11:08:33 | DEBUG | P07 |   co2 = 3019.56 * log(5.12772e-13 * gdp)
2026-06-25 11:08:33 | DEBUG | P07 |   R-squared: 0.7777
2026-06-25 11:08:33 | DEBUG | P07 |   RMSE:      1203.44  (in units of CO2 emissions)
2026-06-25 11:08:33 | DEBUG | P07 |   residual min:  -1225.95
2026-06-25 11:08:33 | DEBUG | P07 |   residual max:  2504.53
2026-06-25 11:08:33 | DEBUG | P07 |   residual mean:  2.29604e-06
2026-06-25 11:08:33 | INFO | P07 | 
Logarithmic Regression Fit Numbers (requires interpretation):
             R-squared is far from 1, indicating the curve does not account for most of the variation in y.
             Residual plot shows clustering of residuals, indicating a logarithmic curve is not the right description.

2026-06-25 11:08:33 | INFO | P07 | ---- Creating Scatter Plot with Fitted Line ----------
2026-06-25 11:08:33 | INFO | P07 | ----   Set x to GDP -----------------------
2026-06-25 11:08:33 | INFO | P07 | ----   Set y to CO2 emissions -------------------------
2026-06-25 11:08:33 | INFO | P07 | ------ Creating Residual Plot --------------------------
2026-06-25 11:08:33 | INFO | P07 | ------   Set x to GDP ----------------------
2026-06-25 11:08:33 | INFO | P07 | ------   Set y to the residual (actual - fitted) -------
2026-06-25 11:08:34 | INFO | P07 | --- Processing Year: 2010 ---
2026-06-25 11:08:34 | INFO | P07 | Creating modeling view (dropping rows missing feature or target)
2026-06-25 11:08:34 | DEBUG | P07 | Columns required to be non-missing: ['gdp', 'co2']
2026-06-25 11:08:34 | INFO | P07 | Original rows: 10
2026-06-25 11:08:34 | INFO | P07 | Model rows:    10
2026-06-25 11:08:34 | INFO | P07 | Rows dropped:  0
2026-06-25 11:08:34 | INFO | P07 | Building feature matrix X and target vector y
2026-06-25 11:08:34 | DEBUG | P07 | X shape: (10, 1)  (rows, features)
2026-06-25 11:08:34 | DEBUG | P07 | y shape: (10,)  (rows,)
2026-06-25 11:08:34 | INFO | P07 | Fitting a linear regression (scikit-learn)
2026-06-25 11:08:34 | DEBUG | P07 |   slope:     3.74412e-10
2026-06-25 11:08:34 | DEBUG | P07 |   intercept: 85.0646
2026-06-25 11:08:34 | INFO | P07 | Fitted line:
2026-06-25 11:08:34 | INFO | P07 |   co2 = 3.74412e-10 * gdp + 85.0646
2026-06-25 11:08:34 | DEBUG | P07 |   numpy check -> slope 3.74412e-10, intercept 85.0646
2026-06-25 11:08:34 | INFO | P07 | Computing fitted values for every observed row
2026-06-25 11:08:34 | INFO | P07 | Predicting CO2 emissions for one example GDP value
2026-06-25 11:08:34 | DEBUG | P07 |   example gdp: 1e+12
2026-06-25 11:08:34 | DEBUG | P07 |   predicted co2: 459.476
2026-06-25 11:08:34 | INFO | P07 | Computing residuals (actual - fitted)
2026-06-25 11:08:34 | INFO | P07 | Fit numbers (requires interpretation):
2026-06-25 11:08:34 | DEBUG | P07 |   R-squared: 0.9833
2026-06-25 11:08:34 | DEBUG | P07 |   RMSE:      1250.92  (in units of CO2 emissions)
2026-06-25 11:08:34 | DEBUG | P07 |   residual min:  -700.822
2026-06-25 11:08:34 | DEBUG | P07 |   residual max:  3710.49
2026-06-25 11:08:34 | DEBUG | P07 |   residual mean: 5.68434e-13
2026-06-25 11:08:34 | INFO | P07 | 
Linear Regression Fit Numbers (requires interpretation):
             R-squared is near 1, indicating the line accounts for most of the variation in y.
             Residual plot shows clustering of residuals, indicating a straight line is not the right description.

2026-06-25 11:08:34 | INFO | P07 | ---- Creating Scatter Plot with Fitted Line ----------
2026-06-25 11:08:34 | INFO | P07 | ----   Set x to GDP -----------------------
2026-06-25 11:08:34 | INFO | P07 | ----   Set y to CO2 emissions -------------------------
2026-06-25 11:08:34 | INFO | P07 | ------ Creating Residual Plot --------------------------
2026-06-25 11:08:34 | INFO | P07 | ------   Set x to GDP ----------------------
2026-06-25 11:08:34 | INFO | P07 | ------   Set y to the residual (actual - fitted) -------
2026-06-25 11:08:34 | INFO | P07 | Fitting an exponential curve (scipy.optimize.curve_fit)
2026-06-25 11:08:34 | INFO | P07 | Fitted exponential curve:
2026-06-25 11:08:34 | INFO | P07 |   co2 = 2003.4 * exp(0.0313334 * gdp / 1e+12)
2026-06-25 11:08:34 | INFO | P07 | Computing residuals for the exponential fit
2026-06-25 11:08:34 | INFO | P07 | Exponential fit numbers (requires interpretation):
2026-06-25 11:08:34 | DEBUG | P07 |   co2 = 2003.4 * exp(0.0313334 * gdp)
2026-06-25 11:08:34 | DEBUG | P07 |   R-squared: 0.9443
2026-06-25 11:08:34 | DEBUG | P07 |   RMSE:      2287.86  (in units of CO2 emissions)
2026-06-25 11:08:34 | DEBUG | P07 |   residual min:  -1778.9
2026-06-25 11:08:34 | DEBUG | P07 |   residual max:  5612.61
2026-06-25 11:08:34 | DEBUG | P07 |   residual mean:  -192.006
2026-06-25 11:08:34 | INFO | P07 | 
Exponential Regression Fit Numbers (requires interpretation):
             R-squared is farther from 1 than linear regression, indicating the curve accounts for a some of the variation in y.
             Residual plot shows clustering of residuals, indicating an exponential curve line is not the right description.

2026-06-25 11:08:34 | INFO | P07 | ---- Creating Scatter Plot with Fitted Line ----------
2026-06-25 11:08:34 | INFO | P07 | ----   Set x to GDP -----------------------
2026-06-25 11:08:34 | INFO | P07 | ----   Set y to CO2 emissions -------------------------
2026-06-25 11:08:34 | INFO | P07 | ------ Creating Residual Plot --------------------------
2026-06-25 11:08:34 | INFO | P07 | ------   Set x to GDP ----------------------
2026-06-25 11:08:34 | INFO | P07 | ------   Set y to the residual (actual - fitted) -------
2026-06-25 11:08:34 | INFO | P07 | Fitting a logarithmic curve (scipy.optimize.curve_fit)
2026-06-25 11:08:34 | INFO | P07 | Fitted logarithmic curve:
2026-06-25 11:08:34 | INFO | P07 |   co2 = 7492.61 * log(3.65595e-13 * gdp)
2026-06-25 11:08:34 | INFO | P07 | Computing residuals for the logarithmic fit
2026-06-25 11:08:34 | INFO | P07 | Logarithmic fit numbers (requires interpretation):
2026-06-25 11:08:34 | DEBUG | P07 |   co2 = 7492.61 * log(3.65595e-13 * gdp)
2026-06-25 11:08:34 | DEBUG | P07 |   R-squared: 0.8215
2026-06-25 11:08:34 | DEBUG | P07 |   RMSE:      4094.57  (in units of CO2 emissions)
2026-06-25 11:08:34 | DEBUG | P07 |   residual min:  -7200.55
2026-06-25 11:08:34 | DEBUG | P07 |   residual max:  7157.68
2026-06-25 11:08:34 | DEBUG | P07 |   residual mean:  -4.68697e-06
2026-06-25 11:08:34 | INFO | P07 | 
Logarithmic Regression Fit Numbers (requires interpretation):
             R-squared is far from 1, indicating the curve does not account for most of the variation in y.
             Residual plot shows clustering of residuals, indicating a logarithmic curve is not the right description.

2026-06-25 11:08:34 | INFO | P07 | ---- Creating Scatter Plot with Fitted Line ----------
2026-06-25 11:08:34 | INFO | P07 | ----   Set x to GDP -----------------------
2026-06-25 11:08:34 | INFO | P07 | ----   Set y to CO2 emissions -------------------------
2026-06-25 11:08:34 | INFO | P07 | ------ Creating Residual Plot --------------------------
2026-06-25 11:08:34 | INFO | P07 | ------   Set x to GDP ----------------------
2026-06-25 11:08:34 | INFO | P07 | ------   Set y to the residual (actual - fitted) -------
2026-06-25 11:08:35 | INFO | P07 | --- Processing Year: 2011 ---
2026-06-25 11:08:35 | INFO | P07 | Creating modeling view (dropping rows missing feature or target)
2026-06-25 11:08:35 | DEBUG | P07 | Columns required to be non-missing: ['gdp', 'co2']
2026-06-25 11:08:35 | INFO | P07 | Original rows: 10
2026-06-25 11:08:35 | INFO | P07 | Model rows:    9
2026-06-25 11:08:35 | INFO | P07 | Rows dropped:  1
2026-06-25 11:08:35 | INFO | P07 | Building feature matrix X and target vector y
2026-06-25 11:08:35 | DEBUG | P07 | X shape: (9, 1)  (rows, features)
2026-06-25 11:08:35 | DEBUG | P07 | y shape: (9,)  (rows,)
2026-06-25 11:08:35 | INFO | P07 | Fitting a linear regression (scikit-learn)
2026-06-25 11:08:35 | DEBUG | P07 |   slope:     5.55688e-10
2026-06-25 11:08:35 | DEBUG | P07 |   intercept: -897.888
2026-06-25 11:08:35 | INFO | P07 | Fitted line:
2026-06-25 11:08:35 | INFO | P07 |   co2 = 5.55688e-10 * gdp + -897.888
2026-06-25 11:08:35 | DEBUG | P07 |   numpy check -> slope 5.55688e-10, intercept -897.888
2026-06-25 11:08:35 | INFO | P07 | Computing fitted values for every observed row
2026-06-25 11:08:35 | INFO | P07 | Predicting CO2 emissions for one example GDP value
2026-06-25 11:08:35 | DEBUG | P07 |   example gdp: 1e+12
2026-06-25 11:08:35 | DEBUG | P07 |   predicted co2: -342.2
2026-06-25 11:08:35 | INFO | P07 | Computing residuals (actual - fitted)
2026-06-25 11:08:35 | INFO | P07 | Fit numbers (requires interpretation):
2026-06-25 11:08:35 | DEBUG | P07 |   R-squared: 0.8303
2026-06-25 11:08:35 | DEBUG | P07 |   RMSE:      1226.22  (in units of CO2 emissions)
2026-06-25 11:08:35 | DEBUG | P07 |   residual min:  -2164.01
2026-06-25 11:08:35 | DEBUG | P07 |   residual max:  2809.82
2026-06-25 11:08:35 | DEBUG | P07 |   residual mean: 1.01055e-13
2026-06-25 11:08:35 | INFO | P07 | 
Linear Regression Fit Numbers (requires interpretation):
             R-squared is near 1, indicating the line accounts for most of the variation in y.
             Residual plot shows clustering of residuals, indicating a straight line is not the right description.

2026-06-25 11:08:35 | INFO | P07 | ---- Creating Scatter Plot with Fitted Line ----------
2026-06-25 11:08:35 | INFO | P07 | ----   Set x to GDP -----------------------
2026-06-25 11:08:35 | INFO | P07 | ----   Set y to CO2 emissions -------------------------
2026-06-25 11:08:35 | INFO | P07 | ------ Creating Residual Plot --------------------------
2026-06-25 11:08:35 | INFO | P07 | ------   Set x to GDP ----------------------
2026-06-25 11:08:35 | INFO | P07 | ------   Set y to the residual (actual - fitted) -------
2026-06-25 11:08:35 | INFO | P07 | Fitting an exponential curve (scipy.optimize.curve_fit)
2026-06-25 11:08:35 | INFO | P07 | Fitted exponential curve:
2026-06-25 11:08:35 | INFO | P07 |   co2 = 712.354 * exp(0.155134 * gdp / 1e+12)
2026-06-25 11:08:35 | INFO | P07 | Computing residuals for the exponential fit
2026-06-25 11:08:35 | INFO | P07 | Exponential fit numbers (requires interpretation):
2026-06-25 11:08:35 | DEBUG | P07 |   co2 = 712.354 * exp(0.155134 * gdp)
2026-06-25 11:08:35 | DEBUG | P07 |   R-squared: 0.7545
2026-06-25 11:08:35 | DEBUG | P07 |   RMSE:      1474.93  (in units of CO2 emissions)
2026-06-25 11:08:35 | DEBUG | P07 |   residual min:  -2322.38
2026-06-25 11:08:35 | DEBUG | P07 |   residual max:  3561.56
2026-06-25 11:08:35 | DEBUG | P07 |   residual mean:  -168.315
2026-06-25 11:08:35 | INFO | P07 | 
Exponential Regression Fit Numbers (requires interpretation):
             R-squared is farther from 1 than linear regression, indicating the curve accounts for a some of the variation in y.
             Residual plot shows clustering of residuals, indicating an exponential curve line is not the right description.

2026-06-25 11:08:35 | INFO | P07 | ---- Creating Scatter Plot with Fitted Line ----------
2026-06-25 11:08:35 | INFO | P07 | ----   Set x to GDP -----------------------
2026-06-25 11:08:35 | INFO | P07 | ----   Set y to CO2 emissions -------------------------
2026-06-25 11:08:35 | INFO | P07 | ------ Creating Residual Plot --------------------------
2026-06-25 11:08:35 | INFO | P07 | ------   Set x to GDP ----------------------
2026-06-25 11:08:35 | INFO | P07 | ------   Set y to the residual (actual - fitted) -------
2026-06-25 11:08:35 | INFO | P07 | Fitting a logarithmic curve (scipy.optimize.curve_fit)
2026-06-25 11:08:35 | INFO | P07 | Fitted logarithmic curve:
2026-06-25 11:08:35 | INFO | P07 |   co2 = 3375.58 * log(4.68145e-13 * gdp)
2026-06-25 11:08:35 | INFO | P07 | Computing residuals for the logarithmic fit
2026-06-25 11:08:35 | INFO | P07 | Logarithmic fit numbers (requires interpretation):
2026-06-25 11:08:35 | DEBUG | P07 |   co2 = 3375.58 * log(4.68145e-13 * gdp)
2026-06-25 11:08:35 | DEBUG | P07 |   R-squared: 0.7429
2026-06-25 11:08:35 | DEBUG | P07 |   RMSE:      1509.35  (in units of CO2 emissions)
2026-06-25 11:08:35 | DEBUG | P07 |   residual min:  -1559.63
2026-06-25 11:08:35 | DEBUG | P07 |   residual max:  3249.01
2026-06-25 11:08:35 | DEBUG | P07 |   residual mean:  2.72335e-06
2026-06-25 11:08:35 | INFO | P07 | 
Logarithmic Regression Fit Numbers (requires interpretation):
             R-squared is far from 1, indicating the curve does not account for most of the variation in y.
             Residual plot shows clustering of residuals, indicating a logarithmic curve is not the right description.

2026-06-25 11:08:35 | INFO | P07 | ---- Creating Scatter Plot with Fitted Line ----------
2026-06-25 11:08:35 | INFO | P07 | ----   Set x to GDP -----------------------
2026-06-25 11:08:35 | INFO | P07 | ----   Set y to CO2 emissions -------------------------
2026-06-25 11:08:35 | INFO | P07 | ------ Creating Residual Plot --------------------------
2026-06-25 11:08:35 | INFO | P07 | ------   Set x to GDP ----------------------
2026-06-25 11:08:35 | INFO | P07 | ------   Set y to the residual (actual - fitted) -------
2026-06-25 11:08:35 | INFO | P07 | --- Processing Year: 2012 ---
2026-06-25 11:08:35 | INFO | P07 | Creating modeling view (dropping rows missing feature or target)
2026-06-25 11:08:35 | DEBUG | P07 | Columns required to be non-missing: ['gdp', 'co2']
2026-06-25 11:08:35 | INFO | P07 | Original rows: 10
2026-06-25 11:08:35 | INFO | P07 | Model rows:    9
2026-06-25 11:08:35 | INFO | P07 | Rows dropped:  1
2026-06-25 11:08:35 | INFO | P07 | Building feature matrix X and target vector y
2026-06-25 11:08:35 | DEBUG | P07 | X shape: (9, 1)  (rows, features)
2026-06-25 11:08:35 | DEBUG | P07 | y shape: (9,)  (rows,)
2026-06-25 11:08:35 | INFO | P07 | Fitting a linear regression (scikit-learn)
2026-06-25 11:08:35 | DEBUG | P07 |   slope:     5.34899e-10
2026-06-25 11:08:35 | DEBUG | P07 |   intercept: -860.777
2026-06-25 11:08:35 | INFO | P07 | Fitted line:
2026-06-25 11:08:35 | INFO | P07 |   co2 = 5.34899e-10 * gdp + -860.777
2026-06-25 11:08:35 | DEBUG | P07 |   numpy check -> slope 5.34899e-10, intercept -860.777
2026-06-25 11:08:35 | INFO | P07 | Computing fitted values for every observed row
2026-06-25 11:08:35 | INFO | P07 | Predicting CO2 emissions for one example GDP value
2026-06-25 11:08:35 | DEBUG | P07 |   example gdp: 1e+12
2026-06-25 11:08:35 | DEBUG | P07 |   predicted co2: -325.878
2026-06-25 11:08:35 | INFO | P07 | Computing residuals (actual - fitted)
2026-06-25 11:08:35 | INFO | P07 | Fit numbers (requires interpretation):
2026-06-25 11:08:35 | DEBUG | P07 |   R-squared: 0.8357
2026-06-25 11:08:35 | DEBUG | P07 |   RMSE:      1220.42  (in units of CO2 emissions)
2026-06-25 11:08:35 | DEBUG | P07 |   residual min:  -2275.68
2026-06-25 11:08:35 | DEBUG | P07 |   residual max:  2725.94
2026-06-25 11:08:35 | DEBUG | P07 |   residual mean: 5.05275e-14
2026-06-25 11:08:35 | INFO | P07 | 
Linear Regression Fit Numbers (requires interpretation):
             R-squared is near 1, indicating the line accounts for most of the variation in y.
             Residual plot shows clustering of residuals, indicating a straight line is not the right description.

2026-06-25 11:08:35 | INFO | P07 | ---- Creating Scatter Plot with Fitted Line ----------
2026-06-25 11:08:35 | INFO | P07 | ----   Set x to GDP -----------------------
2026-06-25 11:08:35 | INFO | P07 | ----   Set y to CO2 emissions -------------------------
2026-06-25 11:08:36 | INFO | P07 | ------ Creating Residual Plot --------------------------
2026-06-25 11:08:36 | INFO | P07 | ------   Set x to GDP ----------------------
2026-06-25 11:08:36 | INFO | P07 | ------   Set y to the residual (actual - fitted) -------
2026-06-25 11:08:36 | INFO | P07 | Fitting an exponential curve (scipy.optimize.curve_fit)
2026-06-25 11:08:36 | INFO | P07 | Fitted exponential curve:
2026-06-25 11:08:36 | INFO | P07 |   co2 = 638.285 * exp(0.158173 * gdp / 1e+12)
2026-06-25 11:08:36 | INFO | P07 | Computing residuals for the exponential fit
2026-06-25 11:08:36 | INFO | P07 | Exponential fit numbers (requires interpretation):
2026-06-25 11:08:36 | DEBUG | P07 |   co2 = 638.285 * exp(0.158173 * gdp)
2026-06-25 11:08:36 | DEBUG | P07 |   R-squared: 0.7899
2026-06-25 11:08:36 | DEBUG | P07 |   RMSE:      1380.14  (in units of CO2 emissions)
2026-06-25 11:08:36 | DEBUG | P07 |   residual min:  -2475.72
2026-06-25 11:08:36 | DEBUG | P07 |   residual max:  3162.88
2026-06-25 11:08:36 | DEBUG | P07 |   residual mean:  -124.779
2026-06-25 11:08:36 | INFO | P07 | 
Exponential Regression Fit Numbers (requires interpretation):
             R-squared is farther from 1 than linear regression, indicating the curve accounts for a some of the variation in y.
             Residual plot shows clustering of residuals, indicating an exponential curve line is not the right description.

2026-06-25 11:08:36 | INFO | P07 | ---- Creating Scatter Plot with Fitted Line ----------
2026-06-25 11:08:36 | INFO | P07 | ----   Set x to GDP -----------------------
2026-06-25 11:08:36 | INFO | P07 | ----   Set y to CO2 emissions -------------------------
2026-06-25 11:08:36 | INFO | P07 | ------ Creating Residual Plot --------------------------
2026-06-25 11:08:36 | INFO | P07 | ------   Set x to GDP ----------------------
2026-06-25 11:08:36 | INFO | P07 | ------   Set y to the residual (actual - fitted) -------
2026-06-25 11:08:36 | INFO | P07 | Fitting a logarithmic curve (scipy.optimize.curve_fit)
2026-06-25 11:08:36 | INFO | P07 | Fitted logarithmic curve:
2026-06-25 11:08:36 | INFO | P07 |   co2 = 3347.7 * log(4.63795e-13 * gdp)
2026-06-25 11:08:36 | INFO | P07 | Computing residuals for the logarithmic fit
2026-06-25 11:08:36 | INFO | P07 | Logarithmic fit numbers (requires interpretation):
2026-06-25 11:08:36 | DEBUG | P07 |   co2 = 3347.7 * log(4.63795e-13 * gdp)
2026-06-25 11:08:36 | DEBUG | P07 |   R-squared: 0.7420
2026-06-25 11:08:36 | DEBUG | P07 |   RMSE:      1529.54  (in units of CO2 emissions)
2026-06-25 11:08:36 | DEBUG | P07 |   residual min:  -1528.33
2026-06-25 11:08:36 | DEBUG | P07 |   residual max:  3324.66
2026-06-25 11:08:36 | DEBUG | P07 |   residual mean:  4.10126e-06
2026-06-25 11:08:36 | INFO | P07 | 
Logarithmic Regression Fit Numbers (requires interpretation):
             R-squared is far from 1, indicating the curve does not account for most of the variation in y.
             Residual plot shows clustering of residuals, indicating a logarithmic curve is not the right description.

2026-06-25 11:08:36 | INFO | P07 | ---- Creating Scatter Plot with Fitted Line ----------
2026-06-25 11:08:36 | INFO | P07 | ----   Set x to GDP -----------------------
2026-06-25 11:08:36 | INFO | P07 | ----   Set y to CO2 emissions -------------------------
2026-06-25 11:08:36 | INFO | P07 | ------ Creating Residual Plot --------------------------
2026-06-25 11:08:36 | INFO | P07 | ------   Set x to GDP ----------------------
2026-06-25 11:08:36 | INFO | P07 | ------   Set y to the residual (actual - fitted) -------
2026-06-25 11:08:36 | INFO | P07 | --- Processing Year: 2013 ---
2026-06-25 11:08:36 | INFO | P07 | Creating modeling view (dropping rows missing feature or target)
2026-06-25 11:08:36 | DEBUG | P07 | Columns required to be non-missing: ['gdp', 'co2']
2026-06-25 11:08:36 | INFO | P07 | Original rows: 10
2026-06-25 11:08:36 | INFO | P07 | Model rows:    9
2026-06-25 11:08:36 | INFO | P07 | Rows dropped:  1
2026-06-25 11:08:36 | INFO | P07 | Building feature matrix X and target vector y
2026-06-25 11:08:36 | DEBUG | P07 | X shape: (9, 1)  (rows, features)
2026-06-25 11:08:36 | DEBUG | P07 | y shape: (9,)  (rows,)
2026-06-25 11:08:36 | INFO | P07 | Fitting a linear regression (scikit-learn)
2026-06-25 11:08:36 | DEBUG | P07 |   slope:     5.27762e-10
2026-06-25 11:08:36 | DEBUG | P07 |   intercept: -891.838
2026-06-25 11:08:36 | INFO | P07 | Fitted line:
2026-06-25 11:08:36 | INFO | P07 |   co2 = 5.27762e-10 * gdp + -891.838
2026-06-25 11:08:36 | DEBUG | P07 |   numpy check -> slope 5.27762e-10, intercept -891.838
2026-06-25 11:08:36 | INFO | P07 | Computing fitted values for every observed row
2026-06-25 11:08:36 | INFO | P07 | Predicting CO2 emissions for one example GDP value
2026-06-25 11:08:36 | DEBUG | P07 |   example gdp: 1e+12
2026-06-25 11:08:36 | DEBUG | P07 |   predicted co2: -364.076
2026-06-25 11:08:36 | INFO | P07 | Computing residuals (actual - fitted)
2026-06-25 11:08:36 | INFO | P07 | Fit numbers (requires interpretation):
2026-06-25 11:08:36 | DEBUG | P07 |   R-squared: 0.8664
2026-06-25 11:08:36 | DEBUG | P07 |   RMSE:      1122.09  (in units of CO2 emissions)
2026-06-25 11:08:36 | DEBUG | P07 |   residual min:  -2143.56
2026-06-25 11:08:36 | DEBUG | P07 |   residual max:  2429.35
2026-06-25 11:08:36 | DEBUG | P07 |   residual mean: 7.07385e-13
2026-06-25 11:08:36 | INFO | P07 | 
Linear Regression Fit Numbers (requires interpretation):
             R-squared is near 1, indicating the line accounts for most of the variation in y.
             Residual plot shows clustering of residuals, indicating a straight line is not the right description.

2026-06-25 11:08:36 | INFO | P07 | ---- Creating Scatter Plot with Fitted Line ----------
2026-06-25 11:08:36 | INFO | P07 | ----   Set x to GDP -----------------------
2026-06-25 11:08:36 | INFO | P07 | ----   Set y to CO2 emissions -------------------------
2026-06-25 11:08:36 | INFO | P07 | ------ Creating Residual Plot --------------------------
2026-06-25 11:08:36 | INFO | P07 | ------   Set x to GDP ----------------------
2026-06-25 11:08:36 | INFO | P07 | ------   Set y to the residual (actual - fitted) -------
2026-06-25 11:08:36 | INFO | P07 | Fitting an exponential curve (scipy.optimize.curve_fit)
2026-06-25 11:08:36 | INFO | P07 | Fitted exponential curve:
2026-06-25 11:08:36 | INFO | P07 |   co2 = 513.277 * exp(0.168728 * gdp / 1e+12)
2026-06-25 11:08:36 | INFO | P07 | Computing residuals for the exponential fit
2026-06-25 11:08:36 | INFO | P07 | Exponential fit numbers (requires interpretation):
2026-06-25 11:08:36 | DEBUG | P07 |   co2 = 513.277 * exp(0.168728 * gdp)
2026-06-25 11:08:36 | DEBUG | P07 |   R-squared: 0.8609
2026-06-25 11:08:36 | DEBUG | P07 |   RMSE:      1145.22  (in units of CO2 emissions)
2026-06-25 11:08:36 | DEBUG | P07 |   residual min:  -2320.7
2026-06-25 11:08:36 | DEBUG | P07 |   residual max:  2403.06
2026-06-25 11:08:36 | DEBUG | P07 |   residual mean:  -51.3858
2026-06-25 11:08:36 | INFO | P07 | 
Exponential Regression Fit Numbers (requires interpretation):
             R-squared is farther from 1 than linear regression, indicating the curve accounts for a some of the variation in y.
             Residual plot shows clustering of residuals, indicating an exponential curve line is not the right description.

2026-06-25 11:08:36 | INFO | P07 | ---- Creating Scatter Plot with Fitted Line ----------
2026-06-25 11:08:36 | INFO | P07 | ----   Set x to GDP -----------------------
2026-06-25 11:08:36 | INFO | P07 | ----   Set y to CO2 emissions -------------------------
2026-06-25 11:08:37 | INFO | P07 | ------ Creating Residual Plot --------------------------
2026-06-25 11:08:37 | INFO | P07 | ------   Set x to GDP ----------------------
2026-06-25 11:08:37 | INFO | P07 | ------   Set y to the residual (actual - fitted) -------
2026-06-25 11:08:37 | INFO | P07 | Fitting a logarithmic curve (scipy.optimize.curve_fit)
2026-06-25 11:08:37 | INFO | P07 | Fitted logarithmic curve:
2026-06-25 11:08:37 | INFO | P07 |   co2 = 3392.29 * log(4.53357e-13 * gdp)
2026-06-25 11:08:37 | INFO | P07 | Computing residuals for the logarithmic fit
2026-06-25 11:08:37 | INFO | P07 | Logarithmic fit numbers (requires interpretation):
2026-06-25 11:08:37 | DEBUG | P07 |   co2 = 3392.29 * log(4.53357e-13 * gdp)
2026-06-25 11:08:37 | DEBUG | P07 |   R-squared: 0.7565
2026-06-25 11:08:37 | DEBUG | P07 |   RMSE:      1515.06  (in units of CO2 emissions)
2026-06-25 11:08:37 | DEBUG | P07 |   residual min:  -1631.15
2026-06-25 11:08:37 | DEBUG | P07 |   residual max:  3236.35
2026-06-25 11:08:37 | DEBUG | P07 |   residual mean:  1.92044e-06
2026-06-25 11:08:37 | INFO | P07 | 
Logarithmic Regression Fit Numbers (requires interpretation):
             R-squared is far from 1, indicating the curve does not account for most of the variation in y.
             Residual plot shows clustering of residuals, indicating a logarithmic curve is not the right description.

2026-06-25 11:08:37 | INFO | P07 | ---- Creating Scatter Plot with Fitted Line ----------
2026-06-25 11:08:37 | INFO | P07 | ----   Set x to GDP -----------------------
2026-06-25 11:08:37 | INFO | P07 | ----   Set y to CO2 emissions -------------------------
2026-06-25 11:08:37 | INFO | P07 | ------ Creating Residual Plot --------------------------
2026-06-25 11:08:37 | INFO | P07 | ------   Set x to GDP ----------------------
2026-06-25 11:08:37 | INFO | P07 | ------   Set y to the residual (actual - fitted) -------
2026-06-25 11:08:37 | INFO | P07 | --- Processing Year: 2014 ---
2026-06-25 11:08:37 | INFO | P07 | Creating modeling view (dropping rows missing feature or target)
2026-06-25 11:08:37 | DEBUG | P07 | Columns required to be non-missing: ['gdp', 'co2']
2026-06-25 11:08:37 | INFO | P07 | Original rows: 10
2026-06-25 11:08:37 | INFO | P07 | Model rows:    9
2026-06-25 11:08:37 | INFO | P07 | Rows dropped:  1
2026-06-25 11:08:37 | INFO | P07 | Building feature matrix X and target vector y
2026-06-25 11:08:37 | DEBUG | P07 | X shape: (9, 1)  (rows, features)
2026-06-25 11:08:37 | DEBUG | P07 | y shape: (9,)  (rows,)
2026-06-25 11:08:37 | INFO | P07 | Fitting a linear regression (scikit-learn)
2026-06-25 11:08:37 | DEBUG | P07 |   slope:     5.11129e-10
2026-06-25 11:08:37 | DEBUG | P07 |   intercept: -904.41
2026-06-25 11:08:37 | INFO | P07 | Fitted line:
2026-06-25 11:08:37 | INFO | P07 |   co2 = 5.11129e-10 * gdp + -904.41
2026-06-25 11:08:37 | DEBUG | P07 |   numpy check -> slope 5.11129e-10, intercept -904.41
2026-06-25 11:08:37 | INFO | P07 | Computing fitted values for every observed row
2026-06-25 11:08:37 | INFO | P07 | Predicting CO2 emissions for one example GDP value
2026-06-25 11:08:37 | DEBUG | P07 |   example gdp: 1e+12
2026-06-25 11:08:37 | DEBUG | P07 |   predicted co2: -393.282
2026-06-25 11:08:37 | INFO | P07 | Computing residuals (actual - fitted)
2026-06-25 11:08:37 | INFO | P07 | Fit numbers (requires interpretation):
2026-06-25 11:08:37 | DEBUG | P07 |   R-squared: 0.8918
2026-06-25 11:08:37 | DEBUG | P07 |   RMSE:      1016.93  (in units of CO2 emissions)
2026-06-25 11:08:37 | DEBUG | P07 |   residual min:  -1993.39
2026-06-25 11:08:37 | DEBUG | P07 |   residual max:  2138.12
2026-06-25 11:08:37 | DEBUG | P07 |   residual mean: -4.54747e-13
2026-06-25 11:08:37 | INFO | P07 | 
Linear Regression Fit Numbers (requires interpretation):
             R-squared is near 1, indicating the line accounts for most of the variation in y.
             Residual plot shows clustering of residuals, indicating a straight line is not the right description.

2026-06-25 11:08:37 | INFO | P07 | ---- Creating Scatter Plot with Fitted Line ----------
2026-06-25 11:08:37 | INFO | P07 | ----   Set x to GDP -----------------------
2026-06-25 11:08:37 | INFO | P07 | ----   Set y to CO2 emissions -------------------------
2026-06-25 11:08:37 | INFO | P07 | ------ Creating Residual Plot --------------------------
2026-06-25 11:08:37 | INFO | P07 | ------   Set x to GDP ----------------------
2026-06-25 11:08:37 | INFO | P07 | ------   Set y to the residual (actual - fitted) -------
2026-06-25 11:08:37 | INFO | P07 | Fitting an exponential curve (scipy.optimize.curve_fit)
2026-06-25 11:08:37 | INFO | P07 | Fitted exponential curve:
2026-06-25 11:08:37 | INFO | P07 |   co2 = 411.853 * exp(0.175859 * gdp / 1e+12)
2026-06-25 11:08:37 | INFO | P07 | Computing residuals for the exponential fit
2026-06-25 11:08:37 | INFO | P07 | Exponential fit numbers (requires interpretation):
2026-06-25 11:08:37 | DEBUG | P07 |   co2 = 411.853 * exp(0.175859 * gdp)
2026-06-25 11:08:37 | DEBUG | P07 |   R-squared: 0.9145
2026-06-25 11:08:37 | DEBUG | P07 |   RMSE:      904.139  (in units of CO2 emissions)
2026-06-25 11:08:37 | DEBUG | P07 |   residual min:  -1954.74
2026-06-25 11:08:37 | DEBUG | P07 |   residual max:  1638.32
2026-06-25 11:08:37 | DEBUG | P07 |   residual mean:  19.6453
2026-06-25 11:08:37 | INFO | P07 | 
Exponential Regression Fit Numbers (requires interpretation):
             R-squared is farther from 1 than linear regression, indicating the curve accounts for a some of the variation in y.
             Residual plot shows clustering of residuals, indicating an exponential curve line is not the right description.

2026-06-25 11:08:37 | INFO | P07 | ---- Creating Scatter Plot with Fitted Line ----------
2026-06-25 11:08:37 | INFO | P07 | ----   Set x to GDP -----------------------
2026-06-25 11:08:37 | INFO | P07 | ----   Set y to CO2 emissions -------------------------
2026-06-25 11:08:38 | INFO | P07 | ------ Creating Residual Plot --------------------------
2026-06-25 11:08:38 | INFO | P07 | ------   Set x to GDP ----------------------
2026-06-25 11:08:38 | INFO | P07 | ------   Set y to the residual (actual - fitted) -------
2026-06-25 11:08:38 | INFO | P07 | Fitting a logarithmic curve (scipy.optimize.curve_fit)
2026-06-25 11:08:38 | INFO | P07 | Fitted logarithmic curve:
2026-06-25 11:08:38 | INFO | P07 |   co2 = 3404.89 * log(4.40745e-13 * gdp)
2026-06-25 11:08:38 | INFO | P07 | Computing residuals for the logarithmic fit
2026-06-25 11:08:38 | INFO | P07 | Logarithmic fit numbers (requires interpretation):
2026-06-25 11:08:38 | DEBUG | P07 |   co2 = 3404.89 * log(4.40745e-13 * gdp)
2026-06-25 11:08:38 | DEBUG | P07 |   R-squared: 0.7737
2026-06-25 11:08:38 | DEBUG | P07 |   RMSE:      1470.89  (in units of CO2 emissions)
2026-06-25 11:08:38 | DEBUG | P07 |   residual min:  -1626.71
2026-06-25 11:08:38 | DEBUG | P07 |   residual max:  3098.08
2026-06-25 11:08:38 | DEBUG | P07 |   residual mean:  8.59915e-06
2026-06-25 11:08:38 | INFO | P07 | 
Logarithmic Regression Fit Numbers (requires interpretation):
             R-squared is far from 1, indicating the curve does not account for most of the variation in y.
             Residual plot shows clustering of residuals, indicating a logarithmic curve is not the right description.

2026-06-25 11:08:38 | INFO | P07 | ---- Creating Scatter Plot with Fitted Line ----------
2026-06-25 11:08:38 | INFO | P07 | ----   Set x to GDP -----------------------
2026-06-25 11:08:38 | INFO | P07 | ----   Set y to CO2 emissions -------------------------
2026-06-25 11:08:38 | INFO | P07 | ------ Creating Residual Plot --------------------------
2026-06-25 11:08:38 | INFO | P07 | ------   Set x to GDP ----------------------
2026-06-25 11:08:38 | INFO | P07 | ------   Set y to the residual (actual - fitted) -------
2026-06-25 11:08:38 | INFO | P07 | --- Processing Year: 2015 ---
2026-06-25 11:08:38 | INFO | P07 | Creating modeling view (dropping rows missing feature or target)
2026-06-25 11:08:38 | DEBUG | P07 | Columns required to be non-missing: ['gdp', 'co2']
2026-06-25 11:08:38 | INFO | P07 | Original rows: 10
2026-06-25 11:08:38 | INFO | P07 | Model rows:    10
2026-06-25 11:08:38 | INFO | P07 | Rows dropped:  0
2026-06-25 11:08:38 | INFO | P07 | Building feature matrix X and target vector y
2026-06-25 11:08:38 | DEBUG | P07 | X shape: (10, 1)  (rows, features)
2026-06-25 11:08:38 | DEBUG | P07 | y shape: (10,)  (rows,)
2026-06-25 11:08:38 | INFO | P07 | Fitting a linear regression (scikit-learn)
2026-06-25 11:08:38 | DEBUG | P07 |   slope:     3.3506e-10
2026-06-25 11:08:38 | DEBUG | P07 |   intercept: 66.702
2026-06-25 11:08:38 | INFO | P07 | Fitted line:
2026-06-25 11:08:38 | INFO | P07 |   co2 = 3.3506e-10 * gdp + 66.702
2026-06-25 11:08:38 | DEBUG | P07 |   numpy check -> slope 3.3506e-10, intercept 66.702
2026-06-25 11:08:38 | INFO | P07 | Computing fitted values for every observed row
2026-06-25 11:08:38 | INFO | P07 | Predicting CO2 emissions for one example GDP value
2026-06-25 11:08:38 | DEBUG | P07 |   example gdp: 1e+12
2026-06-25 11:08:38 | DEBUG | P07 |   predicted co2: 401.762
2026-06-25 11:08:38 | INFO | P07 | Computing residuals (actual - fitted)
2026-06-25 11:08:38 | INFO | P07 | Fit numbers (requires interpretation):
2026-06-25 11:08:38 | DEBUG | P07 |   R-squared: 0.9858
2026-06-25 11:08:38 | DEBUG | P07 |   RMSE:      1228.35  (in units of CO2 emissions)
2026-06-25 11:08:38 | DEBUG | P07 |   residual min:  -560.478
2026-06-25 11:08:38 | DEBUG | P07 |   residual max:  3659.34
2026-06-25 11:08:38 | DEBUG | P07 |   residual mean: -2.72848e-13
2026-06-25 11:08:38 | INFO | P07 | 
Linear Regression Fit Numbers (requires interpretation):
             R-squared is near 1, indicating the line accounts for most of the variation in y.
             Residual plot shows clustering of residuals, indicating a straight line is not the right description.

2026-06-25 11:08:38 | INFO | P07 | ---- Creating Scatter Plot with Fitted Line ----------
2026-06-25 11:08:38 | INFO | P07 | ----   Set x to GDP -----------------------
2026-06-25 11:08:38 | INFO | P07 | ----   Set y to CO2 emissions -------------------------
2026-06-25 11:08:38 | INFO | P07 | ------ Creating Residual Plot --------------------------
2026-06-25 11:08:38 | INFO | P07 | ------   Set x to GDP ----------------------
2026-06-25 11:08:38 | INFO | P07 | ------   Set y to the residual (actual - fitted) -------
2026-06-25 11:08:38 | INFO | P07 | Fitting an exponential curve (scipy.optimize.curve_fit)
2026-06-25 11:08:38 | INFO | P07 | Fitted exponential curve:
2026-06-25 11:08:38 | INFO | P07 |   co2 = 2165.55 * exp(0.0261757 * gdp / 1e+12)
2026-06-25 11:08:38 | INFO | P07 | Computing residuals for the exponential fit
2026-06-25 11:08:38 | INFO | P07 | Exponential fit numbers (requires interpretation):
2026-06-25 11:08:38 | DEBUG | P07 |   co2 = 2165.55 * exp(0.0261757 * gdp)
2026-06-25 11:08:38 | DEBUG | P07 |   R-squared: 0.9416
2026-06-25 11:08:38 | DEBUG | P07 |   RMSE:      2495.17  (in units of CO2 emissions)
2026-06-25 11:08:38 | DEBUG | P07 |   residual min:  -1977.75
2026-06-25 11:08:38 | DEBUG | P07 |   residual max:  6361.68
2026-06-25 11:08:38 | DEBUG | P07 |   residual mean:  -233.846
2026-06-25 11:08:38 | INFO | P07 | 
Exponential Regression Fit Numbers (requires interpretation):
             R-squared is farther from 1 than linear regression, indicating the curve accounts for a some of the variation in y.
             Residual plot shows clustering of residuals, indicating an exponential curve line is not the right description.

2026-06-25 11:08:38 | INFO | P07 | ---- Creating Scatter Plot with Fitted Line ----------
2026-06-25 11:08:38 | INFO | P07 | ----   Set x to GDP -----------------------
2026-06-25 11:08:38 | INFO | P07 | ----   Set y to CO2 emissions -------------------------
2026-06-25 11:08:38 | INFO | P07 | ------ Creating Residual Plot --------------------------
2026-06-25 11:08:38 | INFO | P07 | ------   Set x to GDP ----------------------
2026-06-25 11:08:38 | INFO | P07 | ------   Set y to the residual (actual - fitted) -------
2026-06-25 11:08:38 | INFO | P07 | Fitting a logarithmic curve (scipy.optimize.curve_fit)
2026-06-25 11:08:38 | INFO | P07 | Fitted logarithmic curve:
2026-06-25 11:08:38 | INFO | P07 |   co2 = 7609.66 * log(3.28393e-13 * gdp)
2026-06-25 11:08:38 | INFO | P07 | Computing residuals for the logarithmic fit
2026-06-25 11:08:38 | INFO | P07 | Logarithmic fit numbers (requires interpretation):
2026-06-25 11:08:38 | DEBUG | P07 |   co2 = 7609.66 * log(3.28393e-13 * gdp)
2026-06-25 11:08:38 | DEBUG | P07 |   R-squared: 0.8047
2026-06-25 11:08:38 | DEBUG | P07 |   RMSE:      4562.43  (in units of CO2 emissions)
2026-06-25 11:08:38 | DEBUG | P07 |   residual min:  -7689.62
2026-06-25 11:08:38 | DEBUG | P07 |   residual max:  8327.72
2026-06-25 11:08:38 | DEBUG | P07 |   residual mean:  1.69028e-05
2026-06-25 11:08:38 | INFO | P07 | 
Logarithmic Regression Fit Numbers (requires interpretation):
             R-squared is far from 1, indicating the curve does not account for most of the variation in y.
             Residual plot shows clustering of residuals, indicating a logarithmic curve is not the right description.

2026-06-25 11:08:38 | INFO | P07 | ---- Creating Scatter Plot with Fitted Line ----------
2026-06-25 11:08:38 | INFO | P07 | ----   Set x to GDP -----------------------
2026-06-25 11:08:38 | INFO | P07 | ----   Set y to CO2 emissions -------------------------
2026-06-25 11:08:38 | INFO | P07 | ------ Creating Residual Plot --------------------------
2026-06-25 11:08:38 | INFO | P07 | ------   Set x to GDP ----------------------
2026-06-25 11:08:38 | INFO | P07 | ------   Set y to the residual (actual - fitted) -------
2026-06-25 11:08:39 | INFO | P07 | --- Processing Year: 2016 ---
2026-06-25 11:08:39 | INFO | P07 | Creating modeling view (dropping rows missing feature or target)
2026-06-25 11:08:39 | DEBUG | P07 | Columns required to be non-missing: ['gdp', 'co2']
2026-06-25 11:08:39 | INFO | P07 | Original rows: 10
2026-06-25 11:08:39 | INFO | P07 | Model rows:    10
2026-06-25 11:08:39 | INFO | P07 | Rows dropped:  0
2026-06-25 11:08:39 | INFO | P07 | Building feature matrix X and target vector y
2026-06-25 11:08:39 | DEBUG | P07 | X shape: (10, 1)  (rows, features)
2026-06-25 11:08:39 | DEBUG | P07 | y shape: (10,)  (rows,)
2026-06-25 11:08:39 | INFO | P07 | Fitting a linear regression (scikit-learn)
2026-06-25 11:08:39 | DEBUG | P07 |   slope:     3.24337e-10
2026-06-25 11:08:39 | DEBUG | P07 |   intercept: 35.5433
2026-06-25 11:08:39 | INFO | P07 | Fitted line:
2026-06-25 11:08:39 | INFO | P07 |   co2 = 3.24337e-10 * gdp + 35.5433
2026-06-25 11:08:39 | DEBUG | P07 |   numpy check -> slope 3.24337e-10, intercept 35.5433
2026-06-25 11:08:39 | INFO | P07 | Computing fitted values for every observed row
2026-06-25 11:08:39 | INFO | P07 | Predicting CO2 emissions for one example GDP value
2026-06-25 11:08:39 | DEBUG | P07 |   example gdp: 1e+12
2026-06-25 11:08:39 | DEBUG | P07 |   predicted co2: 359.88
2026-06-25 11:08:39 | INFO | P07 | Computing residuals (actual - fitted)
2026-06-25 11:08:39 | INFO | P07 | Fit numbers (requires interpretation):
2026-06-25 11:08:39 | DEBUG | P07 |   R-squared: 0.9879
2026-06-25 11:08:39 | DEBUG | P07 |   RMSE:      1133.09  (in units of CO2 emissions)
2026-06-25 11:08:39 | DEBUG | P07 |   residual min:  -508.281
2026-06-25 11:08:39 | DEBUG | P07 |   residual max:  3373.23
2026-06-25 11:08:39 | DEBUG | P07 |   residual mean: -9.09495e-14
2026-06-25 11:08:39 | INFO | P07 | 
Linear Regression Fit Numbers (requires interpretation):
             R-squared is near 1, indicating the line accounts for most of the variation in y.
             Residual plot shows clustering of residuals, indicating a straight line is not the right description.

2026-06-25 11:08:39 | INFO | P07 | ---- Creating Scatter Plot with Fitted Line ----------
2026-06-25 11:08:39 | INFO | P07 | ----   Set x to GDP -----------------------
2026-06-25 11:08:39 | INFO | P07 | ----   Set y to CO2 emissions -------------------------
2026-06-25 11:08:39 | INFO | P07 | ------ Creating Residual Plot --------------------------
2026-06-25 11:08:39 | INFO | P07 | ------   Set x to GDP ----------------------
2026-06-25 11:08:39 | INFO | P07 | ------   Set y to the residual (actual - fitted) -------
2026-06-25 11:08:39 | INFO | P07 | Fitting an exponential curve (scipy.optimize.curve_fit)
2026-06-25 11:08:39 | INFO | P07 | Fitted exponential curve:
2026-06-25 11:08:39 | INFO | P07 |   co2 = 2146.28 * exp(0.0254161 * gdp / 1e+12)
2026-06-25 11:08:39 | INFO | P07 | Computing residuals for the exponential fit
2026-06-25 11:08:39 | INFO | P07 | Exponential fit numbers (requires interpretation):
2026-06-25 11:08:39 | DEBUG | P07 |   co2 = 2146.28 * exp(0.0254161 * gdp)
2026-06-25 11:08:39 | DEBUG | P07 |   R-squared: 0.9437
2026-06-25 11:08:39 | DEBUG | P07 |   RMSE:      2447.68  (in units of CO2 emissions)
2026-06-25 11:08:39 | DEBUG | P07 |   residual min:  -1951.12
2026-06-25 11:08:39 | DEBUG | P07 |   residual max:  6220.95
2026-06-25 11:08:39 | DEBUG | P07 |   residual mean:  -237.867
2026-06-25 11:08:39 | INFO | P07 | 
Exponential Regression Fit Numbers (requires interpretation):
             R-squared is farther from 1 than linear regression, indicating the curve accounts for a some of the variation in y.
             Residual plot shows clustering of residuals, indicating an exponential curve line is not the right description.

2026-06-25 11:08:39 | INFO | P07 | ---- Creating Scatter Plot with Fitted Line ----------
2026-06-25 11:08:39 | INFO | P07 | ----   Set x to GDP -----------------------
2026-06-25 11:08:39 | INFO | P07 | ----   Set y to CO2 emissions -------------------------
2026-06-25 11:08:39 | INFO | P07 | ------ Creating Residual Plot --------------------------
2026-06-25 11:08:39 | INFO | P07 | ------   Set x to GDP ----------------------
2026-06-25 11:08:39 | INFO | P07 | ------   Set y to the residual (actual - fitted) -------
2026-06-25 11:08:39 | INFO | P07 | Fitting a logarithmic curve (scipy.optimize.curve_fit)
2026-06-25 11:08:39 | INFO | P07 | Fitted logarithmic curve:
2026-06-25 11:08:39 | INFO | P07 |   co2 = 7488.3 * log(3.23598e-13 * gdp)
2026-06-25 11:08:39 | INFO | P07 | Computing residuals for the logarithmic fit
2026-06-25 11:08:39 | INFO | P07 | Logarithmic fit numbers (requires interpretation):
2026-06-25 11:08:39 | DEBUG | P07 |   co2 = 7488.3 * log(3.23598e-13 * gdp)
2026-06-25 11:08:39 | DEBUG | P07 |   R-squared: 0.7969
2026-06-25 11:08:39 | DEBUG | P07 |   RMSE:      4648.95  (in units of CO2 emissions)
2026-06-25 11:08:39 | DEBUG | P07 |   residual min:  -7618.22
2026-06-25 11:08:39 | DEBUG | P07 |   residual max:  8615.23
2026-06-25 11:08:39 | DEBUG | P07 |   residual mean:  -4.33698e-05
2026-06-25 11:08:39 | INFO | P07 | 
Logarithmic Regression Fit Numbers (requires interpretation):
             R-squared is far from 1, indicating the curve does not account for most of the variation in y.
             Residual plot shows clustering of residuals, indicating a logarithmic curve is not the right description.

2026-06-25 11:08:39 | INFO | P07 | ---- Creating Scatter Plot with Fitted Line ----------
2026-06-25 11:08:39 | INFO | P07 | ----   Set x to GDP -----------------------
2026-06-25 11:08:39 | INFO | P07 | ----   Set y to CO2 emissions -------------------------
2026-06-25 11:08:39 | INFO | P07 | ------ Creating Residual Plot --------------------------
2026-06-25 11:08:39 | INFO | P07 | ------   Set x to GDP ----------------------
2026-06-25 11:08:39 | INFO | P07 | ------   Set y to the residual (actual - fitted) -------
2026-06-25 11:08:39 | INFO | P07 | --- Processing Year: 2017 ---
2026-06-25 11:08:39 | INFO | P07 | Creating modeling view (dropping rows missing feature or target)
2026-06-25 11:08:39 | DEBUG | P07 | Columns required to be non-missing: ['gdp', 'co2']
2026-06-25 11:08:39 | INFO | P07 | Original rows: 10
2026-06-25 11:08:39 | INFO | P07 | Model rows:    10
2026-06-25 11:08:39 | INFO | P07 | Rows dropped:  0
2026-06-25 11:08:39 | INFO | P07 | Building feature matrix X and target vector y
2026-06-25 11:08:39 | DEBUG | P07 | X shape: (10, 1)  (rows, features)
2026-06-25 11:08:39 | DEBUG | P07 | y shape: (10,)  (rows,)
2026-06-25 11:08:39 | INFO | P07 | Fitting a linear regression (scikit-learn)
2026-06-25 11:08:39 | DEBUG | P07 |   slope:     3.17996e-10
2026-06-25 11:08:39 | DEBUG | P07 |   intercept: 14.9601
2026-06-25 11:08:39 | INFO | P07 | Fitted line:
2026-06-25 11:08:39 | INFO | P07 |   co2 = 3.17996e-10 * gdp + 14.9601
2026-06-25 11:08:39 | DEBUG | P07 |   numpy check -> slope 3.17996e-10, intercept 14.9601
2026-06-25 11:08:39 | INFO | P07 | Computing fitted values for every observed row
2026-06-25 11:08:39 | INFO | P07 | Predicting CO2 emissions for one example GDP value
2026-06-25 11:08:39 | DEBUG | P07 |   example gdp: 1e+12
2026-06-25 11:08:39 | DEBUG | P07 |   predicted co2: 332.956
2026-06-25 11:08:39 | INFO | P07 | Computing residuals (actual - fitted)
2026-06-25 11:08:39 | INFO | P07 | Fit numbers (requires interpretation):
2026-06-25 11:08:39 | DEBUG | P07 |   R-squared: 0.9885
2026-06-25 11:08:39 | DEBUG | P07 |   RMSE:      1122.86  (in units of CO2 emissions)
2026-06-25 11:08:39 | DEBUG | P07 |   residual min:  -487.182
2026-06-25 11:08:39 | DEBUG | P07 |   residual max:  3340.73
2026-06-25 11:08:39 | DEBUG | P07 |   residual mean: 7.7307e-13
2026-06-25 11:08:39 | INFO | P07 | 
Linear Regression Fit Numbers (requires interpretation):
             R-squared is near 1, indicating the line accounts for most of the variation in y.
             Residual plot shows clustering of residuals, indicating a straight line is not the right description.

2026-06-25 11:08:39 | INFO | P07 | ---- Creating Scatter Plot with Fitted Line ----------
2026-06-25 11:08:39 | INFO | P07 | ----   Set x to GDP -----------------------
2026-06-25 11:08:39 | INFO | P07 | ----   Set y to CO2 emissions -------------------------
2026-06-25 11:08:39 | INFO | P07 | ------ Creating Residual Plot --------------------------
2026-06-25 11:08:39 | INFO | P07 | ------   Set x to GDP ----------------------
2026-06-25 11:08:39 | INFO | P07 | ------   Set y to the residual (actual - fitted) -------
2026-06-25 11:08:39 | INFO | P07 | Fitting an exponential curve (scipy.optimize.curve_fit)
2026-06-25 11:08:39 | INFO | P07 | Fitted exponential curve:
2026-06-25 11:08:39 | INFO | P07 |   co2 = 2175.59 * exp(0.0245261 * gdp / 1e+12)
2026-06-25 11:08:39 | INFO | P07 | Computing residuals for the exponential fit
2026-06-25 11:08:39 | INFO | P07 | Exponential fit numbers (requires interpretation):
2026-06-25 11:08:39 | DEBUG | P07 |   co2 = 2175.59 * exp(0.0245261 * gdp)
2026-06-25 11:08:39 | DEBUG | P07 |   R-squared: 0.9436
2026-06-25 11:08:39 | DEBUG | P07 |   RMSE:      2492.27  (in units of CO2 emissions)
2026-06-25 11:08:39 | DEBUG | P07 |   residual min:  -1977.58
2026-06-25 11:08:39 | DEBUG | P07 |   residual max:  6368.11
2026-06-25 11:08:39 | DEBUG | P07 |   residual mean:  -248.28
2026-06-25 11:08:39 | INFO | P07 | 
Exponential Regression Fit Numbers (requires interpretation):
             R-squared is farther from 1 than linear regression, indicating the curve accounts for a some of the variation in y.
             Residual plot shows clustering of residuals, indicating an exponential curve line is not the right description.

2026-06-25 11:08:39 | INFO | P07 | ---- Creating Scatter Plot with Fitted Line ----------
2026-06-25 11:08:39 | INFO | P07 | ----   Set x to GDP -----------------------
2026-06-25 11:08:39 | INFO | P07 | ----   Set y to CO2 emissions -------------------------
2026-06-25 11:08:40 | INFO | P07 | ------ Creating Residual Plot --------------------------
2026-06-25 11:08:40 | INFO | P07 | ------   Set x to GDP ----------------------
2026-06-25 11:08:40 | INFO | P07 | ------   Set y to the residual (actual - fitted) -------
2026-06-25 11:08:40 | INFO | P07 | Fitting a logarithmic curve (scipy.optimize.curve_fit)
2026-06-25 11:08:40 | INFO | P07 | Fitted logarithmic curve:
2026-06-25 11:08:40 | INFO | P07 |   co2 = 7554.42 * log(3.14882e-13 * gdp)
2026-06-25 11:08:40 | INFO | P07 | Computing residuals for the logarithmic fit
2026-06-25 11:08:40 | INFO | P07 | Logarithmic fit numbers (requires interpretation):
2026-06-25 11:08:40 | DEBUG | P07 |   co2 = 7554.42 * log(3.14882e-13 * gdp)
2026-06-25 11:08:40 | DEBUG | P07 |   R-squared: 0.7935
2026-06-25 11:08:40 | DEBUG | P07 |   RMSE:      4768.32  (in units of CO2 emissions)
2026-06-25 11:08:40 | DEBUG | P07 |   residual min:  -7742.94
2026-06-25 11:08:40 | DEBUG | P07 |   residual max:  8889.95
2026-06-25 11:08:40 | DEBUG | P07 |   residual mean:  5.4846e-05
2026-06-25 11:08:40 | INFO | P07 | 
Logarithmic Regression Fit Numbers (requires interpretation):
             R-squared is far from 1, indicating the curve does not account for most of the variation in y.
             Residual plot shows clustering of residuals, indicating a logarithmic curve is not the right description.

2026-06-25 11:08:40 | INFO | P07 | ---- Creating Scatter Plot with Fitted Line ----------
2026-06-25 11:08:40 | INFO | P07 | ----   Set x to GDP -----------------------
2026-06-25 11:08:40 | INFO | P07 | ----   Set y to CO2 emissions -------------------------
2026-06-25 11:08:40 | INFO | P07 | ------ Creating Residual Plot --------------------------
2026-06-25 11:08:40 | INFO | P07 | ------   Set x to GDP ----------------------
2026-06-25 11:08:40 | INFO | P07 | ------   Set y to the residual (actual - fitted) -------
2026-06-25 11:08:40 | INFO | P07 | --- Processing Year: 2018 ---
2026-06-25 11:08:40 | INFO | P07 | Creating modeling view (dropping rows missing feature or target)
2026-06-25 11:08:40 | DEBUG | P07 | Columns required to be non-missing: ['gdp', 'co2']
2026-06-25 11:08:40 | INFO | P07 | Original rows: 10
2026-06-25 11:08:40 | INFO | P07 | Model rows:    10
2026-06-25 11:08:40 | INFO | P07 | Rows dropped:  0
2026-06-25 11:08:40 | INFO | P07 | Building feature matrix X and target vector y
2026-06-25 11:08:40 | DEBUG | P07 | X shape: (10, 1)  (rows, features)
2026-06-25 11:08:40 | DEBUG | P07 | y shape: (10,)  (rows,)
2026-06-25 11:08:40 | INFO | P07 | Fitting a linear regression (scikit-learn)
2026-06-25 11:08:40 | DEBUG | P07 |   slope:     3.1335e-10
2026-06-25 11:08:40 | DEBUG | P07 |   intercept: 11.5507
2026-06-25 11:08:40 | INFO | P07 | Fitted line:
2026-06-25 11:08:40 | INFO | P07 |   co2 = 3.1335e-10 * gdp + 11.5507
2026-06-25 11:08:40 | DEBUG | P07 |   numpy check -> slope 3.1335e-10, intercept 11.5507
2026-06-25 11:08:40 | INFO | P07 | Computing fitted values for every observed row
2026-06-25 11:08:40 | INFO | P07 | Predicting CO2 emissions for one example GDP value
2026-06-25 11:08:40 | DEBUG | P07 |   example gdp: 1e+12
2026-06-25 11:08:40 | DEBUG | P07 |   predicted co2: 324.901
2026-06-25 11:08:40 | INFO | P07 | Computing residuals (actual - fitted)
2026-06-25 11:08:40 | INFO | P07 | Fit numbers (requires interpretation):
2026-06-25 11:08:40 | DEBUG | P07 |   R-squared: 0.9890
2026-06-25 11:08:40 | DEBUG | P07 |   RMSE:      1126.79  (in units of CO2 emissions)
2026-06-25 11:08:40 | DEBUG | P07 |   residual min:  -502.094
2026-06-25 11:08:40 | DEBUG | P07 |   residual max:  3349.32
2026-06-25 11:08:40 | DEBUG | P07 |   residual mean: -6.82121e-13
2026-06-25 11:08:40 | INFO | P07 | 
Linear Regression Fit Numbers (requires interpretation):
             R-squared is near 1, indicating the line accounts for most of the variation in y.
             Residual plot shows clustering of residuals, indicating a straight line is not the right description.

2026-06-25 11:08:40 | INFO | P07 | ---- Creating Scatter Plot with Fitted Line ----------
2026-06-25 11:08:40 | INFO | P07 | ----   Set x to GDP -----------------------
2026-06-25 11:08:40 | INFO | P07 | ----   Set y to CO2 emissions -------------------------
2026-06-25 11:08:40 | INFO | P07 | ------ Creating Residual Plot --------------------------
2026-06-25 11:08:40 | INFO | P07 | ------   Set x to GDP ----------------------
2026-06-25 11:08:40 | INFO | P07 | ------   Set y to the residual (actual - fitted) -------
2026-06-25 11:08:40 | INFO | P07 | Fitting an exponential curve (scipy.optimize.curve_fit)
2026-06-25 11:08:40 | INFO | P07 | Fitted exponential curve:
2026-06-25 11:08:40 | INFO | P07 |   co2 = 2239.27 * exp(0.0235861 * gdp / 1e+12)
2026-06-25 11:08:40 | INFO | P07 | Computing residuals for the exponential fit
2026-06-25 11:08:40 | INFO | P07 | Exponential fit numbers (requires interpretation):
2026-06-25 11:08:40 | DEBUG | P07 |   co2 = 2239.27 * exp(0.0235861 * gdp)
2026-06-25 11:08:40 | DEBUG | P07 |   R-squared: 0.9421
2026-06-25 11:08:40 | DEBUG | P07 |   RMSE:      2579.86  (in units of CO2 emissions)
2026-06-25 11:08:40 | DEBUG | P07 |   residual min:  -2057.59
2026-06-25 11:08:40 | DEBUG | P07 |   residual max:  6558.24
2026-06-25 11:08:40 | DEBUG | P07 |   residual mean:  -263.938
2026-06-25 11:08:40 | INFO | P07 | 
Exponential Regression Fit Numbers (requires interpretation):
             R-squared is farther from 1 than linear regression, indicating the curve accounts for a some of the variation in y.
             Residual plot shows clustering of residuals, indicating an exponential curve line is not the right description.

2026-06-25 11:08:40 | INFO | P07 | ---- Creating Scatter Plot with Fitted Line ----------
2026-06-25 11:08:40 | INFO | P07 | ----   Set x to GDP -----------------------
2026-06-25 11:08:40 | INFO | P07 | ----   Set y to CO2 emissions -------------------------
2026-06-25 11:08:40 | INFO | P07 | ------ Creating Residual Plot --------------------------
2026-06-25 11:08:40 | INFO | P07 | ------   Set x to GDP ----------------------
2026-06-25 11:08:40 | INFO | P07 | ------   Set y to the residual (actual - fitted) -------
2026-06-25 11:08:40 | INFO | P07 | Fitting a logarithmic curve (scipy.optimize.curve_fit)
2026-06-25 11:08:40 | INFO | P07 | Fitted logarithmic curve:
2026-06-25 11:08:40 | INFO | P07 |   co2 = 7653.83 * log(3.07986e-13 * gdp)
2026-06-25 11:08:40 | INFO | P07 | Computing residuals for the logarithmic fit
2026-06-25 11:08:40 | INFO | P07 | Logarithmic fit numbers (requires interpretation):
2026-06-25 11:08:40 | DEBUG | P07 |   co2 = 7653.83 * log(3.07986e-13 * gdp)
2026-06-25 11:08:40 | DEBUG | P07 |   R-squared: 0.7924
2026-06-25 11:08:40 | DEBUG | P07 |   RMSE:      4886.09  (in units of CO2 emissions)
2026-06-25 11:08:40 | DEBUG | P07 |   residual min:  -7800.1
2026-06-25 11:08:40 | DEBUG | P07 |   residual max:  9184.39
2026-06-25 11:08:40 | DEBUG | P07 |   residual mean:  2.31874e-05
2026-06-25 11:08:40 | INFO | P07 | 
Logarithmic Regression Fit Numbers (requires interpretation):
             R-squared is far from 1, indicating the curve does not account for most of the variation in y.
             Residual plot shows clustering of residuals, indicating a logarithmic curve is not the right description.

2026-06-25 11:08:40 | INFO | P07 | ---- Creating Scatter Plot with Fitted Line ----------
2026-06-25 11:08:40 | INFO | P07 | ----   Set x to GDP -----------------------
2026-06-25 11:08:40 | INFO | P07 | ----   Set y to CO2 emissions -------------------------
2026-06-25 11:08:40 | INFO | P07 | ------ Creating Residual Plot --------------------------
2026-06-25 11:08:40 | INFO | P07 | ------   Set x to GDP ----------------------
2026-06-25 11:08:40 | INFO | P07 | ------   Set y to the residual (actual - fitted) -------
2026-06-25 11:08:40 | INFO | P07 | --- Processing Year: 2019 ---
2026-06-25 11:08:40 | INFO | P07 | Creating modeling view (dropping rows missing feature or target)
2026-06-25 11:08:40 | DEBUG | P07 | Columns required to be non-missing: ['gdp', 'co2']
2026-06-25 11:08:40 | INFO | P07 | Original rows: 10
2026-06-25 11:08:40 | INFO | P07 | Model rows:    10
2026-06-25 11:08:40 | INFO | P07 | Rows dropped:  0
2026-06-25 11:08:40 | INFO | P07 | Building feature matrix X and target vector y
2026-06-25 11:08:40 | DEBUG | P07 | X shape: (10, 1)  (rows, features)
2026-06-25 11:08:40 | DEBUG | P07 | y shape: (10,)  (rows,)
2026-06-25 11:08:40 | INFO | P07 | Fitting a linear regression (scikit-learn)
2026-06-25 11:08:40 | DEBUG | P07 |   slope:     3.07911e-10
2026-06-25 11:08:40 | DEBUG | P07 |   intercept: -12.9108
2026-06-25 11:08:40 | INFO | P07 | Fitted line:
2026-06-25 11:08:40 | INFO | P07 |   co2 = 3.07911e-10 * gdp + -12.9108
2026-06-25 11:08:40 | DEBUG | P07 |   numpy check -> slope 3.07911e-10, intercept -12.9108
2026-06-25 11:08:40 | INFO | P07 | Computing fitted values for every observed row
2026-06-25 11:08:40 | INFO | P07 | Predicting CO2 emissions for one example GDP value
2026-06-25 11:08:40 | DEBUG | P07 |   example gdp: 1e+12
2026-06-25 11:08:40 | DEBUG | P07 |   predicted co2: 295.001
2026-06-25 11:08:40 | INFO | P07 | Computing residuals (actual - fitted)
2026-06-25 11:08:40 | INFO | P07 | Fit numbers (requires interpretation):
2026-06-25 11:08:40 | DEBUG | P07 |   R-squared: 0.9885
2026-06-25 11:08:40 | DEBUG | P07 |   RMSE:      1160.88  (in units of CO2 emissions)
2026-06-25 11:08:40 | DEBUG | P07 |   residual min:  -511.712
2026-06-25 11:08:40 | DEBUG | P07 |   residual max:  3449.88
2026-06-25 11:08:40 | DEBUG | P07 |   residual mean: -2.72848e-13
2026-06-25 11:08:40 | INFO | P07 | 
Linear Regression Fit Numbers (requires interpretation):
             R-squared is near 1, indicating the line accounts for most of the variation in y.
             Residual plot shows clustering of residuals, indicating a straight line is not the right description.

2026-06-25 11:08:40 | INFO | P07 | ---- Creating Scatter Plot with Fitted Line ----------
2026-06-25 11:08:40 | INFO | P07 | ----   Set x to GDP -----------------------
2026-06-25 11:08:40 | INFO | P07 | ----   Set y to CO2 emissions -------------------------
2026-06-25 11:08:41 | INFO | P07 | ------ Creating Residual Plot --------------------------
2026-06-25 11:08:41 | INFO | P07 | ------   Set x to GDP ----------------------
2026-06-25 11:08:41 | INFO | P07 | ------   Set y to the residual (actual - fitted) -------
2026-06-25 11:08:41 | INFO | P07 | Fitting an exponential curve (scipy.optimize.curve_fit)
2026-06-25 11:08:41 | INFO | P07 | Fitted exponential curve:
2026-06-25 11:08:41 | INFO | P07 |   co2 = 2261.1 * exp(0.0229332 * gdp / 1e+12)
2026-06-25 11:08:41 | INFO | P07 | Computing residuals for the exponential fit
2026-06-25 11:08:41 | INFO | P07 | Exponential fit numbers (requires interpretation):
2026-06-25 11:08:41 | DEBUG | P07 |   co2 = 2261.1 * exp(0.0229332 * gdp)
2026-06-25 11:08:41 | DEBUG | P07 |   R-squared: 0.9402
2026-06-25 11:08:41 | DEBUG | P07 |   RMSE:      2653.04  (in units of CO2 emissions)
2026-06-25 11:08:41 | DEBUG | P07 |   residual min:  -2086.15
2026-06-25 11:08:41 | DEBUG | P07 |   residual max:  6825.86
2026-06-25 11:08:41 | DEBUG | P07 |   residual mean:  -277.84
2026-06-25 11:08:41 | INFO | P07 | 
Exponential Regression Fit Numbers (requires interpretation):
             R-squared is farther from 1 than linear regression, indicating the curve accounts for a some of the variation in y.
             Residual plot shows clustering of residuals, indicating an exponential curve line is not the right description.

2026-06-25 11:08:41 | INFO | P07 | ---- Creating Scatter Plot with Fitted Line ----------
2026-06-25 11:08:41 | INFO | P07 | ----   Set x to GDP -----------------------
2026-06-25 11:08:41 | INFO | P07 | ----   Set y to CO2 emissions -------------------------
2026-06-25 11:08:41 | INFO | P07 | ------ Creating Residual Plot --------------------------
2026-06-25 11:08:41 | INFO | P07 | ------   Set x to GDP ----------------------
2026-06-25 11:08:41 | INFO | P07 | ------   Set y to the residual (actual - fitted) -------
2026-06-25 11:08:41 | INFO | P07 | Fitting a logarithmic curve (scipy.optimize.curve_fit)
2026-06-25 11:08:41 | INFO | P07 | Fitted logarithmic curve:
2026-06-25 11:08:41 | INFO | P07 |   co2 = 7674.89 * log(3.0247e-13 * gdp)
2026-06-25 11:08:41 | INFO | P07 | Computing residuals for the logarithmic fit
2026-06-25 11:08:41 | INFO | P07 | Logarithmic fit numbers (requires interpretation):
2026-06-25 11:08:41 | DEBUG | P07 |   co2 = 7674.89 * log(3.0247e-13 * gdp)
2026-06-25 11:08:41 | DEBUG | P07 |   R-squared: 0.7896
2026-06-25 11:08:41 | DEBUG | P07 |   RMSE:      4975.1  (in units of CO2 emissions)
2026-06-25 11:08:41 | DEBUG | P07 |   residual min:  -7997.05
2026-06-25 11:08:41 | DEBUG | P07 |   residual max:  9384.25
2026-06-25 11:08:41 | DEBUG | P07 |   residual mean:  -7.86801e-06
2026-06-25 11:08:41 | INFO | P07 | 
Logarithmic Regression Fit Numbers (requires interpretation):
             R-squared is far from 1, indicating the curve does not account for most of the variation in y.
             Residual plot shows clustering of residuals, indicating a logarithmic curve is not the right description.

2026-06-25 11:08:41 | INFO | P07 | ---- Creating Scatter Plot with Fitted Line ----------
2026-06-25 11:08:41 | INFO | P07 | ----   Set x to GDP -----------------------
2026-06-25 11:08:41 | INFO | P07 | ----   Set y to CO2 emissions -------------------------
2026-06-25 11:08:41 | INFO | P07 | ------ Creating Residual Plot --------------------------
2026-06-25 11:08:41 | INFO | P07 | ------   Set x to GDP ----------------------
2026-06-25 11:08:41 | INFO | P07 | ------   Set y to the residual (actual - fitted) -------
2026-06-25 11:08:41 | INFO | P07 | --- Processing Year: 2020 ---
2026-06-25 11:08:41 | INFO | P07 | Creating modeling view (dropping rows missing feature or target)
2026-06-25 11:08:41 | DEBUG | P07 | Columns required to be non-missing: ['gdp', 'co2']
2026-06-25 11:08:41 | INFO | P07 | Original rows: 10
2026-06-25 11:08:41 | INFO | P07 | Model rows:    10
2026-06-25 11:08:41 | INFO | P07 | Rows dropped:  0
2026-06-25 11:08:41 | INFO | P07 | Building feature matrix X and target vector y
2026-06-25 11:08:41 | DEBUG | P07 | X shape: (10, 1)  (rows, features)
2026-06-25 11:08:41 | DEBUG | P07 | y shape: (10,)  (rows,)
2026-06-25 11:08:41 | INFO | P07 | Fitting a linear regression (scikit-learn)
2026-06-25 11:08:41 | DEBUG | P07 |   slope:     3.01106e-10
2026-06-25 11:08:41 | DEBUG | P07 |   intercept: -0.437533
2026-06-25 11:08:41 | INFO | P07 | Fitted line:
2026-06-25 11:08:41 | INFO | P07 |   co2 = 3.01106e-10 * gdp + -0.437533
2026-06-25 11:08:41 | DEBUG | P07 |   numpy check -> slope 3.01106e-10, intercept -0.437533
2026-06-25 11:08:41 | INFO | P07 | Computing fitted values for every observed row
2026-06-25 11:08:41 | INFO | P07 | Predicting CO2 emissions for one example GDP value
2026-06-25 11:08:41 | DEBUG | P07 |   example gdp: 1e+12
2026-06-25 11:08:41 | DEBUG | P07 |   predicted co2: 300.669
2026-06-25 11:08:41 | INFO | P07 | Computing residuals (actual - fitted)
2026-06-25 11:08:41 | INFO | P07 | Fit numbers (requires interpretation):
2026-06-25 11:08:41 | DEBUG | P07 |   R-squared: 0.9860
2026-06-25 11:08:41 | DEBUG | P07 |   RMSE:      1222.9  (in units of CO2 emissions)
2026-06-25 11:08:41 | DEBUG | P07 |   residual min:  -737.756
2026-06-25 11:08:41 | DEBUG | P07 |   residual max:  3624.69
2026-06-25 11:08:41 | DEBUG | P07 |   residual mean: -2.72848e-13
2026-06-25 11:08:41 | INFO | P07 | 
Linear Regression Fit Numbers (requires interpretation):
             R-squared is near 1, indicating the line accounts for most of the variation in y.
             Residual plot shows clustering of residuals, indicating a straight line is not the right description.

2026-06-25 11:08:41 | INFO | P07 | ---- Creating Scatter Plot with Fitted Line ----------
2026-06-25 11:08:41 | INFO | P07 | ----   Set x to GDP -----------------------
2026-06-25 11:08:41 | INFO | P07 | ----   Set y to CO2 emissions -------------------------
2026-06-25 11:08:41 | INFO | P07 | ------ Creating Residual Plot --------------------------
2026-06-25 11:08:41 | INFO | P07 | ------   Set x to GDP ----------------------
2026-06-25 11:08:41 | INFO | P07 | ------   Set y to the residual (actual - fitted) -------
2026-06-25 11:08:41 | INFO | P07 | Fitting an exponential curve (scipy.optimize.curve_fit)
2026-06-25 11:08:41 | INFO | P07 | Fitted exponential curve:
2026-06-25 11:08:41 | INFO | P07 |   co2 = 2190.5 * exp(0.0234436 * gdp / 1e+12)
2026-06-25 11:08:41 | INFO | P07 | Computing residuals for the exponential fit
2026-06-25 11:08:41 | INFO | P07 | Exponential fit numbers (requires interpretation):
2026-06-25 11:08:41 | DEBUG | P07 |   co2 = 2190.5 * exp(0.0234436 * gdp)
2026-06-25 11:08:41 | DEBUG | P07 |   R-squared: 0.9332
2026-06-25 11:08:41 | DEBUG | P07 |   RMSE:      2669.07  (in units of CO2 emissions)
2026-06-25 11:08:41 | DEBUG | P07 |   residual min:  -2037.86
2026-06-25 11:08:41 | DEBUG | P07 |   residual max:  7037.8
2026-06-25 11:08:41 | DEBUG | P07 |   residual mean:  -287.489
2026-06-25 11:08:41 | INFO | P07 | 
Exponential Regression Fit Numbers (requires interpretation):
             R-squared is farther from 1 than linear regression, indicating the curve accounts for a some of the variation in y.
             Residual plot shows clustering of residuals, indicating an exponential curve line is not the right description.

2026-06-25 11:08:41 | INFO | P07 | ---- Creating Scatter Plot with Fitted Line ----------
2026-06-25 11:08:41 | INFO | P07 | ----   Set x to GDP -----------------------
2026-06-25 11:08:41 | INFO | P07 | ----   Set y to CO2 emissions -------------------------
2026-06-25 11:08:41 | INFO | P07 | ------ Creating Residual Plot --------------------------
2026-06-25 11:08:41 | INFO | P07 | ------   Set x to GDP ----------------------
2026-06-25 11:08:41 | INFO | P07 | ------   Set y to the residual (actual - fitted) -------
2026-06-25 11:08:42 | INFO | P07 | Fitting a logarithmic curve (scipy.optimize.curve_fit)
2026-06-25 11:08:42 | INFO | P07 | Fitted logarithmic curve:
2026-06-25 11:08:42 | INFO | P07 |   co2 = 7187.68 * log(3.21469e-13 * gdp)
2026-06-25 11:08:42 | INFO | P07 | Computing residuals for the logarithmic fit
2026-06-25 11:08:42 | INFO | P07 | Logarithmic fit numbers (requires interpretation):
2026-06-25 11:08:42 | DEBUG | P07 |   co2 = 7187.68 * log(3.21469e-13 * gdp)
2026-06-25 11:08:42 | DEBUG | P07 |   R-squared: 0.7875
2026-06-25 11:08:42 | DEBUG | P07 |   RMSE:      4760.53  (in units of CO2 emissions)
2026-06-25 11:08:42 | DEBUG | P07 |   residual min:  -7939.06
2026-06-25 11:08:42 | DEBUG | P07 |   residual max:  8989.19
2026-06-25 11:08:42 | DEBUG | P07 |   residual mean:  3.1047e-05
2026-06-25 11:08:42 | INFO | P07 | 
Logarithmic Regression Fit Numbers (requires interpretation):
             R-squared is far from 1, indicating the curve does not account for most of the variation in y.
             Residual plot shows clustering of residuals, indicating a logarithmic curve is not the right description.

2026-06-25 11:08:42 | INFO | P07 | ---- Creating Scatter Plot with Fitted Line ----------
2026-06-25 11:08:42 | INFO | P07 | ----   Set x to GDP -----------------------
2026-06-25 11:08:42 | INFO | P07 | ----   Set y to CO2 emissions -------------------------
2026-06-25 11:08:42 | INFO | P07 | ------ Creating Residual Plot --------------------------
2026-06-25 11:08:42 | INFO | P07 | ------   Set x to GDP ----------------------
2026-06-25 11:08:42 | INFO | P07 | ------   Set y to the residual (actual - fitted) -------
2026-06-25 11:08:42 | INFO | P07 | --- Processing Year: 2021 ---
2026-06-25 11:08:42 | INFO | P07 | Creating modeling view (dropping rows missing feature or target)
2026-06-25 11:08:42 | DEBUG | P07 | Columns required to be non-missing: ['gdp', 'co2']
2026-06-25 11:08:42 | INFO | P07 | Original rows: 10
2026-06-25 11:08:42 | INFO | P07 | Model rows:    10
2026-06-25 11:08:42 | INFO | P07 | Rows dropped:  0
2026-06-25 11:08:42 | INFO | P07 | Building feature matrix X and target vector y
2026-06-25 11:08:42 | DEBUG | P07 | X shape: (10, 1)  (rows, features)
2026-06-25 11:08:42 | DEBUG | P07 | y shape: (10,)  (rows,)
2026-06-25 11:08:42 | INFO | P07 | Fitting a linear regression (scikit-learn)
2026-06-25 11:08:42 | DEBUG | P07 |   slope:     2.97013e-10
2026-06-25 11:08:42 | DEBUG | P07 |   intercept: -0.804999
2026-06-25 11:08:42 | INFO | P07 | Fitted line:
2026-06-25 11:08:42 | INFO | P07 |   co2 = 2.97013e-10 * gdp + -0.804999
2026-06-25 11:08:42 | DEBUG | P07 |   numpy check -> slope 2.97013e-10, intercept -0.804999
2026-06-25 11:08:42 | INFO | P07 | Computing fitted values for every observed row
2026-06-25 11:08:42 | INFO | P07 | Predicting CO2 emissions for one example GDP value
2026-06-25 11:08:42 | DEBUG | P07 |   example gdp: 1e+12
2026-06-25 11:08:42 | DEBUG | P07 |   predicted co2: 296.209
2026-06-25 11:08:42 | INFO | P07 | Computing residuals (actual - fitted)
2026-06-25 11:08:42 | INFO | P07 | Fit numbers (requires interpretation):
2026-06-25 11:08:42 | DEBUG | P07 |   R-squared: 0.9880
2026-06-25 11:08:42 | DEBUG | P07 |   RMSE:      1183.06  (in units of CO2 emissions)
2026-06-25 11:08:42 | DEBUG | P07 |   residual min:  -651.857
2026-06-25 11:08:42 | DEBUG | P07 |   residual max:  3509.21
2026-06-25 11:08:42 | DEBUG | P07 |   residual mean: -5.91172e-13
2026-06-25 11:08:42 | INFO | P07 | 
Linear Regression Fit Numbers (requires interpretation):
             R-squared is near 1, indicating the line accounts for most of the variation in y.
             Residual plot shows clustering of residuals, indicating a straight line is not the right description.

2026-06-25 11:08:42 | INFO | P07 | ---- Creating Scatter Plot with Fitted Line ----------
2026-06-25 11:08:42 | INFO | P07 | ----   Set x to GDP -----------------------
2026-06-25 11:08:42 | INFO | P07 | ----   Set y to CO2 emissions -------------------------
2026-06-25 11:08:42 | INFO | P07 | ------ Creating Residual Plot --------------------------
2026-06-25 11:08:42 | INFO | P07 | ------   Set x to GDP ----------------------
2026-06-25 11:08:42 | INFO | P07 | ------   Set y to the residual (actual - fitted) -------
2026-06-25 11:08:42 | INFO | P07 | Fitting an exponential curve (scipy.optimize.curve_fit)
2026-06-25 11:08:42 | INFO | P07 | Fitted exponential curve:
2026-06-25 11:08:42 | INFO | P07 |   co2 = 2304.39 * exp(0.0220391 * gdp / 1e+12)
2026-06-25 11:08:42 | INFO | P07 | Computing residuals for the exponential fit
2026-06-25 11:08:42 | INFO | P07 | Exponential fit numbers (requires interpretation):
2026-06-25 11:08:42 | DEBUG | P07 |   co2 = 2304.39 * exp(0.0220391 * gdp)
2026-06-25 11:08:42 | DEBUG | P07 |   R-squared: 0.9352
2026-06-25 11:08:42 | DEBUG | P07 |   RMSE:      2752.46  (in units of CO2 emissions)
2026-06-25 11:08:42 | DEBUG | P07 |   residual min:  -2133.28
2026-06-25 11:08:42 | DEBUG | P07 |   residual max:  7181.01
2026-06-25 11:08:42 | DEBUG | P07 |   residual mean:  -304.23
2026-06-25 11:08:42 | INFO | P07 | 
Exponential Regression Fit Numbers (requires interpretation):
             R-squared is farther from 1 than linear regression, indicating the curve accounts for a some of the variation in y.
             Residual plot shows clustering of residuals, indicating an exponential curve line is not the right description.

2026-06-25 11:08:42 | INFO | P07 | ---- Creating Scatter Plot with Fitted Line ----------
2026-06-25 11:08:42 | INFO | P07 | ----   Set x to GDP -----------------------
2026-06-25 11:08:42 | INFO | P07 | ----   Set y to CO2 emissions -------------------------
2026-06-25 11:08:42 | INFO | P07 | ------ Creating Residual Plot --------------------------
2026-06-25 11:08:42 | INFO | P07 | ------   Set x to GDP ----------------------
2026-06-25 11:08:42 | INFO | P07 | ------   Set y to the residual (actual - fitted) -------
2026-06-25 11:08:42 | INFO | P07 | Fitting a logarithmic curve (scipy.optimize.curve_fit)
2026-06-25 11:08:42 | INFO | P07 | Fitted logarithmic curve:
2026-06-25 11:08:42 | INFO | P07 |   co2 = 7488.22 * log(3.05459e-13 * gdp)
2026-06-25 11:08:42 | INFO | P07 | Computing residuals for the logarithmic fit
2026-06-25 11:08:42 | INFO | P07 | Logarithmic fit numbers (requires interpretation):
2026-06-25 11:08:42 | DEBUG | P07 |   co2 = 7488.22 * log(3.05459e-13 * gdp)
2026-06-25 11:08:42 | DEBUG | P07 |   R-squared: 0.7865
2026-06-25 11:08:42 | DEBUG | P07 |   RMSE:      4998.04  (in units of CO2 emissions)
2026-06-25 11:08:42 | DEBUG | P07 |   residual min:  -8186.99
2026-06-25 11:08:42 | DEBUG | P07 |   residual max:  9532
2026-06-25 11:08:42 | DEBUG | P07 |   residual mean:  -4.17042e-06
2026-06-25 11:08:42 | INFO | P07 | 
Logarithmic Regression Fit Numbers (requires interpretation):
             R-squared is far from 1, indicating the curve does not account for most of the variation in y.
             Residual plot shows clustering of residuals, indicating a logarithmic curve is not the right description.

2026-06-25 11:08:42 | INFO | P07 | ---- Creating Scatter Plot with Fitted Line ----------
2026-06-25 11:08:42 | INFO | P07 | ----   Set x to GDP -----------------------
2026-06-25 11:08:42 | INFO | P07 | ----   Set y to CO2 emissions -------------------------
2026-06-25 11:08:43 | INFO | P07 | ------ Creating Residual Plot --------------------------
2026-06-25 11:08:43 | INFO | P07 | ------   Set x to GDP ----------------------
2026-06-25 11:08:43 | INFO | P07 | ------   Set y to the residual (actual - fitted) -------
2026-06-25 11:08:43 | INFO | P07 | --- Processing Year: 2022 ---
2026-06-25 11:08:43 | INFO | P07 | Creating modeling view (dropping rows missing feature or target)
2026-06-25 11:08:43 | DEBUG | P07 | Columns required to be non-missing: ['gdp', 'co2']
2026-06-25 11:08:43 | INFO | P07 | Original rows: 10
2026-06-25 11:08:43 | INFO | P07 | Model rows:    10
2026-06-25 11:08:43 | INFO | P07 | Rows dropped:  0
2026-06-25 11:08:43 | INFO | P07 | Building feature matrix X and target vector y
2026-06-25 11:08:43 | DEBUG | P07 | X shape: (10, 1)  (rows, features)
2026-06-25 11:08:43 | DEBUG | P07 | y shape: (10,)  (rows,)
2026-06-25 11:08:43 | INFO | P07 | Fitting a linear regression (scikit-learn)
2026-06-25 11:08:43 | DEBUG | P07 |   slope:     2.93019e-10
2026-06-25 11:08:43 | DEBUG | P07 |   intercept: 10.5308
2026-06-25 11:08:43 | INFO | P07 | Fitted line:
2026-06-25 11:08:43 | INFO | P07 |   co2 = 2.93019e-10 * gdp + 10.5308
2026-06-25 11:08:43 | DEBUG | P07 |   numpy check -> slope 2.93019e-10, intercept 10.5308
2026-06-25 11:08:43 | INFO | P07 | Computing fitted values for every observed row
2026-06-25 11:08:43 | INFO | P07 | Predicting CO2 emissions for one example GDP value
2026-06-25 11:08:43 | DEBUG | P07 |   example gdp: 1e+12
2026-06-25 11:08:43 | DEBUG | P07 |   predicted co2: 303.55
2026-06-25 11:08:43 | INFO | P07 | Computing residuals (actual - fitted)
2026-06-25 11:08:43 | INFO | P07 | Fit numbers (requires interpretation):
2026-06-25 11:08:43 | DEBUG | P07 |   R-squared: 0.9865
2026-06-25 11:08:43 | DEBUG | P07 |   RMSE:      1279.79  (in units of CO2 emissions)
2026-06-25 11:08:43 | DEBUG | P07 |   residual min:  -666.998
2026-06-25 11:08:43 | DEBUG | P07 |   residual max:  3799.72
2026-06-25 11:08:43 | DEBUG | P07 |   residual mean: 1.00044e-12
2026-06-25 11:08:43 | INFO | P07 | 
Linear Regression Fit Numbers (requires interpretation):
             R-squared is near 1, indicating the line accounts for most of the variation in y.
             Residual plot shows clustering of residuals, indicating a straight line is not the right description.

2026-06-25 11:08:43 | INFO | P07 | ---- Creating Scatter Plot with Fitted Line ----------
2026-06-25 11:08:43 | INFO | P07 | ----   Set x to GDP -----------------------
2026-06-25 11:08:43 | INFO | P07 | ----   Set y to CO2 emissions -------------------------
2026-06-25 11:08:43 | INFO | P07 | ------ Creating Residual Plot --------------------------
2026-06-25 11:08:43 | INFO | P07 | ------   Set x to GDP ----------------------
2026-06-25 11:08:43 | INFO | P07 | ------   Set y to the residual (actual - fitted) -------
2026-06-25 11:08:43 | INFO | P07 | Fitting an exponential curve (scipy.optimize.curve_fit)
2026-06-25 11:08:43 | INFO | P07 | Fitted exponential curve:
2026-06-25 11:08:43 | INFO | P07 |   co2 = 2363.17 * exp(0.0212871 * gdp / 1e+12)
2026-06-25 11:08:43 | INFO | P07 | Computing residuals for the exponential fit
2026-06-25 11:08:43 | INFO | P07 | Exponential fit numbers (requires interpretation):
2026-06-25 11:08:43 | DEBUG | P07 |   co2 = 2363.17 * exp(0.0212871 * gdp)
2026-06-25 11:08:43 | DEBUG | P07 |   R-squared: 0.9323
2026-06-25 11:08:43 | DEBUG | P07 |   RMSE:      2869.33  (in units of CO2 emissions)
2026-06-25 11:08:43 | DEBUG | P07 |   residual min:  -2206.16
2026-06-25 11:08:43 | DEBUG | P07 |   residual max:  7516.22
2026-06-25 11:08:43 | DEBUG | P07 |   residual mean:  -313.915
2026-06-25 11:08:43 | INFO | P07 | 
Exponential Regression Fit Numbers (requires interpretation):
             R-squared is farther from 1 than linear regression, indicating the curve accounts for a some of the variation in y.
             Residual plot shows clustering of residuals, indicating an exponential curve line is not the right description.

2026-06-25 11:08:43 | INFO | P07 | ---- Creating Scatter Plot with Fitted Line ----------
2026-06-25 11:08:43 | INFO | P07 | ----   Set x to GDP -----------------------
2026-06-25 11:08:43 | INFO | P07 | ----   Set y to CO2 emissions -------------------------
2026-06-25 11:08:43 | INFO | P07 | ------ Creating Residual Plot --------------------------
2026-06-25 11:08:43 | INFO | P07 | ------   Set x to GDP ----------------------
2026-06-25 11:08:43 | INFO | P07 | ------   Set y to the residual (actual - fitted) -------
2026-06-25 11:08:43 | INFO | P07 | Fitting a logarithmic curve (scipy.optimize.curve_fit)
2026-06-25 11:08:43 | INFO | P07 | Fitted logarithmic curve:
2026-06-25 11:08:43 | INFO | P07 |   co2 = 7636.77 * log(2.96369e-13 * gdp)
2026-06-25 11:08:43 | INFO | P07 | Computing residuals for the logarithmic fit
2026-06-25 11:08:43 | INFO | P07 | Logarithmic fit numbers (requires interpretation):
2026-06-25 11:08:43 | DEBUG | P07 |   co2 = 7636.77 * log(2.96369e-13 * gdp)
2026-06-25 11:08:43 | DEBUG | P07 |   R-squared: 0.7886
2026-06-25 11:08:43 | DEBUG | P07 |   RMSE:      5070.16  (in units of CO2 emissions)
2026-06-25 11:08:43 | DEBUG | P07 |   residual min:  -8338.84
2026-06-25 11:08:43 | DEBUG | P07 |   residual max:  9636.37
2026-06-25 11:08:43 | DEBUG | P07 |   residual mean:  -7.7902e-06
2026-06-25 11:08:43 | INFO | P07 | 
Logarithmic Regression Fit Numbers (requires interpretation):
             R-squared is far from 1, indicating the curve does not account for most of the variation in y.
             Residual plot shows clustering of residuals, indicating a logarithmic curve is not the right description.

2026-06-25 11:08:43 | INFO | P07 | ---- Creating Scatter Plot with Fitted Line ----------
2026-06-25 11:08:43 | INFO | P07 | ----   Set x to GDP -----------------------
2026-06-25 11:08:43 | INFO | P07 | ----   Set y to CO2 emissions -------------------------
2026-06-25 11:08:43 | INFO | P07 | ------ Creating Residual Plot --------------------------
2026-06-25 11:08:43 | INFO | P07 | ------   Set x to GDP ----------------------
2026-06-25 11:08:43 | INFO | P07 | ------   Set y to the residual (actual - fitted) -------
2026-06-25 11:08:43 | INFO | P07 | --- Processing Year: 2023 ---
2026-06-25 11:08:43 | INFO | P07 | Creating modeling view (dropping rows missing feature or target)
2026-06-25 11:08:43 | DEBUG | P07 | Columns required to be non-missing: ['gdp', 'co2']
2026-06-25 11:08:43 | INFO | P07 | Original rows: 10
2026-06-25 11:08:43 | INFO | P07 | Model rows:    0
2026-06-25 11:08:43 | INFO | P07 | Rows dropped:  10
2026-06-25 11:08:43 | INFO | P07 | Skipping year 2023: not enough rows for regression
2026-06-25 11:08:43 | INFO | P07 | --- Processing Year: 2024 ---
2026-06-25 11:08:43 | INFO | P07 | Creating modeling view (dropping rows missing feature or target)
2026-06-25 11:08:43 | DEBUG | P07 | Columns required to be non-missing: ['gdp', 'co2']
2026-06-25 11:08:43 | INFO | P07 | Original rows: 10
2026-06-25 11:08:43 | INFO | P07 | Model rows:    0
2026-06-25 11:08:43 | INFO | P07 | Rows dropped:  10
2026-06-25 11:08:43 | INFO | P07 | Skipping year 2024: not enough rows for regression
2026-06-25 11:08:43 | INFO | P07 | --- Section 9: Summary and next steps ---
2026-06-25 11:18:49 | INFO | P07 | === RUN START ===
2026-06-25 11:18:49 | INFO | P07 | project=P07
2026-06-25 11:18:49 | INFO | P07 | repo_dir=datafun-07-regression
2026-06-25 11:18:49 | INFO | P07 | python=3.14.5
2026-06-25 11:18:49 | INFO | P07 | os=Windows 11
2026-06-25 11:18:49 | INFO | P07 | shell=powershell
2026-06-25 11:18:49 | INFO | P07 | cwd=.
2026-06-25 11:18:49 | INFO | P07 | github_actions=False
2026-06-25 11:18:49 | INFO | P07 | === RUN START ===
2026-06-25 11:18:49 | INFO | P07 | project=REGRESSION
2026-06-25 11:18:49 | INFO | P07 | repo_dir=datafun-07-regression
2026-06-25 11:18:49 | INFO | P07 | python=3.14.5
2026-06-25 11:18:49 | INFO | P07 | os=Windows 11
2026-06-25 11:18:49 | INFO | P07 | shell=powershell
2026-06-25 11:18:49 | INFO | P07 | cwd=.
2026-06-25 11:18:49 | INFO | P07 | github_actions=False
2026-06-25 11:18:49 | INFO | P07 | ========================
2026-06-25 11:18:49 | INFO | P07 | START main()
2026-06-25 11:18:49 | INFO | P07 | ========================
2026-06-25 11:18:49 | INFO | P07 | --- Section 2: Load dataset: owid-co2-data-subset ---
2026-06-25 11:18:49 | INFO | P07 | Loading dataset: owid-co2-data-subset
2026-06-25 11:18:49 | INFO | P07 | Loaded: 350 rows, 14 columns
2026-06-25 11:18:49 | INFO | P07 | Found year column. Running regressions for 35 years
2026-06-25 11:18:49 | INFO | P07 | --- Processing Year: 1990 ---
2026-06-25 11:18:49 | INFO | P07 | Creating modeling view (dropping rows missing feature or target)
2026-06-25 11:18:49 | DEBUG | P07 | Columns required to be non-missing: ['gdp', 'co2']
2026-06-25 11:18:49 | INFO | P07 | Original rows: 10
2026-06-25 11:18:49 | INFO | P07 | Model rows:    10
2026-06-25 11:18:49 | INFO | P07 | Rows dropped:  0
2026-06-25 11:18:49 | INFO | P07 | Building feature matrix X and target vector y
2026-06-25 11:18:49 | DEBUG | P07 | X shape: (10, 1)  (rows, features)
2026-06-25 11:18:49 | DEBUG | P07 | y shape: (10,)  (rows,)
2026-06-25 11:18:49 | INFO | P07 | Fitting a linear regression (scikit-learn)
2026-06-25 11:18:50 | DEBUG | P07 |   slope:     5.33658e-10
2026-06-25 11:18:50 | DEBUG | P07 |   intercept: -163.964
2026-06-25 11:18:50 | INFO | P07 | Fitted line:
2026-06-25 11:18:50 | INFO | P07 |   co2 = 5.33658e-10 * gdp + -163.964
2026-06-25 11:18:50 | DEBUG | P07 |   numpy check -> slope 5.33658e-10, intercept -163.964
2026-06-25 11:18:50 | INFO | P07 | Computing fitted values for every observed row
2026-06-25 11:18:50 | INFO | P07 | Predicting CO2 emissions for one example GDP value
2026-06-25 11:18:50 | DEBUG | P07 |   example gdp: 1e+12
2026-06-25 11:18:50 | DEBUG | P07 |   predicted co2: 369.694
2026-06-25 11:18:50 | INFO | P07 | Computing residuals (actual - fitted)
2026-06-25 11:18:50 | INFO | P07 | Fit numbers (requires interpretation):
2026-06-25 11:18:50 | DEBUG | P07 |   R-squared: 0.9965
2026-06-25 11:18:50 | DEBUG | P07 |   RMSE:      390.14  (in units of CO2 emissions)
2026-06-25 11:18:50 | DEBUG | P07 |   residual min:  -655.623
2026-06-25 11:18:50 | DEBUG | P07 |   residual max:  841
2026-06-25 11:18:50 | DEBUG | P07 |   residual mean: -3.41061e-13
2026-06-25 11:18:50 | INFO | P07 | 
Linear Regression Fit Numbers (requires interpretation):
             R-squared is near 1, indicating the line accounts for most of the variation in y.
             Residual plot shows clustering of residuals, indicating a straight line is not the right description.

2026-06-25 11:18:50 | INFO | P07 | ---- Creating Scatter Plot with Fitted Line ----------
2026-06-25 11:18:50 | INFO | P07 | ----   Set x to GDP -----------------------
2026-06-25 11:18:50 | INFO | P07 | ----   Set y to CO2 emissions -------------------------
2026-06-25 11:18:51 | INFO | P07 | ------ Creating Residual Plot --------------------------
2026-06-25 11:18:51 | INFO | P07 | ------   Set x to GDP ----------------------
2026-06-25 11:18:51 | INFO | P07 | ------   Set y to the residual (actual - fitted) -------
2026-06-25 11:18:52 | INFO | P07 | ========================
2026-06-25 11:18:52 | INFO | P07 | SUMMARY
2026-06-25 11:18:52 | INFO | P07 | ========================
2026-06-25 11:18:52 | INFO | P07 | Dataset: owid-co2-data-subset
2026-06-25 11:18:52 | INFO | P07 | Feature (x): gdp
2026-06-25 11:18:52 | INFO | P07 | Target  (y): co2
2026-06-25 11:18:52 | INFO | P07 | Original rows: 10
2026-06-25 11:18:52 | INFO | P07 | Model rows:    10
2026-06-25 11:18:52 | INFO | P07 | Fitted line:
2026-06-25 11:18:52 | INFO | P07 |   co2 = 5.33658e-10 * gdp + -163.964
2026-06-25 11:18:52 | INFO | P07 | ======================
2026-06-25 11:18:52 | INFO | P07 | Review the fit numbers (R-squared, RMSE). 
2026-06-25 11:18:52 | INFO | P07 | Look at the fitted-line plot and the residual plot. 
2026-06-25 11:18:52 | INFO | P07 | Decide if a `straight line` is a fair description. 
2026-06-25 11:18:52 | INFO | P07 | If the residuals DO show a pattern (e.g. curve, funnel, clusters),
2026-06-25 11:18:52 | INFO | P07 | then a straight line is NOT a good description. 
2026-06-25 11:18:52 | INFO | P07 | If the residuals DO NOT show a pattern,
2026-06-25 11:18:52 | INFO | P07 | then a straight line MIGHT be a good description. 
2026-06-25 11:18:52 | INFO | P07 | Either way, the findings may be valuable.
2026-06-25 11:18:52 | INFO | P07 | ======================
2026-06-25 11:18:52 | INFO | P07 | Repeat with a different feature, or a transformed feature, 
2026-06-25 11:18:52 | INFO | P07 | to investigate other options.
2026-06-25 11:18:52 | INFO | P07 | ======================
2026-06-25 11:18:52 | INFO | P07 | Include instructions and specifics in your README.md file.
2026-06-25 11:18:52 | INFO | P07 | Write up your narrative on your docs/index.md file.
2026-06-25 11:18:52 | INFO | P07 | Include your next step suggestions for further analysis or modeling.
2026-06-25 11:18:52 | INFO | P07 | ======================
2026-06-25 11:18:52 | INFO | P07 | --- Processing Year: 1991 ---
2026-06-25 11:18:52 | INFO | P07 | Creating modeling view (dropping rows missing feature or target)
2026-06-25 11:18:52 | DEBUG | P07 | Columns required to be non-missing: ['gdp', 'co2']
2026-06-25 11:18:52 | INFO | P07 | Original rows: 10
2026-06-25 11:18:52 | INFO | P07 | Model rows:    9
2026-06-25 11:18:52 | INFO | P07 | Rows dropped:  1
2026-06-25 11:18:52 | INFO | P07 | Building feature matrix X and target vector y
2026-06-25 11:18:52 | DEBUG | P07 | X shape: (9, 1)  (rows, features)
2026-06-25 11:18:52 | DEBUG | P07 | y shape: (9,)  (rows,)
2026-06-25 11:18:52 | INFO | P07 | Fitting a linear regression (scikit-learn)
2026-06-25 11:18:52 | DEBUG | P07 |   slope:     5.8066e-10
2026-06-25 11:18:52 | DEBUG | P07 |   intercept: -298.679
2026-06-25 11:18:52 | INFO | P07 | Fitted line:
2026-06-25 11:18:52 | INFO | P07 |   co2 = 5.8066e-10 * gdp + -298.679
2026-06-25 11:18:52 | DEBUG | P07 |   numpy check -> slope 5.8066e-10, intercept -298.679
2026-06-25 11:18:52 | INFO | P07 | Computing fitted values for every observed row
2026-06-25 11:18:52 | INFO | P07 | Predicting CO2 emissions for one example GDP value
2026-06-25 11:18:52 | DEBUG | P07 |   example gdp: 1e+12
2026-06-25 11:18:52 | DEBUG | P07 |   predicted co2: 281.981
2026-06-25 11:18:52 | INFO | P07 | Computing residuals (actual - fitted)
2026-06-25 11:18:52 | INFO | P07 | Fit numbers (requires interpretation):
2026-06-25 11:18:52 | DEBUG | P07 |   R-squared: 0.9222
2026-06-25 11:18:52 | DEBUG | P07 |   RMSE:      412.333  (in units of CO2 emissions)
2026-06-25 11:18:52 | DEBUG | P07 |   residual min:  -755.607
2026-06-25 11:18:52 | DEBUG | P07 |   residual max:  880.315
2026-06-25 11:18:52 | DEBUG | P07 |   residual mean: -1.13687e-13
2026-06-25 11:18:52 | INFO | P07 | 
Linear Regression Fit Numbers (requires interpretation):
             R-squared is near 1, indicating the line accounts for most of the variation in y.
             Residual plot shows clustering of residuals, indicating a straight line is not the right description.

2026-06-25 11:18:52 | INFO | P07 | ---- Creating Scatter Plot with Fitted Line ----------
2026-06-25 11:18:52 | INFO | P07 | ----   Set x to GDP -----------------------
2026-06-25 11:18:52 | INFO | P07 | ----   Set y to CO2 emissions -------------------------
2026-06-25 11:18:53 | INFO | P07 | ------ Creating Residual Plot --------------------------
2026-06-25 11:18:53 | INFO | P07 | ------   Set x to GDP ----------------------
2026-06-25 11:18:53 | INFO | P07 | ------   Set y to the residual (actual - fitted) -------
2026-06-25 11:18:54 | INFO | P07 | ========================
2026-06-25 11:18:54 | INFO | P07 | SUMMARY
2026-06-25 11:18:54 | INFO | P07 | ========================
2026-06-25 11:18:54 | INFO | P07 | Dataset: owid-co2-data-subset
2026-06-25 11:18:54 | INFO | P07 | Feature (x): gdp
2026-06-25 11:18:54 | INFO | P07 | Target  (y): co2
2026-06-25 11:18:54 | INFO | P07 | Original rows: 10
2026-06-25 11:18:54 | INFO | P07 | Model rows:    9
2026-06-25 11:18:54 | INFO | P07 | Fitted line:
2026-06-25 11:18:54 | INFO | P07 |   co2 = 5.8066e-10 * gdp + -298.679
2026-06-25 11:18:54 | INFO | P07 | ======================
2026-06-25 11:18:54 | INFO | P07 | Review the fit numbers (R-squared, RMSE). 
2026-06-25 11:18:54 | INFO | P07 | Look at the fitted-line plot and the residual plot. 
2026-06-25 11:18:54 | INFO | P07 | Decide if a `straight line` is a fair description. 
2026-06-25 11:18:54 | INFO | P07 | If the residuals DO show a pattern (e.g. curve, funnel, clusters),
2026-06-25 11:18:54 | INFO | P07 | then a straight line is NOT a good description. 
2026-06-25 11:18:54 | INFO | P07 | If the residuals DO NOT show a pattern,
2026-06-25 11:18:54 | INFO | P07 | then a straight line MIGHT be a good description. 
2026-06-25 11:18:54 | INFO | P07 | Either way, the findings may be valuable.
2026-06-25 11:18:54 | INFO | P07 | ======================
2026-06-25 11:18:54 | INFO | P07 | Repeat with a different feature, or a transformed feature, 
2026-06-25 11:18:54 | INFO | P07 | to investigate other options.
2026-06-25 11:18:54 | INFO | P07 | ======================
2026-06-25 11:18:54 | INFO | P07 | Include instructions and specifics in your README.md file.
2026-06-25 11:18:54 | INFO | P07 | Write up your narrative on your docs/index.md file.
2026-06-25 11:18:54 | INFO | P07 | Include your next step suggestions for further analysis or modeling.
2026-06-25 11:18:54 | INFO | P07 | ======================
2026-06-25 11:18:54 | INFO | P07 | --- Processing Year: 1992 ---
2026-06-25 11:18:54 | INFO | P07 | Creating modeling view (dropping rows missing feature or target)
2026-06-25 11:18:54 | DEBUG | P07 | Columns required to be non-missing: ['gdp', 'co2']
2026-06-25 11:18:54 | INFO | P07 | Original rows: 10
2026-06-25 11:18:54 | INFO | P07 | Model rows:    9
2026-06-25 11:18:54 | INFO | P07 | Rows dropped:  1
2026-06-25 11:18:54 | INFO | P07 | Building feature matrix X and target vector y
2026-06-25 11:18:54 | DEBUG | P07 | X shape: (9, 1)  (rows, features)
2026-06-25 11:18:54 | DEBUG | P07 | y shape: (9,)  (rows,)
2026-06-25 11:18:54 | INFO | P07 | Fitting a linear regression (scikit-learn)
2026-06-25 11:18:54 | DEBUG | P07 |   slope:     5.75255e-10
2026-06-25 11:18:54 | DEBUG | P07 |   intercept: -311.477
2026-06-25 11:18:54 | INFO | P07 | Fitted line:
2026-06-25 11:18:54 | INFO | P07 |   co2 = 5.75255e-10 * gdp + -311.477
2026-06-25 11:18:54 | DEBUG | P07 |   numpy check -> slope 5.75255e-10, intercept -311.477
2026-06-25 11:18:54 | INFO | P07 | Computing fitted values for every observed row
2026-06-25 11:18:54 | INFO | P07 | Predicting CO2 emissions for one example GDP value
2026-06-25 11:18:54 | DEBUG | P07 |   example gdp: 1e+12
2026-06-25 11:18:54 | DEBUG | P07 |   predicted co2: 263.778
2026-06-25 11:18:54 | INFO | P07 | Computing residuals (actual - fitted)
2026-06-25 11:18:54 | INFO | P07 | Fit numbers (requires interpretation):
2026-06-25 11:18:54 | DEBUG | P07 |   R-squared: 0.9275
2026-06-25 11:18:54 | DEBUG | P07 |   RMSE:      408.376  (in units of CO2 emissions)
2026-06-25 11:18:54 | DEBUG | P07 |   residual min:  -731.548
2026-06-25 11:18:54 | DEBUG | P07 |   residual max:  882.663
2026-06-25 11:18:54 | DEBUG | P07 |   residual mean: 2.0211e-13
2026-06-25 11:18:54 | INFO | P07 | 
Linear Regression Fit Numbers (requires interpretation):
             R-squared is near 1, indicating the line accounts for most of the variation in y.
             Residual plot shows clustering of residuals, indicating a straight line is not the right description.

2026-06-25 11:18:54 | INFO | P07 | ---- Creating Scatter Plot with Fitted Line ----------
2026-06-25 11:18:54 | INFO | P07 | ----   Set x to GDP -----------------------
2026-06-25 11:18:54 | INFO | P07 | ----   Set y to CO2 emissions -------------------------
2026-06-25 11:18:54 | INFO | P07 | ------ Creating Residual Plot --------------------------
2026-06-25 11:18:54 | INFO | P07 | ------   Set x to GDP ----------------------
2026-06-25 11:18:54 | INFO | P07 | ------   Set y to the residual (actual - fitted) -------
2026-06-25 11:18:55 | INFO | P07 | ========================
2026-06-25 11:18:55 | INFO | P07 | SUMMARY
2026-06-25 11:18:55 | INFO | P07 | ========================
2026-06-25 11:18:55 | INFO | P07 | Dataset: owid-co2-data-subset
2026-06-25 11:18:55 | INFO | P07 | Feature (x): gdp
2026-06-25 11:18:55 | INFO | P07 | Target  (y): co2
2026-06-25 11:18:55 | INFO | P07 | Original rows: 10
2026-06-25 11:18:55 | INFO | P07 | Model rows:    9
2026-06-25 11:18:55 | INFO | P07 | Fitted line:
2026-06-25 11:18:55 | INFO | P07 |   co2 = 5.75255e-10 * gdp + -311.477
2026-06-25 11:18:55 | INFO | P07 | ======================
2026-06-25 11:18:55 | INFO | P07 | Review the fit numbers (R-squared, RMSE). 
2026-06-25 11:18:55 | INFO | P07 | Look at the fitted-line plot and the residual plot. 
2026-06-25 11:18:55 | INFO | P07 | Decide if a `straight line` is a fair description. 
2026-06-25 11:18:55 | INFO | P07 | If the residuals DO show a pattern (e.g. curve, funnel, clusters),
2026-06-25 11:18:55 | INFO | P07 | then a straight line is NOT a good description. 
2026-06-25 11:18:55 | INFO | P07 | If the residuals DO NOT show a pattern,
2026-06-25 11:18:55 | INFO | P07 | then a straight line MIGHT be a good description. 
2026-06-25 11:18:55 | INFO | P07 | Either way, the findings may be valuable.
2026-06-25 11:18:55 | INFO | P07 | ======================
2026-06-25 11:18:55 | INFO | P07 | Repeat with a different feature, or a transformed feature, 
2026-06-25 11:18:55 | INFO | P07 | to investigate other options.
2026-06-25 11:18:55 | INFO | P07 | ======================
2026-06-25 11:18:55 | INFO | P07 | Include instructions and specifics in your README.md file.
2026-06-25 11:18:55 | INFO | P07 | Write up your narrative on your docs/index.md file.
2026-06-25 11:18:55 | INFO | P07 | Include your next step suggestions for further analysis or modeling.
2026-06-25 11:18:55 | INFO | P07 | ======================
2026-06-25 11:18:55 | INFO | P07 | --- Processing Year: 1993 ---
2026-06-25 11:18:55 | INFO | P07 | Creating modeling view (dropping rows missing feature or target)
2026-06-25 11:18:55 | DEBUG | P07 | Columns required to be non-missing: ['gdp', 'co2']
2026-06-25 11:18:55 | INFO | P07 | Original rows: 10
2026-06-25 11:18:55 | INFO | P07 | Model rows:    9
2026-06-25 11:18:55 | INFO | P07 | Rows dropped:  1
2026-06-25 11:18:55 | INFO | P07 | Building feature matrix X and target vector y
2026-06-25 11:18:55 | DEBUG | P07 | X shape: (9, 1)  (rows, features)
2026-06-25 11:18:55 | DEBUG | P07 | y shape: (9,)  (rows,)
2026-06-25 11:18:55 | INFO | P07 | Fitting a linear regression (scikit-learn)
2026-06-25 11:18:55 | DEBUG | P07 |   slope:     5.77429e-10
2026-06-25 11:18:55 | DEBUG | P07 |   intercept: -343.282
2026-06-25 11:18:55 | INFO | P07 | Fitted line:
2026-06-25 11:18:55 | INFO | P07 |   co2 = 5.77429e-10 * gdp + -343.282
2026-06-25 11:18:55 | DEBUG | P07 |   numpy check -> slope 5.77429e-10, intercept -343.282
2026-06-25 11:18:55 | INFO | P07 | Computing fitted values for every observed row
2026-06-25 11:18:55 | INFO | P07 | Predicting CO2 emissions for one example GDP value
2026-06-25 11:18:55 | DEBUG | P07 |   example gdp: 1e+12
2026-06-25 11:18:55 | DEBUG | P07 |   predicted co2: 234.148
2026-06-25 11:18:55 | INFO | P07 | Computing residuals (actual - fitted)
2026-06-25 11:18:55 | INFO | P07 | Fit numbers (requires interpretation):
2026-06-25 11:18:55 | DEBUG | P07 |   R-squared: 0.9331
2026-06-25 11:18:55 | DEBUG | P07 |   RMSE:      404.667  (in units of CO2 emissions)
2026-06-25 11:18:55 | DEBUG | P07 |   residual min:  -716.767
2026-06-25 11:18:55 | DEBUG | P07 |   residual max:  874.995
2026-06-25 11:18:55 | DEBUG | P07 |   residual mean: 2.52637e-13
2026-06-25 11:18:55 | INFO | P07 | 
Linear Regression Fit Numbers (requires interpretation):
             R-squared is near 1, indicating the line accounts for most of the variation in y.
             Residual plot shows clustering of residuals, indicating a straight line is not the right description.

2026-06-25 11:18:55 | INFO | P07 | ---- Creating Scatter Plot with Fitted Line ----------
2026-06-25 11:18:55 | INFO | P07 | ----   Set x to GDP -----------------------
2026-06-25 11:18:55 | INFO | P07 | ----   Set y to CO2 emissions -------------------------
2026-06-25 11:18:56 | INFO | P07 | ------ Creating Residual Plot --------------------------
2026-06-25 11:18:56 | INFO | P07 | ------   Set x to GDP ----------------------
2026-06-25 11:18:56 | INFO | P07 | ------   Set y to the residual (actual - fitted) -------
2026-06-25 11:18:57 | INFO | P07 | ========================
2026-06-25 11:18:57 | INFO | P07 | SUMMARY
2026-06-25 11:18:57 | INFO | P07 | ========================
2026-06-25 11:18:57 | INFO | P07 | Dataset: owid-co2-data-subset
2026-06-25 11:18:57 | INFO | P07 | Feature (x): gdp
2026-06-25 11:18:57 | INFO | P07 | Target  (y): co2
2026-06-25 11:18:57 | INFO | P07 | Original rows: 10
2026-06-25 11:18:57 | INFO | P07 | Model rows:    9
2026-06-25 11:18:57 | INFO | P07 | Fitted line:
2026-06-25 11:18:57 | INFO | P07 |   co2 = 5.77429e-10 * gdp + -343.282
2026-06-25 11:18:57 | INFO | P07 | ======================
2026-06-25 11:18:57 | INFO | P07 | Review the fit numbers (R-squared, RMSE). 
2026-06-25 11:18:57 | INFO | P07 | Look at the fitted-line plot and the residual plot. 
2026-06-25 11:18:57 | INFO | P07 | Decide if a `straight line` is a fair description. 
2026-06-25 11:18:57 | INFO | P07 | If the residuals DO show a pattern (e.g. curve, funnel, clusters),
2026-06-25 11:18:57 | INFO | P07 | then a straight line is NOT a good description. 
2026-06-25 11:18:57 | INFO | P07 | If the residuals DO NOT show a pattern,
2026-06-25 11:18:57 | INFO | P07 | then a straight line MIGHT be a good description. 
2026-06-25 11:18:57 | INFO | P07 | Either way, the findings may be valuable.
2026-06-25 11:18:57 | INFO | P07 | ======================
2026-06-25 11:18:57 | INFO | P07 | Repeat with a different feature, or a transformed feature, 
2026-06-25 11:18:57 | INFO | P07 | to investigate other options.
2026-06-25 11:18:57 | INFO | P07 | ======================
2026-06-25 11:18:57 | INFO | P07 | Include instructions and specifics in your README.md file.
2026-06-25 11:18:57 | INFO | P07 | Write up your narrative on your docs/index.md file.
2026-06-25 11:18:57 | INFO | P07 | Include your next step suggestions for further analysis or modeling.
2026-06-25 11:18:57 | INFO | P07 | ======================
2026-06-25 11:18:57 | INFO | P07 | --- Processing Year: 1994 ---
2026-06-25 11:18:57 | INFO | P07 | Creating modeling view (dropping rows missing feature or target)
2026-06-25 11:18:57 | DEBUG | P07 | Columns required to be non-missing: ['gdp', 'co2']
2026-06-25 11:18:57 | INFO | P07 | Original rows: 10
2026-06-25 11:18:57 | INFO | P07 | Model rows:    9
2026-06-25 11:18:57 | INFO | P07 | Rows dropped:  1
2026-06-25 11:18:57 | INFO | P07 | Building feature matrix X and target vector y
2026-06-25 11:18:57 | DEBUG | P07 | X shape: (9, 1)  (rows, features)
2026-06-25 11:18:57 | DEBUG | P07 | y shape: (9,)  (rows,)
2026-06-25 11:18:57 | INFO | P07 | Fitting a linear regression (scikit-learn)
2026-06-25 11:18:57 | DEBUG | P07 |   slope:     5.69861e-10
2026-06-25 11:18:57 | DEBUG | P07 |   intercept: -355.247
2026-06-25 11:18:57 | INFO | P07 | Fitted line:
2026-06-25 11:18:57 | INFO | P07 |   co2 = 5.69861e-10 * gdp + -355.247
2026-06-25 11:18:57 | DEBUG | P07 |   numpy check -> slope 5.69861e-10, intercept -355.247
2026-06-25 11:18:57 | INFO | P07 | Computing fitted values for every observed row
2026-06-25 11:18:57 | INFO | P07 | Predicting CO2 emissions for one example GDP value
2026-06-25 11:18:57 | DEBUG | P07 |   example gdp: 1e+12
2026-06-25 11:18:57 | DEBUG | P07 |   predicted co2: 214.614
2026-06-25 11:18:57 | INFO | P07 | Computing residuals (actual - fitted)
2026-06-25 11:18:57 | INFO | P07 | Fit numbers (requires interpretation):
2026-06-25 11:18:57 | DEBUG | P07 |   R-squared: 0.9364
2026-06-25 11:18:57 | DEBUG | P07 |   RMSE:      404.497  (in units of CO2 emissions)
2026-06-25 11:18:57 | DEBUG | P07 |   residual min:  -640.188
2026-06-25 11:18:57 | DEBUG | P07 |   residual max:  919.667
2026-06-25 11:18:57 | DEBUG | P07 |   residual mean: -6.31594e-14
2026-06-25 11:18:57 | INFO | P07 | 
Linear Regression Fit Numbers (requires interpretation):
             R-squared is near 1, indicating the line accounts for most of the variation in y.
             Residual plot shows clustering of residuals, indicating a straight line is not the right description.

2026-06-25 11:18:57 | INFO | P07 | ---- Creating Scatter Plot with Fitted Line ----------
2026-06-25 11:18:57 | INFO | P07 | ----   Set x to GDP -----------------------
2026-06-25 11:18:57 | INFO | P07 | ----   Set y to CO2 emissions -------------------------
2026-06-25 11:18:57 | INFO | P07 | ------ Creating Residual Plot --------------------------
2026-06-25 11:18:57 | INFO | P07 | ------   Set x to GDP ----------------------
2026-06-25 11:18:57 | INFO | P07 | ------   Set y to the residual (actual - fitted) -------
2026-06-25 11:18:58 | INFO | P07 | ========================
2026-06-25 11:18:58 | INFO | P07 | SUMMARY
2026-06-25 11:18:58 | INFO | P07 | ========================
2026-06-25 11:18:58 | INFO | P07 | Dataset: owid-co2-data-subset
2026-06-25 11:18:58 | INFO | P07 | Feature (x): gdp
2026-06-25 11:18:58 | INFO | P07 | Target  (y): co2
2026-06-25 11:18:58 | INFO | P07 | Original rows: 10
2026-06-25 11:18:58 | INFO | P07 | Model rows:    9
2026-06-25 11:18:58 | INFO | P07 | Fitted line:
2026-06-25 11:18:58 | INFO | P07 |   co2 = 5.69861e-10 * gdp + -355.247
2026-06-25 11:18:58 | INFO | P07 | ======================
2026-06-25 11:18:58 | INFO | P07 | Review the fit numbers (R-squared, RMSE). 
2026-06-25 11:18:58 | INFO | P07 | Look at the fitted-line plot and the residual plot. 
2026-06-25 11:18:58 | INFO | P07 | Decide if a `straight line` is a fair description. 
2026-06-25 11:18:58 | INFO | P07 | If the residuals DO show a pattern (e.g. curve, funnel, clusters),
2026-06-25 11:18:58 | INFO | P07 | then a straight line is NOT a good description. 
2026-06-25 11:18:58 | INFO | P07 | If the residuals DO NOT show a pattern,
2026-06-25 11:18:58 | INFO | P07 | then a straight line MIGHT be a good description. 
2026-06-25 11:18:58 | INFO | P07 | Either way, the findings may be valuable.
2026-06-25 11:18:58 | INFO | P07 | ======================
2026-06-25 11:18:58 | INFO | P07 | Repeat with a different feature, or a transformed feature, 
2026-06-25 11:18:58 | INFO | P07 | to investigate other options.
2026-06-25 11:18:58 | INFO | P07 | ======================
2026-06-25 11:18:58 | INFO | P07 | Include instructions and specifics in your README.md file.
2026-06-25 11:18:58 | INFO | P07 | Write up your narrative on your docs/index.md file.
2026-06-25 11:18:58 | INFO | P07 | Include your next step suggestions for further analysis or modeling.
2026-06-25 11:18:58 | INFO | P07 | ======================
2026-06-25 11:18:58 | INFO | P07 | --- Processing Year: 1995 ---
2026-06-25 11:18:58 | INFO | P07 | Creating modeling view (dropping rows missing feature or target)
2026-06-25 11:18:58 | DEBUG | P07 | Columns required to be non-missing: ['gdp', 'co2']
2026-06-25 11:18:58 | INFO | P07 | Original rows: 10
2026-06-25 11:18:58 | INFO | P07 | Model rows:    9
2026-06-25 11:18:58 | INFO | P07 | Rows dropped:  1
2026-06-25 11:18:58 | INFO | P07 | Building feature matrix X and target vector y
2026-06-25 11:18:58 | DEBUG | P07 | X shape: (9, 1)  (rows, features)
2026-06-25 11:18:58 | DEBUG | P07 | y shape: (9,)  (rows,)
2026-06-25 11:18:58 | INFO | P07 | Fitting a linear regression (scikit-learn)
2026-06-25 11:18:58 | DEBUG | P07 |   slope:     5.66755e-10
2026-06-25 11:18:58 | DEBUG | P07 |   intercept: -371.936
2026-06-25 11:18:58 | INFO | P07 | Fitted line:
2026-06-25 11:18:58 | INFO | P07 |   co2 = 5.66755e-10 * gdp + -371.936
2026-06-25 11:18:58 | DEBUG | P07 |   numpy check -> slope 5.66755e-10, intercept -371.936
2026-06-25 11:18:58 | INFO | P07 | Computing fitted values for every observed row
2026-06-25 11:18:58 | INFO | P07 | Predicting CO2 emissions for one example GDP value
2026-06-25 11:18:58 | DEBUG | P07 |   example gdp: 1e+12
2026-06-25 11:18:58 | DEBUG | P07 |   predicted co2: 194.819
2026-06-25 11:18:58 | INFO | P07 | Computing residuals (actual - fitted)
2026-06-25 11:18:58 | INFO | P07 | Fit numbers (requires interpretation):
2026-06-25 11:18:58 | DEBUG | P07 |   R-squared: 0.9317
2026-06-25 11:18:58 | DEBUG | P07 |   RMSE:      430.473  (in units of CO2 emissions)
2026-06-25 11:18:58 | DEBUG | P07 |   residual min:  -657.755
2026-06-25 11:18:58 | DEBUG | P07 |   residual max:  997.042
2026-06-25 11:18:58 | DEBUG | P07 |   residual mean: -1.64214e-13
2026-06-25 11:18:58 | INFO | P07 | 
Linear Regression Fit Numbers (requires interpretation):
             R-squared is near 1, indicating the line accounts for most of the variation in y.
             Residual plot shows clustering of residuals, indicating a straight line is not the right description.

2026-06-25 11:18:58 | INFO | P07 | ---- Creating Scatter Plot with Fitted Line ----------
2026-06-25 11:18:58 | INFO | P07 | ----   Set x to GDP -----------------------
2026-06-25 11:18:58 | INFO | P07 | ----   Set y to CO2 emissions -------------------------
2026-06-25 11:18:59 | INFO | P07 | ------ Creating Residual Plot --------------------------
2026-06-25 11:18:59 | INFO | P07 | ------   Set x to GDP ----------------------
2026-06-25 11:18:59 | INFO | P07 | ------   Set y to the residual (actual - fitted) -------
2026-06-25 11:18:59 | INFO | P07 | ========================
2026-06-25 11:18:59 | INFO | P07 | SUMMARY
2026-06-25 11:18:59 | INFO | P07 | ========================
2026-06-25 11:18:59 | INFO | P07 | Dataset: owid-co2-data-subset
2026-06-25 11:18:59 | INFO | P07 | Feature (x): gdp
2026-06-25 11:18:59 | INFO | P07 | Target  (y): co2
2026-06-25 11:18:59 | INFO | P07 | Original rows: 10
2026-06-25 11:18:59 | INFO | P07 | Model rows:    9
2026-06-25 11:18:59 | INFO | P07 | Fitted line:
2026-06-25 11:18:59 | INFO | P07 |   co2 = 5.66755e-10 * gdp + -371.936
2026-06-25 11:18:59 | INFO | P07 | ======================
2026-06-25 11:18:59 | INFO | P07 | Review the fit numbers (R-squared, RMSE). 
2026-06-25 11:18:59 | INFO | P07 | Look at the fitted-line plot and the residual plot. 
2026-06-25 11:18:59 | INFO | P07 | Decide if a `straight line` is a fair description. 
2026-06-25 11:18:59 | INFO | P07 | If the residuals DO show a pattern (e.g. curve, funnel, clusters),
2026-06-25 11:18:59 | INFO | P07 | then a straight line is NOT a good description. 
2026-06-25 11:18:59 | INFO | P07 | If the residuals DO NOT show a pattern,
2026-06-25 11:18:59 | INFO | P07 | then a straight line MIGHT be a good description. 
2026-06-25 11:18:59 | INFO | P07 | Either way, the findings may be valuable.
2026-06-25 11:18:59 | INFO | P07 | ======================
2026-06-25 11:18:59 | INFO | P07 | Repeat with a different feature, or a transformed feature, 
2026-06-25 11:18:59 | INFO | P07 | to investigate other options.
2026-06-25 11:18:59 | INFO | P07 | ======================
2026-06-25 11:18:59 | INFO | P07 | Include instructions and specifics in your README.md file.
2026-06-25 11:18:59 | INFO | P07 | Write up your narrative on your docs/index.md file.
2026-06-25 11:18:59 | INFO | P07 | Include your next step suggestions for further analysis or modeling.
2026-06-25 11:18:59 | INFO | P07 | ======================
2026-06-25 11:18:59 | INFO | P07 | --- Processing Year: 1996 ---
2026-06-25 11:18:59 | INFO | P07 | Creating modeling view (dropping rows missing feature or target)
2026-06-25 11:18:59 | DEBUG | P07 | Columns required to be non-missing: ['gdp', 'co2']
2026-06-25 11:18:59 | INFO | P07 | Original rows: 10
2026-06-25 11:18:59 | INFO | P07 | Model rows:    9
2026-06-25 11:18:59 | INFO | P07 | Rows dropped:  1
2026-06-25 11:18:59 | INFO | P07 | Building feature matrix X and target vector y
2026-06-25 11:18:59 | DEBUG | P07 | X shape: (9, 1)  (rows, features)
2026-06-25 11:18:59 | DEBUG | P07 | y shape: (9,)  (rows,)
2026-06-25 11:18:59 | INFO | P07 | Fitting a linear regression (scikit-learn)
2026-06-25 11:18:59 | DEBUG | P07 |   slope:     5.63032e-10
2026-06-25 11:18:59 | DEBUG | P07 |   intercept: -378.116
2026-06-25 11:18:59 | INFO | P07 | Fitted line:
2026-06-25 11:18:59 | INFO | P07 |   co2 = 5.63032e-10 * gdp + -378.116
2026-06-25 11:18:59 | DEBUG | P07 |   numpy check -> slope 5.63032e-10, intercept -378.116
2026-06-25 11:18:59 | INFO | P07 | Computing fitted values for every observed row
2026-06-25 11:18:59 | INFO | P07 | Predicting CO2 emissions for one example GDP value
2026-06-25 11:18:59 | DEBUG | P07 |   example gdp: 1e+12
2026-06-25 11:18:59 | DEBUG | P07 |   predicted co2: 184.916
2026-06-25 11:18:59 | INFO | P07 | Computing residuals (actual - fitted)
2026-06-25 11:18:59 | INFO | P07 | Fit numbers (requires interpretation):
2026-06-25 11:18:59 | DEBUG | P07 |   R-squared: 0.9345
2026-06-25 11:18:59 | DEBUG | P07 |   RMSE:      435.66  (in units of CO2 emissions)
2026-06-25 11:18:59 | DEBUG | P07 |   residual min:  -692.252
2026-06-25 11:18:59 | DEBUG | P07 |   residual max:  990.43
2026-06-25 11:18:59 | DEBUG | P07 |   residual mean: 1.26319e-14
2026-06-25 11:18:59 | INFO | P07 | 
Linear Regression Fit Numbers (requires interpretation):
             R-squared is near 1, indicating the line accounts for most of the variation in y.
             Residual plot shows clustering of residuals, indicating a straight line is not the right description.

2026-06-25 11:18:59 | INFO | P07 | ---- Creating Scatter Plot with Fitted Line ----------
2026-06-25 11:18:59 | INFO | P07 | ----   Set x to GDP -----------------------
2026-06-25 11:18:59 | INFO | P07 | ----   Set y to CO2 emissions -------------------------
2026-06-25 11:19:00 | INFO | P07 | ------ Creating Residual Plot --------------------------
2026-06-25 11:19:00 | INFO | P07 | ------   Set x to GDP ----------------------
2026-06-25 11:19:00 | INFO | P07 | ------   Set y to the residual (actual - fitted) -------
2026-06-25 11:19:01 | INFO | P07 | ========================
2026-06-25 11:19:01 | INFO | P07 | SUMMARY
2026-06-25 11:19:01 | INFO | P07 | ========================
2026-06-25 11:19:01 | INFO | P07 | Dataset: owid-co2-data-subset
2026-06-25 11:19:01 | INFO | P07 | Feature (x): gdp
2026-06-25 11:19:01 | INFO | P07 | Target  (y): co2
2026-06-25 11:19:01 | INFO | P07 | Original rows: 10
2026-06-25 11:19:01 | INFO | P07 | Model rows:    9
2026-06-25 11:19:01 | INFO | P07 | Fitted line:
2026-06-25 11:19:01 | INFO | P07 |   co2 = 5.63032e-10 * gdp + -378.116
2026-06-25 11:19:01 | INFO | P07 | ======================
2026-06-25 11:19:01 | INFO | P07 | Review the fit numbers (R-squared, RMSE). 
2026-06-25 11:19:01 | INFO | P07 | Look at the fitted-line plot and the residual plot. 
2026-06-25 11:19:01 | INFO | P07 | Decide if a `straight line` is a fair description. 
2026-06-25 11:19:01 | INFO | P07 | If the residuals DO show a pattern (e.g. curve, funnel, clusters),
2026-06-25 11:19:01 | INFO | P07 | then a straight line is NOT a good description. 
2026-06-25 11:19:01 | INFO | P07 | If the residuals DO NOT show a pattern,
2026-06-25 11:19:01 | INFO | P07 | then a straight line MIGHT be a good description. 
2026-06-25 11:19:01 | INFO | P07 | Either way, the findings may be valuable.
2026-06-25 11:19:01 | INFO | P07 | ======================
2026-06-25 11:19:01 | INFO | P07 | Repeat with a different feature, or a transformed feature, 
2026-06-25 11:19:01 | INFO | P07 | to investigate other options.
2026-06-25 11:19:01 | INFO | P07 | ======================
2026-06-25 11:19:01 | INFO | P07 | Include instructions and specifics in your README.md file.
2026-06-25 11:19:01 | INFO | P07 | Write up your narrative on your docs/index.md file.
2026-06-25 11:19:01 | INFO | P07 | Include your next step suggestions for further analysis or modeling.
2026-06-25 11:19:01 | INFO | P07 | ======================
2026-06-25 11:19:01 | INFO | P07 | --- Processing Year: 1997 ---
2026-06-25 11:19:01 | INFO | P07 | Creating modeling view (dropping rows missing feature or target)
2026-06-25 11:19:01 | DEBUG | P07 | Columns required to be non-missing: ['gdp', 'co2']
2026-06-25 11:19:01 | INFO | P07 | Original rows: 10
2026-06-25 11:19:01 | INFO | P07 | Model rows:    9
2026-06-25 11:19:01 | INFO | P07 | Rows dropped:  1
2026-06-25 11:19:01 | INFO | P07 | Building feature matrix X and target vector y
2026-06-25 11:19:01 | DEBUG | P07 | X shape: (9, 1)  (rows, features)
2026-06-25 11:19:01 | DEBUG | P07 | y shape: (9,)  (rows,)
2026-06-25 11:19:01 | INFO | P07 | Fitting a linear regression (scikit-learn)
2026-06-25 11:19:01 | DEBUG | P07 |   slope:     5.46305e-10
2026-06-25 11:19:01 | DEBUG | P07 |   intercept: -375.495
2026-06-25 11:19:01 | INFO | P07 | Fitted line:
2026-06-25 11:19:01 | INFO | P07 |   co2 = 5.46305e-10 * gdp + -375.495
2026-06-25 11:19:01 | DEBUG | P07 |   numpy check -> slope 5.46305e-10, intercept -375.495
2026-06-25 11:19:01 | INFO | P07 | Computing fitted values for every observed row
2026-06-25 11:19:01 | INFO | P07 | Predicting CO2 emissions for one example GDP value
2026-06-25 11:19:01 | DEBUG | P07 |   example gdp: 1e+12
2026-06-25 11:19:01 | DEBUG | P07 |   predicted co2: 170.811
2026-06-25 11:19:01 | INFO | P07 | Computing residuals (actual - fitted)
2026-06-25 11:19:01 | INFO | P07 | Fit numbers (requires interpretation):
2026-06-25 11:19:01 | DEBUG | P07 |   R-squared: 0.9372
2026-06-25 11:19:01 | DEBUG | P07 |   RMSE:      431.675  (in units of CO2 emissions)
2026-06-25 11:19:01 | DEBUG | P07 |   residual min:  -656.543
2026-06-25 11:19:01 | DEBUG | P07 |   residual max:  997.158
2026-06-25 11:19:01 | DEBUG | P07 |   residual mean: -1.51582e-13
2026-06-25 11:19:01 | INFO | P07 | 
Linear Regression Fit Numbers (requires interpretation):
             R-squared is near 1, indicating the line accounts for most of the variation in y.
             Residual plot shows clustering of residuals, indicating a straight line is not the right description.

2026-06-25 11:19:01 | INFO | P07 | ---- Creating Scatter Plot with Fitted Line ----------
2026-06-25 11:19:01 | INFO | P07 | ----   Set x to GDP -----------------------
2026-06-25 11:19:01 | INFO | P07 | ----   Set y to CO2 emissions -------------------------
2026-06-25 11:19:01 | INFO | P07 | ------ Creating Residual Plot --------------------------
2026-06-25 11:19:01 | INFO | P07 | ------   Set x to GDP ----------------------
2026-06-25 11:19:01 | INFO | P07 | ------   Set y to the residual (actual - fitted) -------
2026-06-25 11:19:02 | INFO | P07 | ========================
2026-06-25 11:19:02 | INFO | P07 | SUMMARY
2026-06-25 11:19:02 | INFO | P07 | ========================
2026-06-25 11:19:02 | INFO | P07 | Dataset: owid-co2-data-subset
2026-06-25 11:19:02 | INFO | P07 | Feature (x): gdp
2026-06-25 11:19:02 | INFO | P07 | Target  (y): co2
2026-06-25 11:19:02 | INFO | P07 | Original rows: 10
2026-06-25 11:19:02 | INFO | P07 | Model rows:    9
2026-06-25 11:19:02 | INFO | P07 | Fitted line:
2026-06-25 11:19:02 | INFO | P07 |   co2 = 5.46305e-10 * gdp + -375.495
2026-06-25 11:19:02 | INFO | P07 | ======================
2026-06-25 11:19:02 | INFO | P07 | Review the fit numbers (R-squared, RMSE). 
2026-06-25 11:19:02 | INFO | P07 | Look at the fitted-line plot and the residual plot. 
2026-06-25 11:19:02 | INFO | P07 | Decide if a `straight line` is a fair description. 
2026-06-25 11:19:02 | INFO | P07 | If the residuals DO show a pattern (e.g. curve, funnel, clusters),
2026-06-25 11:19:02 | INFO | P07 | then a straight line is NOT a good description. 
2026-06-25 11:19:02 | INFO | P07 | If the residuals DO NOT show a pattern,
2026-06-25 11:19:02 | INFO | P07 | then a straight line MIGHT be a good description. 
2026-06-25 11:19:02 | INFO | P07 | Either way, the findings may be valuable.
2026-06-25 11:19:02 | INFO | P07 | ======================
2026-06-25 11:19:02 | INFO | P07 | Repeat with a different feature, or a transformed feature, 
2026-06-25 11:19:02 | INFO | P07 | to investigate other options.
2026-06-25 11:19:02 | INFO | P07 | ======================
2026-06-25 11:19:02 | INFO | P07 | Include instructions and specifics in your README.md file.
2026-06-25 11:19:02 | INFO | P07 | Write up your narrative on your docs/index.md file.
2026-06-25 11:19:02 | INFO | P07 | Include your next step suggestions for further analysis or modeling.
2026-06-25 11:19:02 | INFO | P07 | ======================
2026-06-25 11:19:02 | INFO | P07 | --- Processing Year: 1998 ---
2026-06-25 11:19:02 | INFO | P07 | Creating modeling view (dropping rows missing feature or target)
2026-06-25 11:19:02 | DEBUG | P07 | Columns required to be non-missing: ['gdp', 'co2']
2026-06-25 11:19:02 | INFO | P07 | Original rows: 10
2026-06-25 11:19:02 | INFO | P07 | Model rows:    9
2026-06-25 11:19:02 | INFO | P07 | Rows dropped:  1
2026-06-25 11:19:02 | INFO | P07 | Building feature matrix X and target vector y
2026-06-25 11:19:02 | DEBUG | P07 | X shape: (9, 1)  (rows, features)
2026-06-25 11:19:02 | DEBUG | P07 | y shape: (9,)  (rows,)
2026-06-25 11:19:02 | INFO | P07 | Fitting a linear regression (scikit-learn)
2026-06-25 11:19:02 | DEBUG | P07 |   slope:     5.25802e-10
2026-06-25 11:19:02 | DEBUG | P07 |   intercept: -364.925
2026-06-25 11:19:02 | INFO | P07 | Fitted line:
2026-06-25 11:19:02 | INFO | P07 |   co2 = 5.25802e-10 * gdp + -364.925
2026-06-25 11:19:02 | DEBUG | P07 |   numpy check -> slope 5.25802e-10, intercept -364.925
2026-06-25 11:19:02 | INFO | P07 | Computing fitted values for every observed row
2026-06-25 11:19:02 | INFO | P07 | Predicting CO2 emissions for one example GDP value
2026-06-25 11:19:02 | DEBUG | P07 |   example gdp: 1e+12
2026-06-25 11:19:02 | DEBUG | P07 |   predicted co2: 160.877
2026-06-25 11:19:02 | INFO | P07 | Computing residuals (actual - fitted)
2026-06-25 11:19:02 | INFO | P07 | Fit numbers (requires interpretation):
2026-06-25 11:19:02 | DEBUG | P07 |   R-squared: 0.9464
2026-06-25 11:19:02 | DEBUG | P07 |   RMSE:      397.737  (in units of CO2 emissions)
2026-06-25 11:19:02 | DEBUG | P07 |   residual min:  -595.442
2026-06-25 11:19:02 | DEBUG | P07 |   residual max:  913.16
2026-06-25 11:19:02 | DEBUG | P07 |   residual mean: 8.84231e-14
2026-06-25 11:19:02 | INFO | P07 | 
Linear Regression Fit Numbers (requires interpretation):
             R-squared is near 1, indicating the line accounts for most of the variation in y.
             Residual plot shows clustering of residuals, indicating a straight line is not the right description.

2026-06-25 11:19:02 | INFO | P07 | ---- Creating Scatter Plot with Fitted Line ----------
2026-06-25 11:19:02 | INFO | P07 | ----   Set x to GDP -----------------------
2026-06-25 11:19:02 | INFO | P07 | ----   Set y to CO2 emissions -------------------------
2026-06-25 11:19:02 | INFO | P07 | ------ Creating Residual Plot --------------------------
2026-06-25 11:19:02 | INFO | P07 | ------   Set x to GDP ----------------------
2026-06-25 11:19:02 | INFO | P07 | ------   Set y to the residual (actual - fitted) -------
2026-06-25 11:19:03 | INFO | P07 | ========================
2026-06-25 11:19:03 | INFO | P07 | SUMMARY
2026-06-25 11:19:03 | INFO | P07 | ========================
2026-06-25 11:19:03 | INFO | P07 | Dataset: owid-co2-data-subset
2026-06-25 11:19:03 | INFO | P07 | Feature (x): gdp
2026-06-25 11:19:03 | INFO | P07 | Target  (y): co2
2026-06-25 11:19:03 | INFO | P07 | Original rows: 10
2026-06-25 11:19:03 | INFO | P07 | Model rows:    9
2026-06-25 11:19:03 | INFO | P07 | Fitted line:
2026-06-25 11:19:03 | INFO | P07 |   co2 = 5.25802e-10 * gdp + -364.925
2026-06-25 11:19:03 | INFO | P07 | ======================
2026-06-25 11:19:03 | INFO | P07 | Review the fit numbers (R-squared, RMSE). 
2026-06-25 11:19:03 | INFO | P07 | Look at the fitted-line plot and the residual plot. 
2026-06-25 11:19:03 | INFO | P07 | Decide if a `straight line` is a fair description. 
2026-06-25 11:19:03 | INFO | P07 | If the residuals DO show a pattern (e.g. curve, funnel, clusters),
2026-06-25 11:19:03 | INFO | P07 | then a straight line is NOT a good description. 
2026-06-25 11:19:03 | INFO | P07 | If the residuals DO NOT show a pattern,
2026-06-25 11:19:03 | INFO | P07 | then a straight line MIGHT be a good description. 
2026-06-25 11:19:03 | INFO | P07 | Either way, the findings may be valuable.
2026-06-25 11:19:03 | INFO | P07 | ======================
2026-06-25 11:19:03 | INFO | P07 | Repeat with a different feature, or a transformed feature, 
2026-06-25 11:19:03 | INFO | P07 | to investigate other options.
2026-06-25 11:19:03 | INFO | P07 | ======================
2026-06-25 11:19:03 | INFO | P07 | Include instructions and specifics in your README.md file.
2026-06-25 11:19:03 | INFO | P07 | Write up your narrative on your docs/index.md file.
2026-06-25 11:19:03 | INFO | P07 | Include your next step suggestions for further analysis or modeling.
2026-06-25 11:19:03 | INFO | P07 | ======================
2026-06-25 11:19:03 | INFO | P07 | --- Processing Year: 1999 ---
2026-06-25 11:19:03 | INFO | P07 | Creating modeling view (dropping rows missing feature or target)
2026-06-25 11:19:03 | DEBUG | P07 | Columns required to be non-missing: ['gdp', 'co2']
2026-06-25 11:19:03 | INFO | P07 | Original rows: 10
2026-06-25 11:19:03 | INFO | P07 | Model rows:    9
2026-06-25 11:19:03 | INFO | P07 | Rows dropped:  1
2026-06-25 11:19:03 | INFO | P07 | Building feature matrix X and target vector y
2026-06-25 11:19:03 | DEBUG | P07 | X shape: (9, 1)  (rows, features)
2026-06-25 11:19:03 | DEBUG | P07 | y shape: (9,)  (rows,)
2026-06-25 11:19:03 | INFO | P07 | Fitting a linear regression (scikit-learn)
2026-06-25 11:19:03 | DEBUG | P07 |   slope:     5.11191e-10
2026-06-25 11:19:03 | DEBUG | P07 |   intercept: -339.675
2026-06-25 11:19:03 | INFO | P07 | Fitted line:
2026-06-25 11:19:03 | INFO | P07 |   co2 = 5.11191e-10 * gdp + -339.675
2026-06-25 11:19:03 | DEBUG | P07 |   numpy check -> slope 5.11191e-10, intercept -339.675
2026-06-25 11:19:03 | INFO | P07 | Computing fitted values for every observed row
2026-06-25 11:19:03 | INFO | P07 | Predicting CO2 emissions for one example GDP value
2026-06-25 11:19:03 | DEBUG | P07 |   example gdp: 1e+12
2026-06-25 11:19:03 | DEBUG | P07 |   predicted co2: 171.516
2026-06-25 11:19:03 | INFO | P07 | Computing residuals (actual - fitted)
2026-06-25 11:19:03 | INFO | P07 | Fit numbers (requires interpretation):
2026-06-25 11:19:03 | DEBUG | P07 |   R-squared: 0.9418
2026-06-25 11:19:03 | DEBUG | P07 |   RMSE:      423.106  (in units of CO2 emissions)
2026-06-25 11:19:03 | DEBUG | P07 |   residual min:  -517.208
2026-06-25 11:19:03 | DEBUG | P07 |   residual max:  1037.95
2026-06-25 11:19:03 | DEBUG | P07 |   residual mean: -2.0211e-13
2026-06-25 11:19:03 | INFO | P07 | 
Linear Regression Fit Numbers (requires interpretation):
             R-squared is near 1, indicating the line accounts for most of the variation in y.
             Residual plot shows clustering of residuals, indicating a straight line is not the right description.

2026-06-25 11:19:03 | INFO | P07 | ---- Creating Scatter Plot with Fitted Line ----------
2026-06-25 11:19:03 | INFO | P07 | ----   Set x to GDP -----------------------
2026-06-25 11:19:03 | INFO | P07 | ----   Set y to CO2 emissions -------------------------
2026-06-25 11:19:04 | INFO | P07 | ------ Creating Residual Plot --------------------------
2026-06-25 11:19:04 | INFO | P07 | ------   Set x to GDP ----------------------
2026-06-25 11:19:04 | INFO | P07 | ------   Set y to the residual (actual - fitted) -------
2026-06-25 11:19:04 | INFO | P07 | ========================
2026-06-25 11:19:04 | INFO | P07 | SUMMARY
2026-06-25 11:19:04 | INFO | P07 | ========================
2026-06-25 11:19:04 | INFO | P07 | Dataset: owid-co2-data-subset
2026-06-25 11:19:04 | INFO | P07 | Feature (x): gdp
2026-06-25 11:19:04 | INFO | P07 | Target  (y): co2
2026-06-25 11:19:04 | INFO | P07 | Original rows: 10
2026-06-25 11:19:04 | INFO | P07 | Model rows:    9
2026-06-25 11:19:04 | INFO | P07 | Fitted line:
2026-06-25 11:19:04 | INFO | P07 |   co2 = 5.11191e-10 * gdp + -339.675
2026-06-25 11:19:04 | INFO | P07 | ======================
2026-06-25 11:19:04 | INFO | P07 | Review the fit numbers (R-squared, RMSE). 
2026-06-25 11:19:04 | INFO | P07 | Look at the fitted-line plot and the residual plot. 
2026-06-25 11:19:04 | INFO | P07 | Decide if a `straight line` is a fair description. 
2026-06-25 11:19:04 | INFO | P07 | If the residuals DO show a pattern (e.g. curve, funnel, clusters),
2026-06-25 11:19:04 | INFO | P07 | then a straight line is NOT a good description. 
2026-06-25 11:19:04 | INFO | P07 | If the residuals DO NOT show a pattern,
2026-06-25 11:19:04 | INFO | P07 | then a straight line MIGHT be a good description. 
2026-06-25 11:19:04 | INFO | P07 | Either way, the findings may be valuable.
2026-06-25 11:19:04 | INFO | P07 | ======================
2026-06-25 11:19:04 | INFO | P07 | Repeat with a different feature, or a transformed feature, 
2026-06-25 11:19:04 | INFO | P07 | to investigate other options.
2026-06-25 11:19:04 | INFO | P07 | ======================
2026-06-25 11:19:04 | INFO | P07 | Include instructions and specifics in your README.md file.
2026-06-25 11:19:04 | INFO | P07 | Write up your narrative on your docs/index.md file.
2026-06-25 11:19:04 | INFO | P07 | Include your next step suggestions for further analysis or modeling.
2026-06-25 11:19:04 | INFO | P07 | ======================
2026-06-25 11:19:04 | INFO | P07 | --- Processing Year: 2000 ---
2026-06-25 11:19:04 | INFO | P07 | Creating modeling view (dropping rows missing feature or target)
2026-06-25 11:19:04 | DEBUG | P07 | Columns required to be non-missing: ['gdp', 'co2']
2026-06-25 11:19:04 | INFO | P07 | Original rows: 10
2026-06-25 11:19:04 | INFO | P07 | Model rows:    10
2026-06-25 11:19:04 | INFO | P07 | Rows dropped:  0
2026-06-25 11:19:04 | INFO | P07 | Building feature matrix X and target vector y
2026-06-25 11:19:04 | DEBUG | P07 | X shape: (10, 1)  (rows, features)
2026-06-25 11:19:04 | DEBUG | P07 | y shape: (10,)  (rows,)
2026-06-25 11:19:04 | INFO | P07 | Fitting a linear regression (scikit-learn)
2026-06-25 11:19:04 | DEBUG | P07 |   slope:     4.29824e-10
2026-06-25 11:19:04 | DEBUG | P07 |   intercept: -76.6742
2026-06-25 11:19:04 | INFO | P07 | Fitted line:
2026-06-25 11:19:04 | INFO | P07 |   co2 = 4.29824e-10 * gdp + -76.6742
2026-06-25 11:19:04 | DEBUG | P07 |   numpy check -> slope 4.29824e-10, intercept -76.6742
2026-06-25 11:19:04 | INFO | P07 | Computing fitted values for every observed row
2026-06-25 11:19:04 | INFO | P07 | Predicting CO2 emissions for one example GDP value
2026-06-25 11:19:04 | DEBUG | P07 |   example gdp: 1e+12
2026-06-25 11:19:04 | DEBUG | P07 |   predicted co2: 353.15
2026-06-25 11:19:04 | INFO | P07 | Computing residuals (actual - fitted)
2026-06-25 11:19:04 | INFO | P07 | Fit numbers (requires interpretation):
2026-06-25 11:19:04 | DEBUG | P07 |   R-squared: 0.9958
2026-06-25 11:19:04 | DEBUG | P07 |   RMSE:      474.728  (in units of CO2 emissions)
2026-06-25 11:19:04 | DEBUG | P07 |   residual min:  -472.534
2026-06-25 11:19:04 | DEBUG | P07 |   residual max:  1161.88
2026-06-25 11:19:04 | DEBUG | P07 |   residual mean: 3.18323e-13
2026-06-25 11:19:04 | INFO | P07 | 
Linear Regression Fit Numbers (requires interpretation):
             R-squared is near 1, indicating the line accounts for most of the variation in y.
             Residual plot shows clustering of residuals, indicating a straight line is not the right description.

2026-06-25 11:19:04 | INFO | P07 | ---- Creating Scatter Plot with Fitted Line ----------
2026-06-25 11:19:04 | INFO | P07 | ----   Set x to GDP -----------------------
2026-06-25 11:19:04 | INFO | P07 | ----   Set y to CO2 emissions -------------------------
2026-06-25 11:19:05 | INFO | P07 | ------ Creating Residual Plot --------------------------
2026-06-25 11:19:05 | INFO | P07 | ------   Set x to GDP ----------------------
2026-06-25 11:19:05 | INFO | P07 | ------   Set y to the residual (actual - fitted) -------
2026-06-25 11:19:05 | INFO | P07 | ========================
2026-06-25 11:19:05 | INFO | P07 | SUMMARY
2026-06-25 11:19:05 | INFO | P07 | ========================
2026-06-25 11:19:05 | INFO | P07 | Dataset: owid-co2-data-subset
2026-06-25 11:19:05 | INFO | P07 | Feature (x): gdp
2026-06-25 11:19:05 | INFO | P07 | Target  (y): co2
2026-06-25 11:19:05 | INFO | P07 | Original rows: 10
2026-06-25 11:19:05 | INFO | P07 | Model rows:    10
2026-06-25 11:19:05 | INFO | P07 | Fitted line:
2026-06-25 11:19:05 | INFO | P07 |   co2 = 4.29824e-10 * gdp + -76.6742
2026-06-25 11:19:05 | INFO | P07 | ======================
2026-06-25 11:19:05 | INFO | P07 | Review the fit numbers (R-squared, RMSE). 
2026-06-25 11:19:05 | INFO | P07 | Look at the fitted-line plot and the residual plot. 
2026-06-25 11:19:05 | INFO | P07 | Decide if a `straight line` is a fair description. 
2026-06-25 11:19:05 | INFO | P07 | If the residuals DO show a pattern (e.g. curve, funnel, clusters),
2026-06-25 11:19:05 | INFO | P07 | then a straight line is NOT a good description. 
2026-06-25 11:19:05 | INFO | P07 | If the residuals DO NOT show a pattern,
2026-06-25 11:19:05 | INFO | P07 | then a straight line MIGHT be a good description. 
2026-06-25 11:19:05 | INFO | P07 | Either way, the findings may be valuable.
2026-06-25 11:19:05 | INFO | P07 | ======================
2026-06-25 11:19:05 | INFO | P07 | Repeat with a different feature, or a transformed feature, 
2026-06-25 11:19:05 | INFO | P07 | to investigate other options.
2026-06-25 11:19:05 | INFO | P07 | ======================
2026-06-25 11:19:05 | INFO | P07 | Include instructions and specifics in your README.md file.
2026-06-25 11:19:05 | INFO | P07 | Write up your narrative on your docs/index.md file.
2026-06-25 11:19:05 | INFO | P07 | Include your next step suggestions for further analysis or modeling.
2026-06-25 11:19:05 | INFO | P07 | ======================
2026-06-25 11:19:05 | INFO | P07 | --- Processing Year: 2001 ---
2026-06-25 11:19:05 | INFO | P07 | Creating modeling view (dropping rows missing feature or target)
2026-06-25 11:19:05 | DEBUG | P07 | Columns required to be non-missing: ['gdp', 'co2']
2026-06-25 11:19:05 | INFO | P07 | Original rows: 10
2026-06-25 11:19:05 | INFO | P07 | Model rows:    9
2026-06-25 11:19:05 | INFO | P07 | Rows dropped:  1
2026-06-25 11:19:05 | INFO | P07 | Building feature matrix X and target vector y
2026-06-25 11:19:05 | DEBUG | P07 | X shape: (9, 1)  (rows, features)
2026-06-25 11:19:05 | DEBUG | P07 | y shape: (9,)  (rows,)
2026-06-25 11:19:05 | INFO | P07 | Fitting a linear regression (scikit-learn)
2026-06-25 11:19:05 | DEBUG | P07 |   slope:     4.98659e-10
2026-06-25 11:19:05 | DEBUG | P07 |   intercept: -381.05
2026-06-25 11:19:05 | INFO | P07 | Fitted line:
2026-06-25 11:19:05 | INFO | P07 |   co2 = 4.98659e-10 * gdp + -381.05
2026-06-25 11:19:05 | DEBUG | P07 |   numpy check -> slope 4.98659e-10, intercept -381.05
2026-06-25 11:19:05 | INFO | P07 | Computing fitted values for every observed row
2026-06-25 11:19:05 | INFO | P07 | Predicting CO2 emissions for one example GDP value
2026-06-25 11:19:05 | DEBUG | P07 |   example gdp: 1e+12
2026-06-25 11:19:05 | DEBUG | P07 |   predicted co2: 117.609
2026-06-25 11:19:05 | INFO | P07 | Computing residuals (actual - fitted)
2026-06-25 11:19:05 | INFO | P07 | Fit numbers (requires interpretation):
2026-06-25 11:19:05 | DEBUG | P07 |   R-squared: 0.9513
2026-06-25 11:19:05 | DEBUG | P07 |   RMSE:      396.899  (in units of CO2 emissions)
2026-06-25 11:19:05 | DEBUG | P07 |   residual min:  -479.433
2026-06-25 11:19:05 | DEBUG | P07 |   residual max:  948.782
2026-06-25 11:19:05 | DEBUG | P07 |   residual mean: 2.27374e-13
2026-06-25 11:19:05 | INFO | P07 | 
Linear Regression Fit Numbers (requires interpretation):
             R-squared is near 1, indicating the line accounts for most of the variation in y.
             Residual plot shows clustering of residuals, indicating a straight line is not the right description.

2026-06-25 11:19:05 | INFO | P07 | ---- Creating Scatter Plot with Fitted Line ----------
2026-06-25 11:19:05 | INFO | P07 | ----   Set x to GDP -----------------------
2026-06-25 11:19:05 | INFO | P07 | ----   Set y to CO2 emissions -------------------------
2026-06-25 11:19:06 | INFO | P07 | ------ Creating Residual Plot --------------------------
2026-06-25 11:19:06 | INFO | P07 | ------   Set x to GDP ----------------------
2026-06-25 11:19:06 | INFO | P07 | ------   Set y to the residual (actual - fitted) -------
2026-06-25 11:19:07 | INFO | P07 | ========================
2026-06-25 11:19:07 | INFO | P07 | SUMMARY
2026-06-25 11:19:07 | INFO | P07 | ========================
2026-06-25 11:19:07 | INFO | P07 | Dataset: owid-co2-data-subset
2026-06-25 11:19:07 | INFO | P07 | Feature (x): gdp
2026-06-25 11:19:07 | INFO | P07 | Target  (y): co2
2026-06-25 11:19:07 | INFO | P07 | Original rows: 10
2026-06-25 11:19:07 | INFO | P07 | Model rows:    9
2026-06-25 11:19:07 | INFO | P07 | Fitted line:
2026-06-25 11:19:07 | INFO | P07 |   co2 = 4.98659e-10 * gdp + -381.05
2026-06-25 11:19:07 | INFO | P07 | ======================
2026-06-25 11:19:07 | INFO | P07 | Review the fit numbers (R-squared, RMSE). 
2026-06-25 11:19:07 | INFO | P07 | Look at the fitted-line plot and the residual plot. 
2026-06-25 11:19:07 | INFO | P07 | Decide if a `straight line` is a fair description. 
2026-06-25 11:19:07 | INFO | P07 | If the residuals DO show a pattern (e.g. curve, funnel, clusters),
2026-06-25 11:19:07 | INFO | P07 | then a straight line is NOT a good description. 
2026-06-25 11:19:07 | INFO | P07 | If the residuals DO NOT show a pattern,
2026-06-25 11:19:07 | INFO | P07 | then a straight line MIGHT be a good description. 
2026-06-25 11:19:07 | INFO | P07 | Either way, the findings may be valuable.
2026-06-25 11:19:07 | INFO | P07 | ======================
2026-06-25 11:19:07 | INFO | P07 | Repeat with a different feature, or a transformed feature, 
2026-06-25 11:19:07 | INFO | P07 | to investigate other options.
2026-06-25 11:19:07 | INFO | P07 | ======================
2026-06-25 11:19:07 | INFO | P07 | Include instructions and specifics in your README.md file.
2026-06-25 11:19:07 | INFO | P07 | Write up your narrative on your docs/index.md file.
2026-06-25 11:19:07 | INFO | P07 | Include your next step suggestions for further analysis or modeling.
2026-06-25 11:19:07 | INFO | P07 | ======================
2026-06-25 11:19:07 | INFO | P07 | --- Processing Year: 2002 ---
2026-06-25 11:19:07 | INFO | P07 | Creating modeling view (dropping rows missing feature or target)
2026-06-25 11:19:07 | DEBUG | P07 | Columns required to be non-missing: ['gdp', 'co2']
2026-06-25 11:19:07 | INFO | P07 | Original rows: 10
2026-06-25 11:19:07 | INFO | P07 | Model rows:    9
2026-06-25 11:19:07 | INFO | P07 | Rows dropped:  1
2026-06-25 11:19:07 | INFO | P07 | Building feature matrix X and target vector y
2026-06-25 11:19:07 | DEBUG | P07 | X shape: (9, 1)  (rows, features)
2026-06-25 11:19:07 | DEBUG | P07 | y shape: (9,)  (rows,)
2026-06-25 11:19:07 | INFO | P07 | Fitting a linear regression (scikit-learn)
2026-06-25 11:19:07 | DEBUG | P07 |   slope:     5.01953e-10
2026-06-25 11:19:07 | DEBUG | P07 |   intercept: -401.665
2026-06-25 11:19:07 | INFO | P07 | Fitted line:
2026-06-25 11:19:07 | INFO | P07 |   co2 = 5.01953e-10 * gdp + -401.665
2026-06-25 11:19:07 | DEBUG | P07 |   numpy check -> slope 5.01953e-10, intercept -401.665
2026-06-25 11:19:07 | INFO | P07 | Computing fitted values for every observed row
2026-06-25 11:19:07 | INFO | P07 | Predicting CO2 emissions for one example GDP value
2026-06-25 11:19:07 | DEBUG | P07 |   example gdp: 1e+12
2026-06-25 11:19:07 | DEBUG | P07 |   predicted co2: 100.287
2026-06-25 11:19:07 | INFO | P07 | Computing residuals (actual - fitted)
2026-06-25 11:19:07 | INFO | P07 | Fit numbers (requires interpretation):
2026-06-25 11:19:07 | DEBUG | P07 |   R-squared: 0.9447
2026-06-25 11:19:07 | DEBUG | P07 |   RMSE:      437.375  (in units of CO2 emissions)
2026-06-25 11:19:07 | DEBUG | P07 |   residual min:  -444.456
2026-06-25 11:19:07 | DEBUG | P07 |   residual max:  1079.29
2026-06-25 11:19:07 | DEBUG | P07 |   residual mean: 1.26319e-14
2026-06-25 11:19:07 | INFO | P07 | 
Linear Regression Fit Numbers (requires interpretation):
             R-squared is near 1, indicating the line accounts for most of the variation in y.
             Residual plot shows clustering of residuals, indicating a straight line is not the right description.

2026-06-25 11:19:07 | INFO | P07 | ---- Creating Scatter Plot with Fitted Line ----------
2026-06-25 11:19:07 | INFO | P07 | ----   Set x to GDP -----------------------
2026-06-25 11:19:07 | INFO | P07 | ----   Set y to CO2 emissions -------------------------
2026-06-25 11:19:07 | INFO | P07 | ------ Creating Residual Plot --------------------------
2026-06-25 11:19:07 | INFO | P07 | ------   Set x to GDP ----------------------
2026-06-25 11:19:07 | INFO | P07 | ------   Set y to the residual (actual - fitted) -------
2026-06-25 11:19:08 | INFO | P07 | ========================
2026-06-25 11:19:08 | INFO | P07 | SUMMARY
2026-06-25 11:19:08 | INFO | P07 | ========================
2026-06-25 11:19:08 | INFO | P07 | Dataset: owid-co2-data-subset
2026-06-25 11:19:08 | INFO | P07 | Feature (x): gdp
2026-06-25 11:19:08 | INFO | P07 | Target  (y): co2
2026-06-25 11:19:08 | INFO | P07 | Original rows: 10
2026-06-25 11:19:08 | INFO | P07 | Model rows:    9
2026-06-25 11:19:08 | INFO | P07 | Fitted line:
2026-06-25 11:19:08 | INFO | P07 |   co2 = 5.01953e-10 * gdp + -401.665
2026-06-25 11:19:08 | INFO | P07 | ======================
2026-06-25 11:19:08 | INFO | P07 | Review the fit numbers (R-squared, RMSE). 
2026-06-25 11:19:08 | INFO | P07 | Look at the fitted-line plot and the residual plot. 
2026-06-25 11:19:08 | INFO | P07 | Decide if a `straight line` is a fair description. 
2026-06-25 11:19:08 | INFO | P07 | If the residuals DO show a pattern (e.g. curve, funnel, clusters),
2026-06-25 11:19:08 | INFO | P07 | then a straight line is NOT a good description. 
2026-06-25 11:19:08 | INFO | P07 | If the residuals DO NOT show a pattern,
2026-06-25 11:19:08 | INFO | P07 | then a straight line MIGHT be a good description. 
2026-06-25 11:19:08 | INFO | P07 | Either way, the findings may be valuable.
2026-06-25 11:19:08 | INFO | P07 | ======================
2026-06-25 11:19:08 | INFO | P07 | Repeat with a different feature, or a transformed feature, 
2026-06-25 11:19:08 | INFO | P07 | to investigate other options.
2026-06-25 11:19:08 | INFO | P07 | ======================
2026-06-25 11:19:08 | INFO | P07 | Include instructions and specifics in your README.md file.
2026-06-25 11:19:08 | INFO | P07 | Write up your narrative on your docs/index.md file.
2026-06-25 11:19:08 | INFO | P07 | Include your next step suggestions for further analysis or modeling.
2026-06-25 11:19:08 | INFO | P07 | ======================
2026-06-25 11:19:08 | INFO | P07 | --- Processing Year: 2003 ---
2026-06-25 11:19:08 | INFO | P07 | Creating modeling view (dropping rows missing feature or target)
2026-06-25 11:19:08 | DEBUG | P07 | Columns required to be non-missing: ['gdp', 'co2']
2026-06-25 11:19:08 | INFO | P07 | Original rows: 10
2026-06-25 11:19:08 | INFO | P07 | Model rows:    9
2026-06-25 11:19:08 | INFO | P07 | Rows dropped:  1
2026-06-25 11:19:08 | INFO | P07 | Building feature matrix X and target vector y
2026-06-25 11:19:08 | DEBUG | P07 | X shape: (9, 1)  (rows, features)
2026-06-25 11:19:08 | DEBUG | P07 | y shape: (9,)  (rows,)
2026-06-25 11:19:08 | INFO | P07 | Fitting a linear regression (scikit-learn)
2026-06-25 11:19:08 | DEBUG | P07 |   slope:     5.08497e-10
2026-06-25 11:19:08 | DEBUG | P07 |   intercept: -403.907
2026-06-25 11:19:08 | INFO | P07 | Fitted line:
2026-06-25 11:19:08 | INFO | P07 |   co2 = 5.08497e-10 * gdp + -403.907
2026-06-25 11:19:08 | DEBUG | P07 |   numpy check -> slope 5.08497e-10, intercept -403.907
2026-06-25 11:19:08 | INFO | P07 | Computing fitted values for every observed row
2026-06-25 11:19:08 | INFO | P07 | Predicting CO2 emissions for one example GDP value
2026-06-25 11:19:08 | DEBUG | P07 |   example gdp: 1e+12
2026-06-25 11:19:08 | DEBUG | P07 |   predicted co2: 104.59
2026-06-25 11:19:08 | INFO | P07 | Computing residuals (actual - fitted)
2026-06-25 11:19:08 | INFO | P07 | Fit numbers (requires interpretation):
2026-06-25 11:19:08 | DEBUG | P07 |   R-squared: 0.9083
2026-06-25 11:19:08 | DEBUG | P07 |   RMSE:      602.056  (in units of CO2 emissions)
2026-06-25 11:19:08 | DEBUG | P07 |   residual min:  -546.359
2026-06-25 11:19:08 | DEBUG | P07 |   residual max:  1553.25
2026-06-25 11:19:08 | DEBUG | P07 |   residual mean: -2.40006e-13
2026-06-25 11:19:08 | INFO | P07 | 
Linear Regression Fit Numbers (requires interpretation):
             R-squared is near 1, indicating the line accounts for most of the variation in y.
             Residual plot shows clustering of residuals, indicating a straight line is not the right description.

2026-06-25 11:19:08 | INFO | P07 | ---- Creating Scatter Plot with Fitted Line ----------
2026-06-25 11:19:08 | INFO | P07 | ----   Set x to GDP -----------------------
2026-06-25 11:19:08 | INFO | P07 | ----   Set y to CO2 emissions -------------------------
2026-06-25 11:19:09 | INFO | P07 | ------ Creating Residual Plot --------------------------
2026-06-25 11:19:09 | INFO | P07 | ------   Set x to GDP ----------------------
2026-06-25 11:19:09 | INFO | P07 | ------   Set y to the residual (actual - fitted) -------
2026-06-25 11:19:09 | INFO | P07 | ========================
2026-06-25 11:19:09 | INFO | P07 | SUMMARY
2026-06-25 11:19:09 | INFO | P07 | ========================
2026-06-25 11:19:09 | INFO | P07 | Dataset: owid-co2-data-subset
2026-06-25 11:19:09 | INFO | P07 | Feature (x): gdp
2026-06-25 11:19:09 | INFO | P07 | Target  (y): co2
2026-06-25 11:19:09 | INFO | P07 | Original rows: 10
2026-06-25 11:19:09 | INFO | P07 | Model rows:    9
2026-06-25 11:19:09 | INFO | P07 | Fitted line:
2026-06-25 11:19:09 | INFO | P07 |   co2 = 5.08497e-10 * gdp + -403.907
2026-06-25 11:19:09 | INFO | P07 | ======================
2026-06-25 11:19:09 | INFO | P07 | Review the fit numbers (R-squared, RMSE). 
2026-06-25 11:19:09 | INFO | P07 | Look at the fitted-line plot and the residual plot. 
2026-06-25 11:19:09 | INFO | P07 | Decide if a `straight line` is a fair description. 
2026-06-25 11:19:09 | INFO | P07 | If the residuals DO show a pattern (e.g. curve, funnel, clusters),
2026-06-25 11:19:09 | INFO | P07 | then a straight line is NOT a good description. 
2026-06-25 11:19:09 | INFO | P07 | If the residuals DO NOT show a pattern,
2026-06-25 11:19:09 | INFO | P07 | then a straight line MIGHT be a good description. 
2026-06-25 11:19:09 | INFO | P07 | Either way, the findings may be valuable.
2026-06-25 11:19:09 | INFO | P07 | ======================
2026-06-25 11:19:09 | INFO | P07 | Repeat with a different feature, or a transformed feature, 
2026-06-25 11:19:09 | INFO | P07 | to investigate other options.
2026-06-25 11:19:09 | INFO | P07 | ======================
2026-06-25 11:19:09 | INFO | P07 | Include instructions and specifics in your README.md file.
2026-06-25 11:19:09 | INFO | P07 | Write up your narrative on your docs/index.md file.
2026-06-25 11:19:09 | INFO | P07 | Include your next step suggestions for further analysis or modeling.
2026-06-25 11:19:09 | INFO | P07 | ======================
2026-06-25 11:19:09 | INFO | P07 | --- Processing Year: 2004 ---
2026-06-25 11:19:09 | INFO | P07 | Creating modeling view (dropping rows missing feature or target)
2026-06-25 11:19:09 | DEBUG | P07 | Columns required to be non-missing: ['gdp', 'co2']
2026-06-25 11:19:09 | INFO | P07 | Original rows: 10
2026-06-25 11:19:09 | INFO | P07 | Model rows:    9
2026-06-25 11:19:09 | INFO | P07 | Rows dropped:  1
2026-06-25 11:19:09 | INFO | P07 | Building feature matrix X and target vector y
2026-06-25 11:19:09 | DEBUG | P07 | X shape: (9, 1)  (rows, features)
2026-06-25 11:19:09 | DEBUG | P07 | y shape: (9,)  (rows,)
2026-06-25 11:19:09 | INFO | P07 | Fitting a linear regression (scikit-learn)
2026-06-25 11:19:09 | DEBUG | P07 |   slope:     5.06281e-10
2026-06-25 11:19:09 | DEBUG | P07 |   intercept: -435.117
2026-06-25 11:19:09 | INFO | P07 | Fitted line:
2026-06-25 11:19:09 | INFO | P07 |   co2 = 5.06281e-10 * gdp + -435.117
2026-06-25 11:19:09 | DEBUG | P07 |   numpy check -> slope 5.06281e-10, intercept -435.117
2026-06-25 11:19:09 | INFO | P07 | Computing fitted values for every observed row
2026-06-25 11:19:09 | INFO | P07 | Predicting CO2 emissions for one example GDP value
2026-06-25 11:19:09 | DEBUG | P07 |   example gdp: 1e+12
2026-06-25 11:19:09 | DEBUG | P07 |   predicted co2: 71.1633
2026-06-25 11:19:09 | INFO | P07 | Computing residuals (actual - fitted)
2026-06-25 11:19:09 | INFO | P07 | Fit numbers (requires interpretation):
2026-06-25 11:19:09 | DEBUG | P07 |   R-squared: 0.9014
2026-06-25 11:19:09 | DEBUG | P07 |   RMSE:      651.596  (in units of CO2 emissions)
2026-06-25 11:19:09 | DEBUG | P07 |   residual min:  -641.973
2026-06-25 11:19:09 | DEBUG | P07 |   residual max:  1681.42
2026-06-25 11:19:09 | DEBUG | P07 |   residual mean: 1.76846e-13
2026-06-25 11:19:09 | INFO | P07 | 
Linear Regression Fit Numbers (requires interpretation):
             R-squared is near 1, indicating the line accounts for most of the variation in y.
             Residual plot shows clustering of residuals, indicating a straight line is not the right description.

2026-06-25 11:19:09 | INFO | P07 | ---- Creating Scatter Plot with Fitted Line ----------
2026-06-25 11:19:09 | INFO | P07 | ----   Set x to GDP -----------------------
2026-06-25 11:19:09 | INFO | P07 | ----   Set y to CO2 emissions -------------------------
2026-06-25 11:19:10 | INFO | P07 | ------ Creating Residual Plot --------------------------
2026-06-25 11:19:10 | INFO | P07 | ------   Set x to GDP ----------------------
2026-06-25 11:19:10 | INFO | P07 | ------   Set y to the residual (actual - fitted) -------
2026-06-25 11:19:10 | INFO | P07 | ========================
2026-06-25 11:19:10 | INFO | P07 | SUMMARY
2026-06-25 11:19:10 | INFO | P07 | ========================
2026-06-25 11:19:10 | INFO | P07 | Dataset: owid-co2-data-subset
2026-06-25 11:19:10 | INFO | P07 | Feature (x): gdp
2026-06-25 11:19:10 | INFO | P07 | Target  (y): co2
2026-06-25 11:19:10 | INFO | P07 | Original rows: 10
2026-06-25 11:19:10 | INFO | P07 | Model rows:    9
2026-06-25 11:19:10 | INFO | P07 | Fitted line:
2026-06-25 11:19:10 | INFO | P07 |   co2 = 5.06281e-10 * gdp + -435.117
2026-06-25 11:19:10 | INFO | P07 | ======================
2026-06-25 11:19:10 | INFO | P07 | Review the fit numbers (R-squared, RMSE). 
2026-06-25 11:19:10 | INFO | P07 | Look at the fitted-line plot and the residual plot. 
2026-06-25 11:19:10 | INFO | P07 | Decide if a `straight line` is a fair description. 
2026-06-25 11:19:10 | INFO | P07 | If the residuals DO show a pattern (e.g. curve, funnel, clusters),
2026-06-25 11:19:10 | INFO | P07 | then a straight line is NOT a good description. 
2026-06-25 11:19:10 | INFO | P07 | If the residuals DO NOT show a pattern,
2026-06-25 11:19:10 | INFO | P07 | then a straight line MIGHT be a good description. 
2026-06-25 11:19:10 | INFO | P07 | Either way, the findings may be valuable.
2026-06-25 11:19:10 | INFO | P07 | ======================
2026-06-25 11:19:10 | INFO | P07 | Repeat with a different feature, or a transformed feature, 
2026-06-25 11:19:10 | INFO | P07 | to investigate other options.
2026-06-25 11:19:10 | INFO | P07 | ======================
2026-06-25 11:19:10 | INFO | P07 | Include instructions and specifics in your README.md file.
2026-06-25 11:19:10 | INFO | P07 | Write up your narrative on your docs/index.md file.
2026-06-25 11:19:10 | INFO | P07 | Include your next step suggestions for further analysis or modeling.
2026-06-25 11:19:10 | INFO | P07 | ======================
2026-06-25 11:19:10 | INFO | P07 | --- Processing Year: 2005 ---
2026-06-25 11:19:10 | INFO | P07 | Creating modeling view (dropping rows missing feature or target)
2026-06-25 11:19:10 | DEBUG | P07 | Columns required to be non-missing: ['gdp', 'co2']
2026-06-25 11:19:10 | INFO | P07 | Original rows: 10
2026-06-25 11:19:10 | INFO | P07 | Model rows:    9
2026-06-25 11:19:10 | INFO | P07 | Rows dropped:  1
2026-06-25 11:19:10 | INFO | P07 | Building feature matrix X and target vector y
2026-06-25 11:19:10 | DEBUG | P07 | X shape: (9, 1)  (rows, features)
2026-06-25 11:19:10 | DEBUG | P07 | y shape: (9,)  (rows,)
2026-06-25 11:19:10 | INFO | P07 | Fitting a linear regression (scikit-learn)
2026-06-25 11:19:10 | DEBUG | P07 |   slope:     5.07628e-10
2026-06-25 11:19:10 | DEBUG | P07 |   intercept: -463.887
2026-06-25 11:19:10 | INFO | P07 | Fitted line:
2026-06-25 11:19:10 | INFO | P07 |   co2 = 5.07628e-10 * gdp + -463.887
2026-06-25 11:19:10 | DEBUG | P07 |   numpy check -> slope 5.07628e-10, intercept -463.887
2026-06-25 11:19:11 | INFO | P07 | Computing fitted values for every observed row
2026-06-25 11:19:11 | INFO | P07 | Predicting CO2 emissions for one example GDP value
2026-06-25 11:19:11 | DEBUG | P07 |   example gdp: 1e+12
2026-06-25 11:19:11 | DEBUG | P07 |   predicted co2: 43.7402
2026-06-25 11:19:11 | INFO | P07 | Computing residuals (actual - fitted)
2026-06-25 11:19:11 | INFO | P07 | Fit numbers (requires interpretation):
2026-06-25 11:19:11 | DEBUG | P07 |   R-squared: 0.8796
2026-06-25 11:19:11 | DEBUG | P07 |   RMSE:      765.051  (in units of CO2 emissions)
2026-06-25 11:19:11 | DEBUG | P07 |   residual min:  -858.048
2026-06-25 11:19:11 | DEBUG | P07 |   residual max:  1978.79
2026-06-25 11:19:11 | DEBUG | P07 |   residual mean: -1.89478e-13
2026-06-25 11:19:11 | INFO | P07 | 
Linear Regression Fit Numbers (requires interpretation):
             R-squared is near 1, indicating the line accounts for most of the variation in y.
             Residual plot shows clustering of residuals, indicating a straight line is not the right description.

2026-06-25 11:19:11 | INFO | P07 | ---- Creating Scatter Plot with Fitted Line ----------
2026-06-25 11:19:11 | INFO | P07 | ----   Set x to GDP -----------------------
2026-06-25 11:19:11 | INFO | P07 | ----   Set y to CO2 emissions -------------------------
2026-06-25 11:19:11 | INFO | P07 | ------ Creating Residual Plot --------------------------
2026-06-25 11:19:11 | INFO | P07 | ------   Set x to GDP ----------------------
2026-06-25 11:19:11 | INFO | P07 | ------   Set y to the residual (actual - fitted) -------
2026-06-25 11:19:12 | INFO | P07 | ========================
2026-06-25 11:19:12 | INFO | P07 | SUMMARY
2026-06-25 11:19:12 | INFO | P07 | ========================
2026-06-25 11:19:12 | INFO | P07 | Dataset: owid-co2-data-subset
2026-06-25 11:19:12 | INFO | P07 | Feature (x): gdp
2026-06-25 11:19:12 | INFO | P07 | Target  (y): co2
2026-06-25 11:19:12 | INFO | P07 | Original rows: 10
2026-06-25 11:19:12 | INFO | P07 | Model rows:    9
2026-06-25 11:19:12 | INFO | P07 | Fitted line:
2026-06-25 11:19:12 | INFO | P07 |   co2 = 5.07628e-10 * gdp + -463.887
2026-06-25 11:19:12 | INFO | P07 | ======================
2026-06-25 11:19:12 | INFO | P07 | Review the fit numbers (R-squared, RMSE). 
2026-06-25 11:19:12 | INFO | P07 | Look at the fitted-line plot and the residual plot. 
2026-06-25 11:19:12 | INFO | P07 | Decide if a `straight line` is a fair description. 
2026-06-25 11:19:12 | INFO | P07 | If the residuals DO show a pattern (e.g. curve, funnel, clusters),
2026-06-25 11:19:12 | INFO | P07 | then a straight line is NOT a good description. 
2026-06-25 11:19:12 | INFO | P07 | If the residuals DO NOT show a pattern,
2026-06-25 11:19:12 | INFO | P07 | then a straight line MIGHT be a good description. 
2026-06-25 11:19:12 | INFO | P07 | Either way, the findings may be valuable.
2026-06-25 11:19:12 | INFO | P07 | ======================
2026-06-25 11:19:12 | INFO | P07 | Repeat with a different feature, or a transformed feature, 
2026-06-25 11:19:12 | INFO | P07 | to investigate other options.
2026-06-25 11:19:12 | INFO | P07 | ======================
2026-06-25 11:19:12 | INFO | P07 | Include instructions and specifics in your README.md file.
2026-06-25 11:19:12 | INFO | P07 | Write up your narrative on your docs/index.md file.
2026-06-25 11:19:12 | INFO | P07 | Include your next step suggestions for further analysis or modeling.
2026-06-25 11:19:12 | INFO | P07 | ======================
2026-06-25 11:19:12 | INFO | P07 | --- Processing Year: 2006 ---
2026-06-25 11:19:12 | INFO | P07 | Creating modeling view (dropping rows missing feature or target)
2026-06-25 11:19:12 | DEBUG | P07 | Columns required to be non-missing: ['gdp', 'co2']
2026-06-25 11:19:12 | INFO | P07 | Original rows: 10
2026-06-25 11:19:12 | INFO | P07 | Model rows:    9
2026-06-25 11:19:12 | INFO | P07 | Rows dropped:  1
2026-06-25 11:19:12 | INFO | P07 | Building feature matrix X and target vector y
2026-06-25 11:19:12 | DEBUG | P07 | X shape: (9, 1)  (rows, features)
2026-06-25 11:19:12 | DEBUG | P07 | y shape: (9,)  (rows,)
2026-06-25 11:19:12 | INFO | P07 | Fitting a linear regression (scikit-learn)
2026-06-25 11:19:12 | DEBUG | P07 |   slope:     5.05734e-10
2026-06-25 11:19:12 | DEBUG | P07 |   intercept: -503.522
2026-06-25 11:19:12 | INFO | P07 | Fitted line:
2026-06-25 11:19:12 | INFO | P07 |   co2 = 5.05734e-10 * gdp + -503.522
2026-06-25 11:19:12 | DEBUG | P07 |   numpy check -> slope 5.05734e-10, intercept -503.522
2026-06-25 11:19:12 | INFO | P07 | Computing fitted values for every observed row
2026-06-25 11:19:12 | INFO | P07 | Predicting CO2 emissions for one example GDP value
2026-06-25 11:19:12 | DEBUG | P07 |   example gdp: 1e+12
2026-06-25 11:19:12 | DEBUG | P07 |   predicted co2: 2.21246
2026-06-25 11:19:12 | INFO | P07 | Computing residuals (actual - fitted)
2026-06-25 11:19:12 | INFO | P07 | Fit numbers (requires interpretation):
2026-06-25 11:19:12 | DEBUG | P07 |   R-squared: 0.8629
2026-06-25 11:19:12 | DEBUG | P07 |   RMSE:      855.795  (in units of CO2 emissions)
2026-06-25 11:19:12 | DEBUG | P07 |   residual min:  -1070.12
2026-06-25 11:19:12 | DEBUG | P07 |   residual max:  2190.52
2026-06-25 11:19:12 | DEBUG | P07 |   residual mean: -2.52637e-13
2026-06-25 11:19:12 | INFO | P07 | 
Linear Regression Fit Numbers (requires interpretation):
             R-squared is near 1, indicating the line accounts for most of the variation in y.
             Residual plot shows clustering of residuals, indicating a straight line is not the right description.

2026-06-25 11:19:12 | INFO | P07 | ---- Creating Scatter Plot with Fitted Line ----------
2026-06-25 11:19:12 | INFO | P07 | ----   Set x to GDP -----------------------
2026-06-25 11:19:12 | INFO | P07 | ----   Set y to CO2 emissions -------------------------
2026-06-25 11:19:12 | INFO | P07 | ------ Creating Residual Plot --------------------------
2026-06-25 11:19:12 | INFO | P07 | ------   Set x to GDP ----------------------
2026-06-25 11:19:12 | INFO | P07 | ------   Set y to the residual (actual - fitted) -------
2026-06-25 11:19:13 | INFO | P07 | ========================
2026-06-25 11:19:13 | INFO | P07 | SUMMARY
2026-06-25 11:19:13 | INFO | P07 | ========================
2026-06-25 11:19:13 | INFO | P07 | Dataset: owid-co2-data-subset
2026-06-25 11:19:13 | INFO | P07 | Feature (x): gdp
2026-06-25 11:19:13 | INFO | P07 | Target  (y): co2
2026-06-25 11:19:13 | INFO | P07 | Original rows: 10
2026-06-25 11:19:13 | INFO | P07 | Model rows:    9
2026-06-25 11:19:13 | INFO | P07 | Fitted line:
2026-06-25 11:19:13 | INFO | P07 |   co2 = 5.05734e-10 * gdp + -503.522
2026-06-25 11:19:13 | INFO | P07 | ======================
2026-06-25 11:19:13 | INFO | P07 | Review the fit numbers (R-squared, RMSE). 
2026-06-25 11:19:13 | INFO | P07 | Look at the fitted-line plot and the residual plot. 
2026-06-25 11:19:13 | INFO | P07 | Decide if a `straight line` is a fair description. 
2026-06-25 11:19:13 | INFO | P07 | If the residuals DO show a pattern (e.g. curve, funnel, clusters),
2026-06-25 11:19:13 | INFO | P07 | then a straight line is NOT a good description. 
2026-06-25 11:19:13 | INFO | P07 | If the residuals DO NOT show a pattern,
2026-06-25 11:19:13 | INFO | P07 | then a straight line MIGHT be a good description. 
2026-06-25 11:19:13 | INFO | P07 | Either way, the findings may be valuable.
2026-06-25 11:19:13 | INFO | P07 | ======================
2026-06-25 11:19:13 | INFO | P07 | Repeat with a different feature, or a transformed feature, 
2026-06-25 11:19:13 | INFO | P07 | to investigate other options.
2026-06-25 11:19:13 | INFO | P07 | ======================
2026-06-25 11:19:13 | INFO | P07 | Include instructions and specifics in your README.md file.
2026-06-25 11:19:13 | INFO | P07 | Write up your narrative on your docs/index.md file.
2026-06-25 11:19:13 | INFO | P07 | Include your next step suggestions for further analysis or modeling.
2026-06-25 11:19:13 | INFO | P07 | ======================
2026-06-25 11:19:13 | INFO | P07 | --- Processing Year: 2007 ---
2026-06-25 11:19:13 | INFO | P07 | Creating modeling view (dropping rows missing feature or target)
2026-06-25 11:19:13 | DEBUG | P07 | Columns required to be non-missing: ['gdp', 'co2']
2026-06-25 11:19:13 | INFO | P07 | Original rows: 10
2026-06-25 11:19:13 | INFO | P07 | Model rows:    9
2026-06-25 11:19:13 | INFO | P07 | Rows dropped:  1
2026-06-25 11:19:13 | INFO | P07 | Building feature matrix X and target vector y
2026-06-25 11:19:13 | DEBUG | P07 | X shape: (9, 1)  (rows, features)
2026-06-25 11:19:13 | DEBUG | P07 | y shape: (9,)  (rows,)
2026-06-25 11:19:13 | INFO | P07 | Fitting a linear regression (scikit-learn)
2026-06-25 11:19:13 | DEBUG | P07 |   slope:     5.15458e-10
2026-06-25 11:19:13 | DEBUG | P07 |   intercept: -589.036
2026-06-25 11:19:13 | INFO | P07 | Fitted line:
2026-06-25 11:19:13 | INFO | P07 |   co2 = 5.15458e-10 * gdp + -589.036
2026-06-25 11:19:13 | DEBUG | P07 |   numpy check -> slope 5.15458e-10, intercept -589.036
2026-06-25 11:19:13 | INFO | P07 | Computing fitted values for every observed row
2026-06-25 11:19:13 | INFO | P07 | Predicting CO2 emissions for one example GDP value
2026-06-25 11:19:13 | DEBUG | P07 |   example gdp: 1e+12
2026-06-25 11:19:13 | DEBUG | P07 |   predicted co2: -73.5778
2026-06-25 11:19:13 | INFO | P07 | Computing residuals (actual - fitted)
2026-06-25 11:19:13 | INFO | P07 | Fit numbers (requires interpretation):
2026-06-25 11:19:13 | DEBUG | P07 |   R-squared: 0.8668
2026-06-25 11:19:13 | DEBUG | P07 |   RMSE:      886.471  (in units of CO2 emissions)
2026-06-25 11:19:13 | DEBUG | P07 |   residual min:  -1193.04
2026-06-25 11:19:13 | DEBUG | P07 |   residual max:  2224.48
2026-06-25 11:19:13 | DEBUG | P07 |   residual mean: -1.51582e-13
2026-06-25 11:19:13 | INFO | P07 | 
Linear Regression Fit Numbers (requires interpretation):
             R-squared is near 1, indicating the line accounts for most of the variation in y.
             Residual plot shows clustering of residuals, indicating a straight line is not the right description.

2026-06-25 11:19:13 | INFO | P07 | ---- Creating Scatter Plot with Fitted Line ----------
2026-06-25 11:19:13 | INFO | P07 | ----   Set x to GDP -----------------------
2026-06-25 11:19:13 | INFO | P07 | ----   Set y to CO2 emissions -------------------------
2026-06-25 11:19:14 | INFO | P07 | ------ Creating Residual Plot --------------------------
2026-06-25 11:19:14 | INFO | P07 | ------   Set x to GDP ----------------------
2026-06-25 11:19:14 | INFO | P07 | ------   Set y to the residual (actual - fitted) -------
2026-06-25 11:19:15 | INFO | P07 | ========================
2026-06-25 11:19:15 | INFO | P07 | SUMMARY
2026-06-25 11:19:15 | INFO | P07 | ========================
2026-06-25 11:19:15 | INFO | P07 | Dataset: owid-co2-data-subset
2026-06-25 11:19:15 | INFO | P07 | Feature (x): gdp
2026-06-25 11:19:15 | INFO | P07 | Target  (y): co2
2026-06-25 11:19:15 | INFO | P07 | Original rows: 10
2026-06-25 11:19:15 | INFO | P07 | Model rows:    9
2026-06-25 11:19:15 | INFO | P07 | Fitted line:
2026-06-25 11:19:15 | INFO | P07 |   co2 = 5.15458e-10 * gdp + -589.036
2026-06-25 11:19:15 | INFO | P07 | ======================
2026-06-25 11:19:15 | INFO | P07 | Review the fit numbers (R-squared, RMSE). 
2026-06-25 11:19:15 | INFO | P07 | Look at the fitted-line plot and the residual plot. 
2026-06-25 11:19:15 | INFO | P07 | Decide if a `straight line` is a fair description. 
2026-06-25 11:19:15 | INFO | P07 | If the residuals DO show a pattern (e.g. curve, funnel, clusters),
2026-06-25 11:19:15 | INFO | P07 | then a straight line is NOT a good description. 
2026-06-25 11:19:15 | INFO | P07 | If the residuals DO NOT show a pattern,
2026-06-25 11:19:15 | INFO | P07 | then a straight line MIGHT be a good description. 
2026-06-25 11:19:15 | INFO | P07 | Either way, the findings may be valuable.
2026-06-25 11:19:15 | INFO | P07 | ======================
2026-06-25 11:19:15 | INFO | P07 | Repeat with a different feature, or a transformed feature, 
2026-06-25 11:19:15 | INFO | P07 | to investigate other options.
2026-06-25 11:19:15 | INFO | P07 | ======================
2026-06-25 11:19:15 | INFO | P07 | Include instructions and specifics in your README.md file.
2026-06-25 11:19:15 | INFO | P07 | Write up your narrative on your docs/index.md file.
2026-06-25 11:19:15 | INFO | P07 | Include your next step suggestions for further analysis or modeling.
2026-06-25 11:19:15 | INFO | P07 | ======================
2026-06-25 11:19:15 | INFO | P07 | --- Processing Year: 2008 ---
2026-06-25 11:19:15 | INFO | P07 | Creating modeling view (dropping rows missing feature or target)
2026-06-25 11:19:15 | DEBUG | P07 | Columns required to be non-missing: ['gdp', 'co2']
2026-06-25 11:19:15 | INFO | P07 | Original rows: 10
2026-06-25 11:19:15 | INFO | P07 | Model rows:    9
2026-06-25 11:19:15 | INFO | P07 | Rows dropped:  1
2026-06-25 11:19:15 | INFO | P07 | Building feature matrix X and target vector y
2026-06-25 11:19:15 | DEBUG | P07 | X shape: (9, 1)  (rows, features)
2026-06-25 11:19:15 | DEBUG | P07 | y shape: (9,)  (rows,)
2026-06-25 11:19:15 | INFO | P07 | Fitting a linear regression (scikit-learn)
2026-06-25 11:19:15 | DEBUG | P07 |   slope:     5.21999e-10
2026-06-25 11:19:15 | DEBUG | P07 |   intercept: -633.182
2026-06-25 11:19:15 | INFO | P07 | Fitted line:
2026-06-25 11:19:15 | INFO | P07 |   co2 = 5.21999e-10 * gdp + -633.182
2026-06-25 11:19:15 | DEBUG | P07 |   numpy check -> slope 5.21999e-10, intercept -633.182
2026-06-25 11:19:15 | INFO | P07 | Computing fitted values for every observed row
2026-06-25 11:19:15 | INFO | P07 | Predicting CO2 emissions for one example GDP value
2026-06-25 11:19:15 | DEBUG | P07 |   example gdp: 1e+12
2026-06-25 11:19:15 | DEBUG | P07 |   predicted co2: -111.182
2026-06-25 11:19:15 | INFO | P07 | Computing residuals (actual - fitted)
2026-06-25 11:19:15 | INFO | P07 | Fit numbers (requires interpretation):
2026-06-25 11:19:15 | DEBUG | P07 |   R-squared: 0.8419
2026-06-25 11:19:15 | DEBUG | P07 |   RMSE:      999.547  (in units of CO2 emissions)
2026-06-25 11:19:15 | DEBUG | P07 |   residual min:  -1428.21
2026-06-25 11:19:15 | DEBUG | P07 |   residual max:  2488.44
2026-06-25 11:19:15 | DEBUG | P07 |   residual mean: 2.77901e-13
2026-06-25 11:19:15 | INFO | P07 | 
Linear Regression Fit Numbers (requires interpretation):
             R-squared is near 1, indicating the line accounts for most of the variation in y.
             Residual plot shows clustering of residuals, indicating a straight line is not the right description.

2026-06-25 11:19:15 | INFO | P07 | ---- Creating Scatter Plot with Fitted Line ----------
2026-06-25 11:19:15 | INFO | P07 | ----   Set x to GDP -----------------------
2026-06-25 11:19:15 | INFO | P07 | ----   Set y to CO2 emissions -------------------------
2026-06-25 11:19:17 | INFO | P07 | ------ Creating Residual Plot --------------------------
2026-06-25 11:19:17 | INFO | P07 | ------   Set x to GDP ----------------------
2026-06-25 11:19:17 | INFO | P07 | ------   Set y to the residual (actual - fitted) -------
2026-06-25 11:19:18 | INFO | P07 | ========================
2026-06-25 11:19:18 | INFO | P07 | SUMMARY
2026-06-25 11:19:18 | INFO | P07 | ========================
2026-06-25 11:19:18 | INFO | P07 | Dataset: owid-co2-data-subset
2026-06-25 11:19:18 | INFO | P07 | Feature (x): gdp
2026-06-25 11:19:18 | INFO | P07 | Target  (y): co2
2026-06-25 11:19:18 | INFO | P07 | Original rows: 10
2026-06-25 11:19:18 | INFO | P07 | Model rows:    9
2026-06-25 11:19:18 | INFO | P07 | Fitted line:
2026-06-25 11:19:18 | INFO | P07 |   co2 = 5.21999e-10 * gdp + -633.182
2026-06-25 11:19:18 | INFO | P07 | ======================
2026-06-25 11:19:18 | INFO | P07 | Review the fit numbers (R-squared, RMSE). 
2026-06-25 11:19:18 | INFO | P07 | Look at the fitted-line plot and the residual plot. 
2026-06-25 11:19:18 | INFO | P07 | Decide if a `straight line` is a fair description. 
2026-06-25 11:19:18 | INFO | P07 | If the residuals DO show a pattern (e.g. curve, funnel, clusters),
2026-06-25 11:19:18 | INFO | P07 | then a straight line is NOT a good description. 
2026-06-25 11:19:18 | INFO | P07 | If the residuals DO NOT show a pattern,
2026-06-25 11:19:18 | INFO | P07 | then a straight line MIGHT be a good description. 
2026-06-25 11:19:18 | INFO | P07 | Either way, the findings may be valuable.
2026-06-25 11:19:18 | INFO | P07 | ======================
2026-06-25 11:19:18 | INFO | P07 | Repeat with a different feature, or a transformed feature, 
2026-06-25 11:19:18 | INFO | P07 | to investigate other options.
2026-06-25 11:19:18 | INFO | P07 | ======================
2026-06-25 11:19:18 | INFO | P07 | Include instructions and specifics in your README.md file.
2026-06-25 11:19:18 | INFO | P07 | Write up your narrative on your docs/index.md file.
2026-06-25 11:19:18 | INFO | P07 | Include your next step suggestions for further analysis or modeling.
2026-06-25 11:19:18 | INFO | P07 | ======================
2026-06-25 11:19:18 | INFO | P07 | --- Processing Year: 2009 ---
2026-06-25 11:19:18 | INFO | P07 | Creating modeling view (dropping rows missing feature or target)
2026-06-25 11:19:18 | DEBUG | P07 | Columns required to be non-missing: ['gdp', 'co2']
2026-06-25 11:19:18 | INFO | P07 | Original rows: 10
2026-06-25 11:19:18 | INFO | P07 | Model rows:    9
2026-06-25 11:19:18 | INFO | P07 | Rows dropped:  1
2026-06-25 11:19:18 | INFO | P07 | Building feature matrix X and target vector y
2026-06-25 11:19:18 | DEBUG | P07 | X shape: (9, 1)  (rows, features)
2026-06-25 11:19:18 | DEBUG | P07 | y shape: (9,)  (rows,)
2026-06-25 11:19:18 | INFO | P07 | Fitting a linear regression (scikit-learn)
2026-06-25 11:19:18 | DEBUG | P07 |   slope:     5.24683e-10
2026-06-25 11:19:18 | DEBUG | P07 |   intercept: -674.419
2026-06-25 11:19:18 | INFO | P07 | Fitted line:
2026-06-25 11:19:18 | INFO | P07 |   co2 = 5.24683e-10 * gdp + -674.419
2026-06-25 11:19:18 | DEBUG | P07 |   numpy check -> slope 5.24683e-10, intercept -674.419
2026-06-25 11:19:18 | INFO | P07 | Computing fitted values for every observed row
2026-06-25 11:19:18 | INFO | P07 | Predicting CO2 emissions for one example GDP value
2026-06-25 11:19:18 | DEBUG | P07 |   example gdp: 1e+12
2026-06-25 11:19:18 | DEBUG | P07 |   predicted co2: -149.736
2026-06-25 11:19:18 | INFO | P07 | Computing residuals (actual - fitted)
2026-06-25 11:19:19 | INFO | P07 | Fit numbers (requires interpretation):
2026-06-25 11:19:19 | DEBUG | P07 |   R-squared: 0.8373
2026-06-25 11:19:19 | DEBUG | P07 |   RMSE:      1029.54  (in units of CO2 emissions)
2026-06-25 11:19:19 | DEBUG | P07 |   residual min:  -1638.37
2026-06-25 11:19:19 | DEBUG | P07 |   residual max:  2483.99
2026-06-25 11:19:19 | DEBUG | P07 |   residual mean: -2.0211e-13
2026-06-25 11:19:19 | INFO | P07 | 
Linear Regression Fit Numbers (requires interpretation):
             R-squared is near 1, indicating the line accounts for most of the variation in y.
             Residual plot shows clustering of residuals, indicating a straight line is not the right description.

2026-06-25 11:19:19 | INFO | P07 | ---- Creating Scatter Plot with Fitted Line ----------
2026-06-25 11:19:19 | INFO | P07 | ----   Set x to GDP -----------------------
2026-06-25 11:19:19 | INFO | P07 | ----   Set y to CO2 emissions -------------------------
2026-06-25 11:19:20 | INFO | P07 | ------ Creating Residual Plot --------------------------
2026-06-25 11:19:20 | INFO | P07 | ------   Set x to GDP ----------------------
2026-06-25 11:19:20 | INFO | P07 | ------   Set y to the residual (actual - fitted) -------
2026-06-25 11:19:21 | INFO | P07 | ========================
2026-06-25 11:19:21 | INFO | P07 | SUMMARY
2026-06-25 11:19:21 | INFO | P07 | ========================
2026-06-25 11:19:21 | INFO | P07 | Dataset: owid-co2-data-subset
2026-06-25 11:19:21 | INFO | P07 | Feature (x): gdp
2026-06-25 11:19:21 | INFO | P07 | Target  (y): co2
2026-06-25 11:19:21 | INFO | P07 | Original rows: 10
2026-06-25 11:19:21 | INFO | P07 | Model rows:    9
2026-06-25 11:19:21 | INFO | P07 | Fitted line:
2026-06-25 11:19:21 | INFO | P07 |   co2 = 5.24683e-10 * gdp + -674.419
2026-06-25 11:19:21 | INFO | P07 | ======================
2026-06-25 11:19:21 | INFO | P07 | Review the fit numbers (R-squared, RMSE). 
2026-06-25 11:19:21 | INFO | P07 | Look at the fitted-line plot and the residual plot. 
2026-06-25 11:19:21 | INFO | P07 | Decide if a `straight line` is a fair description. 
2026-06-25 11:19:21 | INFO | P07 | If the residuals DO show a pattern (e.g. curve, funnel, clusters),
2026-06-25 11:19:21 | INFO | P07 | then a straight line is NOT a good description. 
2026-06-25 11:19:21 | INFO | P07 | If the residuals DO NOT show a pattern,
2026-06-25 11:19:21 | INFO | P07 | then a straight line MIGHT be a good description. 
2026-06-25 11:19:21 | INFO | P07 | Either way, the findings may be valuable.
2026-06-25 11:19:21 | INFO | P07 | ======================
2026-06-25 11:19:21 | INFO | P07 | Repeat with a different feature, or a transformed feature, 
2026-06-25 11:19:21 | INFO | P07 | to investigate other options.
2026-06-25 11:19:21 | INFO | P07 | ======================
2026-06-25 11:19:21 | INFO | P07 | Include instructions and specifics in your README.md file.
2026-06-25 11:19:21 | INFO | P07 | Write up your narrative on your docs/index.md file.
2026-06-25 11:19:21 | INFO | P07 | Include your next step suggestions for further analysis or modeling.
2026-06-25 11:19:21 | INFO | P07 | ======================
2026-06-25 11:19:21 | INFO | P07 | --- Processing Year: 2010 ---
2026-06-25 11:19:21 | INFO | P07 | Creating modeling view (dropping rows missing feature or target)
2026-06-25 11:19:21 | DEBUG | P07 | Columns required to be non-missing: ['gdp', 'co2']
2026-06-25 11:19:21 | INFO | P07 | Original rows: 10
2026-06-25 11:19:21 | INFO | P07 | Model rows:    10
2026-06-25 11:19:21 | INFO | P07 | Rows dropped:  0
2026-06-25 11:19:21 | INFO | P07 | Building feature matrix X and target vector y
2026-06-25 11:19:21 | DEBUG | P07 | X shape: (10, 1)  (rows, features)
2026-06-25 11:19:21 | DEBUG | P07 | y shape: (10,)  (rows,)
2026-06-25 11:19:21 | INFO | P07 | Fitting a linear regression (scikit-learn)
2026-06-25 11:19:21 | DEBUG | P07 |   slope:     3.74412e-10
2026-06-25 11:19:21 | DEBUG | P07 |   intercept: 85.0646
2026-06-25 11:19:21 | INFO | P07 | Fitted line:
2026-06-25 11:19:21 | INFO | P07 |   co2 = 3.74412e-10 * gdp + 85.0646
2026-06-25 11:19:21 | DEBUG | P07 |   numpy check -> slope 3.74412e-10, intercept 85.0646
2026-06-25 11:19:21 | INFO | P07 | Computing fitted values for every observed row
2026-06-25 11:19:21 | INFO | P07 | Predicting CO2 emissions for one example GDP value
2026-06-25 11:19:21 | DEBUG | P07 |   example gdp: 1e+12
2026-06-25 11:19:21 | DEBUG | P07 |   predicted co2: 459.476
2026-06-25 11:19:21 | INFO | P07 | Computing residuals (actual - fitted)
2026-06-25 11:19:21 | INFO | P07 | Fit numbers (requires interpretation):
2026-06-25 11:19:21 | DEBUG | P07 |   R-squared: 0.9833
2026-06-25 11:19:21 | DEBUG | P07 |   RMSE:      1250.92  (in units of CO2 emissions)
2026-06-25 11:19:21 | DEBUG | P07 |   residual min:  -700.822
2026-06-25 11:19:21 | DEBUG | P07 |   residual max:  3710.49
2026-06-25 11:19:21 | DEBUG | P07 |   residual mean: 5.68434e-13
2026-06-25 11:19:21 | INFO | P07 | 
Linear Regression Fit Numbers (requires interpretation):
             R-squared is near 1, indicating the line accounts for most of the variation in y.
             Residual plot shows clustering of residuals, indicating a straight line is not the right description.

2026-06-25 11:19:21 | INFO | P07 | ---- Creating Scatter Plot with Fitted Line ----------
2026-06-25 11:19:21 | INFO | P07 | ----   Set x to GDP -----------------------
2026-06-25 11:19:21 | INFO | P07 | ----   Set y to CO2 emissions -------------------------
2026-06-25 11:19:22 | INFO | P07 | ------ Creating Residual Plot --------------------------
2026-06-25 11:19:22 | INFO | P07 | ------   Set x to GDP ----------------------
2026-06-25 11:19:22 | INFO | P07 | ------   Set y to the residual (actual - fitted) -------
2026-06-25 11:19:22 | INFO | P07 | ========================
2026-06-25 11:19:22 | INFO | P07 | SUMMARY
2026-06-25 11:19:22 | INFO | P07 | ========================
2026-06-25 11:19:22 | INFO | P07 | Dataset: owid-co2-data-subset
2026-06-25 11:19:22 | INFO | P07 | Feature (x): gdp
2026-06-25 11:19:22 | INFO | P07 | Target  (y): co2
2026-06-25 11:19:22 | INFO | P07 | Original rows: 10
2026-06-25 11:19:22 | INFO | P07 | Model rows:    10
2026-06-25 11:19:22 | INFO | P07 | Fitted line:
2026-06-25 11:19:22 | INFO | P07 |   co2 = 3.74412e-10 * gdp + 85.0646
2026-06-25 11:19:22 | INFO | P07 | ======================
2026-06-25 11:19:22 | INFO | P07 | Review the fit numbers (R-squared, RMSE). 
2026-06-25 11:19:22 | INFO | P07 | Look at the fitted-line plot and the residual plot. 
2026-06-25 11:19:22 | INFO | P07 | Decide if a `straight line` is a fair description. 
2026-06-25 11:19:22 | INFO | P07 | If the residuals DO show a pattern (e.g. curve, funnel, clusters),
2026-06-25 11:19:22 | INFO | P07 | then a straight line is NOT a good description. 
2026-06-25 11:19:22 | INFO | P07 | If the residuals DO NOT show a pattern,
2026-06-25 11:19:22 | INFO | P07 | then a straight line MIGHT be a good description. 
2026-06-25 11:19:22 | INFO | P07 | Either way, the findings may be valuable.
2026-06-25 11:19:22 | INFO | P07 | ======================
2026-06-25 11:19:22 | INFO | P07 | Repeat with a different feature, or a transformed feature, 
2026-06-25 11:19:22 | INFO | P07 | to investigate other options.
2026-06-25 11:19:22 | INFO | P07 | ======================
2026-06-25 11:19:22 | INFO | P07 | Include instructions and specifics in your README.md file.
2026-06-25 11:19:22 | INFO | P07 | Write up your narrative on your docs/index.md file.
2026-06-25 11:19:22 | INFO | P07 | Include your next step suggestions for further analysis or modeling.
2026-06-25 11:19:22 | INFO | P07 | ======================
2026-06-25 11:19:22 | INFO | P07 | --- Processing Year: 2011 ---
2026-06-25 11:19:22 | INFO | P07 | Creating modeling view (dropping rows missing feature or target)
2026-06-25 11:19:22 | DEBUG | P07 | Columns required to be non-missing: ['gdp', 'co2']
2026-06-25 11:19:22 | INFO | P07 | Original rows: 10
2026-06-25 11:19:22 | INFO | P07 | Model rows:    9
2026-06-25 11:19:22 | INFO | P07 | Rows dropped:  1
2026-06-25 11:19:22 | INFO | P07 | Building feature matrix X and target vector y
2026-06-25 11:19:22 | DEBUG | P07 | X shape: (9, 1)  (rows, features)
2026-06-25 11:19:22 | DEBUG | P07 | y shape: (9,)  (rows,)
2026-06-25 11:19:22 | INFO | P07 | Fitting a linear regression (scikit-learn)
2026-06-25 11:19:22 | DEBUG | P07 |   slope:     5.55688e-10
2026-06-25 11:19:22 | DEBUG | P07 |   intercept: -897.888
2026-06-25 11:19:22 | INFO | P07 | Fitted line:
2026-06-25 11:19:22 | INFO | P07 |   co2 = 5.55688e-10 * gdp + -897.888
2026-06-25 11:19:22 | DEBUG | P07 |   numpy check -> slope 5.55688e-10, intercept -897.888
2026-06-25 11:19:22 | INFO | P07 | Computing fitted values for every observed row
2026-06-25 11:19:22 | INFO | P07 | Predicting CO2 emissions for one example GDP value
2026-06-25 11:19:22 | DEBUG | P07 |   example gdp: 1e+12
2026-06-25 11:19:22 | DEBUG | P07 |   predicted co2: -342.2
2026-06-25 11:19:22 | INFO | P07 | Computing residuals (actual - fitted)
2026-06-25 11:19:22 | INFO | P07 | Fit numbers (requires interpretation):
2026-06-25 11:19:22 | DEBUG | P07 |   R-squared: 0.8303
2026-06-25 11:19:22 | DEBUG | P07 |   RMSE:      1226.22  (in units of CO2 emissions)
2026-06-25 11:19:22 | DEBUG | P07 |   residual min:  -2164.01
2026-06-25 11:19:22 | DEBUG | P07 |   residual max:  2809.82
2026-06-25 11:19:22 | DEBUG | P07 |   residual mean: 1.01055e-13
2026-06-25 11:19:22 | INFO | P07 | 
Linear Regression Fit Numbers (requires interpretation):
             R-squared is near 1, indicating the line accounts for most of the variation in y.
             Residual plot shows clustering of residuals, indicating a straight line is not the right description.

2026-06-25 11:19:22 | INFO | P07 | ---- Creating Scatter Plot with Fitted Line ----------
2026-06-25 11:19:22 | INFO | P07 | ----   Set x to GDP -----------------------
2026-06-25 11:19:22 | INFO | P07 | ----   Set y to CO2 emissions -------------------------
2026-06-25 11:19:22 | INFO | P07 | ------ Creating Residual Plot --------------------------
2026-06-25 11:19:22 | INFO | P07 | ------   Set x to GDP ----------------------
2026-06-25 11:19:22 | INFO | P07 | ------   Set y to the residual (actual - fitted) -------
2026-06-25 11:19:23 | INFO | P07 | ========================
2026-06-25 11:19:23 | INFO | P07 | SUMMARY
2026-06-25 11:19:23 | INFO | P07 | ========================
2026-06-25 11:19:23 | INFO | P07 | Dataset: owid-co2-data-subset
2026-06-25 11:19:23 | INFO | P07 | Feature (x): gdp
2026-06-25 11:19:23 | INFO | P07 | Target  (y): co2
2026-06-25 11:19:23 | INFO | P07 | Original rows: 10
2026-06-25 11:19:23 | INFO | P07 | Model rows:    9
2026-06-25 11:19:23 | INFO | P07 | Fitted line:
2026-06-25 11:19:23 | INFO | P07 |   co2 = 5.55688e-10 * gdp + -897.888
2026-06-25 11:19:23 | INFO | P07 | ======================
2026-06-25 11:19:23 | INFO | P07 | Review the fit numbers (R-squared, RMSE). 
2026-06-25 11:19:23 | INFO | P07 | Look at the fitted-line plot and the residual plot. 
2026-06-25 11:19:23 | INFO | P07 | Decide if a `straight line` is a fair description. 
2026-06-25 11:19:23 | INFO | P07 | If the residuals DO show a pattern (e.g. curve, funnel, clusters),
2026-06-25 11:19:23 | INFO | P07 | then a straight line is NOT a good description. 
2026-06-25 11:19:23 | INFO | P07 | If the residuals DO NOT show a pattern,
2026-06-25 11:19:23 | INFO | P07 | then a straight line MIGHT be a good description. 
2026-06-25 11:19:23 | INFO | P07 | Either way, the findings may be valuable.
2026-06-25 11:19:23 | INFO | P07 | ======================
2026-06-25 11:19:23 | INFO | P07 | Repeat with a different feature, or a transformed feature, 
2026-06-25 11:19:23 | INFO | P07 | to investigate other options.
2026-06-25 11:19:23 | INFO | P07 | ======================
2026-06-25 11:19:23 | INFO | P07 | Include instructions and specifics in your README.md file.
2026-06-25 11:19:23 | INFO | P07 | Write up your narrative on your docs/index.md file.
2026-06-25 11:19:23 | INFO | P07 | Include your next step suggestions for further analysis or modeling.
2026-06-25 11:19:23 | INFO | P07 | ======================
2026-06-25 11:19:23 | INFO | P07 | --- Processing Year: 2012 ---
2026-06-25 11:19:23 | INFO | P07 | Creating modeling view (dropping rows missing feature or target)
2026-06-25 11:19:23 | DEBUG | P07 | Columns required to be non-missing: ['gdp', 'co2']
2026-06-25 11:19:23 | INFO | P07 | Original rows: 10
2026-06-25 11:19:23 | INFO | P07 | Model rows:    9
2026-06-25 11:19:23 | INFO | P07 | Rows dropped:  1
2026-06-25 11:19:23 | INFO | P07 | Building feature matrix X and target vector y
2026-06-25 11:19:23 | DEBUG | P07 | X shape: (9, 1)  (rows, features)
2026-06-25 11:19:23 | DEBUG | P07 | y shape: (9,)  (rows,)
2026-06-25 11:19:23 | INFO | P07 | Fitting a linear regression (scikit-learn)
2026-06-25 11:19:23 | DEBUG | P07 |   slope:     5.34899e-10
2026-06-25 11:19:23 | DEBUG | P07 |   intercept: -860.777
2026-06-25 11:19:23 | INFO | P07 | Fitted line:
2026-06-25 11:19:23 | INFO | P07 |   co2 = 5.34899e-10 * gdp + -860.777
2026-06-25 11:19:23 | DEBUG | P07 |   numpy check -> slope 5.34899e-10, intercept -860.777
2026-06-25 11:19:23 | INFO | P07 | Computing fitted values for every observed row
2026-06-25 11:19:23 | INFO | P07 | Predicting CO2 emissions for one example GDP value
2026-06-25 11:19:23 | DEBUG | P07 |   example gdp: 1e+12
2026-06-25 11:19:23 | DEBUG | P07 |   predicted co2: -325.878
2026-06-25 11:19:23 | INFO | P07 | Computing residuals (actual - fitted)
2026-06-25 11:19:23 | INFO | P07 | Fit numbers (requires interpretation):
2026-06-25 11:19:23 | DEBUG | P07 |   R-squared: 0.8357
2026-06-25 11:19:23 | DEBUG | P07 |   RMSE:      1220.42  (in units of CO2 emissions)
2026-06-25 11:19:23 | DEBUG | P07 |   residual min:  -2275.68
2026-06-25 11:19:23 | DEBUG | P07 |   residual max:  2725.94
2026-06-25 11:19:23 | DEBUG | P07 |   residual mean: 5.05275e-14
2026-06-25 11:19:23 | INFO | P07 | 
Linear Regression Fit Numbers (requires interpretation):
             R-squared is near 1, indicating the line accounts for most of the variation in y.
             Residual plot shows clustering of residuals, indicating a straight line is not the right description.

2026-06-25 11:19:23 | INFO | P07 | ---- Creating Scatter Plot with Fitted Line ----------
2026-06-25 11:19:23 | INFO | P07 | ----   Set x to GDP -----------------------
2026-06-25 11:19:23 | INFO | P07 | ----   Set y to CO2 emissions -------------------------
2026-06-25 11:19:23 | INFO | P07 | ------ Creating Residual Plot --------------------------
2026-06-25 11:19:23 | INFO | P07 | ------   Set x to GDP ----------------------
2026-06-25 11:19:23 | INFO | P07 | ------   Set y to the residual (actual - fitted) -------
2026-06-25 11:19:23 | INFO | P07 | ========================
2026-06-25 11:19:23 | INFO | P07 | SUMMARY
2026-06-25 11:19:23 | INFO | P07 | ========================
2026-06-25 11:19:23 | INFO | P07 | Dataset: owid-co2-data-subset
2026-06-25 11:19:23 | INFO | P07 | Feature (x): gdp
2026-06-25 11:19:23 | INFO | P07 | Target  (y): co2
2026-06-25 11:19:23 | INFO | P07 | Original rows: 10
2026-06-25 11:19:23 | INFO | P07 | Model rows:    9
2026-06-25 11:19:23 | INFO | P07 | Fitted line:
2026-06-25 11:19:23 | INFO | P07 |   co2 = 5.34899e-10 * gdp + -860.777
2026-06-25 11:19:23 | INFO | P07 | ======================
2026-06-25 11:19:23 | INFO | P07 | Review the fit numbers (R-squared, RMSE). 
2026-06-25 11:19:23 | INFO | P07 | Look at the fitted-line plot and the residual plot. 
2026-06-25 11:19:23 | INFO | P07 | Decide if a `straight line` is a fair description. 
2026-06-25 11:19:23 | INFO | P07 | If the residuals DO show a pattern (e.g. curve, funnel, clusters),
2026-06-25 11:19:23 | INFO | P07 | then a straight line is NOT a good description. 
2026-06-25 11:19:23 | INFO | P07 | If the residuals DO NOT show a pattern,
2026-06-25 11:19:23 | INFO | P07 | then a straight line MIGHT be a good description. 
2026-06-25 11:19:23 | INFO | P07 | Either way, the findings may be valuable.
2026-06-25 11:19:23 | INFO | P07 | ======================
2026-06-25 11:19:23 | INFO | P07 | Repeat with a different feature, or a transformed feature, 
2026-06-25 11:19:23 | INFO | P07 | to investigate other options.
2026-06-25 11:19:23 | INFO | P07 | ======================
2026-06-25 11:19:23 | INFO | P07 | Include instructions and specifics in your README.md file.
2026-06-25 11:19:23 | INFO | P07 | Write up your narrative on your docs/index.md file.
2026-06-25 11:19:23 | INFO | P07 | Include your next step suggestions for further analysis or modeling.
2026-06-25 11:19:23 | INFO | P07 | ======================
2026-06-25 11:19:23 | INFO | P07 | --- Processing Year: 2013 ---
2026-06-25 11:19:23 | INFO | P07 | Creating modeling view (dropping rows missing feature or target)
2026-06-25 11:19:23 | DEBUG | P07 | Columns required to be non-missing: ['gdp', 'co2']
2026-06-25 11:19:23 | INFO | P07 | Original rows: 10
2026-06-25 11:19:23 | INFO | P07 | Model rows:    9
2026-06-25 11:19:23 | INFO | P07 | Rows dropped:  1
2026-06-25 11:19:23 | INFO | P07 | Building feature matrix X and target vector y
2026-06-25 11:19:23 | DEBUG | P07 | X shape: (9, 1)  (rows, features)
2026-06-25 11:19:23 | DEBUG | P07 | y shape: (9,)  (rows,)
2026-06-25 11:19:23 | INFO | P07 | Fitting a linear regression (scikit-learn)
2026-06-25 11:19:23 | DEBUG | P07 |   slope:     5.27762e-10
2026-06-25 11:19:23 | DEBUG | P07 |   intercept: -891.838
2026-06-25 11:19:23 | INFO | P07 | Fitted line:
2026-06-25 11:19:23 | INFO | P07 |   co2 = 5.27762e-10 * gdp + -891.838
2026-06-25 11:19:23 | DEBUG | P07 |   numpy check -> slope 5.27762e-10, intercept -891.838
2026-06-25 11:19:23 | INFO | P07 | Computing fitted values for every observed row
2026-06-25 11:19:23 | INFO | P07 | Predicting CO2 emissions for one example GDP value
2026-06-25 11:19:23 | DEBUG | P07 |   example gdp: 1e+12
2026-06-25 11:19:23 | DEBUG | P07 |   predicted co2: -364.076
2026-06-25 11:19:23 | INFO | P07 | Computing residuals (actual - fitted)
2026-06-25 11:19:23 | INFO | P07 | Fit numbers (requires interpretation):
2026-06-25 11:19:23 | DEBUG | P07 |   R-squared: 0.8664
2026-06-25 11:19:23 | DEBUG | P07 |   RMSE:      1122.09  (in units of CO2 emissions)
2026-06-25 11:19:23 | DEBUG | P07 |   residual min:  -2143.56
2026-06-25 11:19:23 | DEBUG | P07 |   residual max:  2429.35
2026-06-25 11:19:23 | DEBUG | P07 |   residual mean: 7.07385e-13
2026-06-25 11:19:23 | INFO | P07 | 
Linear Regression Fit Numbers (requires interpretation):
             R-squared is near 1, indicating the line accounts for most of the variation in y.
             Residual plot shows clustering of residuals, indicating a straight line is not the right description.

2026-06-25 11:19:23 | INFO | P07 | ---- Creating Scatter Plot with Fitted Line ----------
2026-06-25 11:19:23 | INFO | P07 | ----   Set x to GDP -----------------------
2026-06-25 11:19:23 | INFO | P07 | ----   Set y to CO2 emissions -------------------------
2026-06-25 11:19:24 | INFO | P07 | ------ Creating Residual Plot --------------------------
2026-06-25 11:19:24 | INFO | P07 | ------   Set x to GDP ----------------------
2026-06-25 11:19:24 | INFO | P07 | ------   Set y to the residual (actual - fitted) -------
2026-06-25 11:19:24 | INFO | P07 | ========================
2026-06-25 11:19:24 | INFO | P07 | SUMMARY
2026-06-25 11:19:24 | INFO | P07 | ========================
2026-06-25 11:19:24 | INFO | P07 | Dataset: owid-co2-data-subset
2026-06-25 11:19:24 | INFO | P07 | Feature (x): gdp
2026-06-25 11:19:24 | INFO | P07 | Target  (y): co2
2026-06-25 11:19:24 | INFO | P07 | Original rows: 10
2026-06-25 11:19:24 | INFO | P07 | Model rows:    9
2026-06-25 11:19:24 | INFO | P07 | Fitted line:
2026-06-25 11:19:24 | INFO | P07 |   co2 = 5.27762e-10 * gdp + -891.838
2026-06-25 11:19:24 | INFO | P07 | ======================
2026-06-25 11:19:24 | INFO | P07 | Review the fit numbers (R-squared, RMSE). 
2026-06-25 11:19:24 | INFO | P07 | Look at the fitted-line plot and the residual plot. 
2026-06-25 11:19:24 | INFO | P07 | Decide if a `straight line` is a fair description. 
2026-06-25 11:19:24 | INFO | P07 | If the residuals DO show a pattern (e.g. curve, funnel, clusters),
2026-06-25 11:19:24 | INFO | P07 | then a straight line is NOT a good description. 
2026-06-25 11:19:24 | INFO | P07 | If the residuals DO NOT show a pattern,
2026-06-25 11:19:24 | INFO | P07 | then a straight line MIGHT be a good description. 
2026-06-25 11:19:24 | INFO | P07 | Either way, the findings may be valuable.
2026-06-25 11:19:24 | INFO | P07 | ======================
2026-06-25 11:19:24 | INFO | P07 | Repeat with a different feature, or a transformed feature, 
2026-06-25 11:19:24 | INFO | P07 | to investigate other options.
2026-06-25 11:19:24 | INFO | P07 | ======================
2026-06-25 11:19:24 | INFO | P07 | Include instructions and specifics in your README.md file.
2026-06-25 11:19:24 | INFO | P07 | Write up your narrative on your docs/index.md file.
2026-06-25 11:19:24 | INFO | P07 | Include your next step suggestions for further analysis or modeling.
2026-06-25 11:19:24 | INFO | P07 | ======================
2026-06-25 11:19:24 | INFO | P07 | --- Processing Year: 2014 ---
2026-06-25 11:19:24 | INFO | P07 | Creating modeling view (dropping rows missing feature or target)
2026-06-25 11:19:24 | DEBUG | P07 | Columns required to be non-missing: ['gdp', 'co2']
2026-06-25 11:19:24 | INFO | P07 | Original rows: 10
2026-06-25 11:19:24 | INFO | P07 | Model rows:    9
2026-06-25 11:19:24 | INFO | P07 | Rows dropped:  1
2026-06-25 11:19:24 | INFO | P07 | Building feature matrix X and target vector y
2026-06-25 11:19:24 | DEBUG | P07 | X shape: (9, 1)  (rows, features)
2026-06-25 11:19:24 | DEBUG | P07 | y shape: (9,)  (rows,)
2026-06-25 11:19:24 | INFO | P07 | Fitting a linear regression (scikit-learn)
2026-06-25 11:19:24 | DEBUG | P07 |   slope:     5.11129e-10
2026-06-25 11:19:24 | DEBUG | P07 |   intercept: -904.41
2026-06-25 11:19:24 | INFO | P07 | Fitted line:
2026-06-25 11:19:24 | INFO | P07 |   co2 = 5.11129e-10 * gdp + -904.41
2026-06-25 11:19:24 | DEBUG | P07 |   numpy check -> slope 5.11129e-10, intercept -904.41
2026-06-25 11:19:24 | INFO | P07 | Computing fitted values for every observed row
2026-06-25 11:19:24 | INFO | P07 | Predicting CO2 emissions for one example GDP value
2026-06-25 11:19:24 | DEBUG | P07 |   example gdp: 1e+12
2026-06-25 11:19:24 | DEBUG | P07 |   predicted co2: -393.282
2026-06-25 11:19:24 | INFO | P07 | Computing residuals (actual - fitted)
2026-06-25 11:19:24 | INFO | P07 | Fit numbers (requires interpretation):
2026-06-25 11:19:24 | DEBUG | P07 |   R-squared: 0.8918
2026-06-25 11:19:24 | DEBUG | P07 |   RMSE:      1016.93  (in units of CO2 emissions)
2026-06-25 11:19:24 | DEBUG | P07 |   residual min:  -1993.39
2026-06-25 11:19:24 | DEBUG | P07 |   residual max:  2138.12
2026-06-25 11:19:24 | DEBUG | P07 |   residual mean: -4.54747e-13
2026-06-25 11:19:24 | INFO | P07 | 
Linear Regression Fit Numbers (requires interpretation):
             R-squared is near 1, indicating the line accounts for most of the variation in y.
             Residual plot shows clustering of residuals, indicating a straight line is not the right description.

2026-06-25 11:19:24 | INFO | P07 | ---- Creating Scatter Plot with Fitted Line ----------
2026-06-25 11:19:24 | INFO | P07 | ----   Set x to GDP -----------------------
2026-06-25 11:19:24 | INFO | P07 | ----   Set y to CO2 emissions -------------------------
2026-06-25 11:19:25 | INFO | P07 | ------ Creating Residual Plot --------------------------
2026-06-25 11:19:25 | INFO | P07 | ------   Set x to GDP ----------------------
2026-06-25 11:19:25 | INFO | P07 | ------   Set y to the residual (actual - fitted) -------
2026-06-25 11:19:25 | INFO | P07 | ========================
2026-06-25 11:19:25 | INFO | P07 | SUMMARY
2026-06-25 11:19:25 | INFO | P07 | ========================
2026-06-25 11:19:25 | INFO | P07 | Dataset: owid-co2-data-subset
2026-06-25 11:19:25 | INFO | P07 | Feature (x): gdp
2026-06-25 11:19:25 | INFO | P07 | Target  (y): co2
2026-06-25 11:19:25 | INFO | P07 | Original rows: 10
2026-06-25 11:19:25 | INFO | P07 | Model rows:    9
2026-06-25 11:19:25 | INFO | P07 | Fitted line:
2026-06-25 11:19:25 | INFO | P07 |   co2 = 5.11129e-10 * gdp + -904.41
2026-06-25 11:19:25 | INFO | P07 | ======================
2026-06-25 11:19:25 | INFO | P07 | Review the fit numbers (R-squared, RMSE). 
2026-06-25 11:19:25 | INFO | P07 | Look at the fitted-line plot and the residual plot. 
2026-06-25 11:19:25 | INFO | P07 | Decide if a `straight line` is a fair description. 
2026-06-25 11:19:25 | INFO | P07 | If the residuals DO show a pattern (e.g. curve, funnel, clusters),
2026-06-25 11:19:25 | INFO | P07 | then a straight line is NOT a good description. 
2026-06-25 11:19:25 | INFO | P07 | If the residuals DO NOT show a pattern,
2026-06-25 11:19:25 | INFO | P07 | then a straight line MIGHT be a good description. 
2026-06-25 11:19:25 | INFO | P07 | Either way, the findings may be valuable.
2026-06-25 11:19:25 | INFO | P07 | ======================
2026-06-25 11:19:25 | INFO | P07 | Repeat with a different feature, or a transformed feature, 
2026-06-25 11:19:25 | INFO | P07 | to investigate other options.
2026-06-25 11:19:25 | INFO | P07 | ======================
2026-06-25 11:19:25 | INFO | P07 | Include instructions and specifics in your README.md file.
2026-06-25 11:19:25 | INFO | P07 | Write up your narrative on your docs/index.md file.
2026-06-25 11:19:25 | INFO | P07 | Include your next step suggestions for further analysis or modeling.
2026-06-25 11:19:25 | INFO | P07 | ======================
2026-06-25 11:19:25 | INFO | P07 | --- Processing Year: 2015 ---
2026-06-25 11:19:25 | INFO | P07 | Creating modeling view (dropping rows missing feature or target)
2026-06-25 11:19:25 | DEBUG | P07 | Columns required to be non-missing: ['gdp', 'co2']
2026-06-25 11:19:25 | INFO | P07 | Original rows: 10
2026-06-25 11:19:25 | INFO | P07 | Model rows:    10
2026-06-25 11:19:25 | INFO | P07 | Rows dropped:  0
2026-06-25 11:19:25 | INFO | P07 | Building feature matrix X and target vector y
2026-06-25 11:19:25 | DEBUG | P07 | X shape: (10, 1)  (rows, features)
2026-06-25 11:19:25 | DEBUG | P07 | y shape: (10,)  (rows,)
2026-06-25 11:19:25 | INFO | P07 | Fitting a linear regression (scikit-learn)
2026-06-25 11:19:25 | DEBUG | P07 |   slope:     3.3506e-10
2026-06-25 11:19:25 | DEBUG | P07 |   intercept: 66.702
2026-06-25 11:19:25 | INFO | P07 | Fitted line:
2026-06-25 11:19:25 | INFO | P07 |   co2 = 3.3506e-10 * gdp + 66.702
2026-06-25 11:19:25 | DEBUG | P07 |   numpy check -> slope 3.3506e-10, intercept 66.702
2026-06-25 11:19:25 | INFO | P07 | Computing fitted values for every observed row
2026-06-25 11:19:25 | INFO | P07 | Predicting CO2 emissions for one example GDP value
2026-06-25 11:19:25 | DEBUG | P07 |   example gdp: 1e+12
2026-06-25 11:19:25 | DEBUG | P07 |   predicted co2: 401.762
2026-06-25 11:19:25 | INFO | P07 | Computing residuals (actual - fitted)
2026-06-25 11:19:25 | INFO | P07 | Fit numbers (requires interpretation):
2026-06-25 11:19:25 | DEBUG | P07 |   R-squared: 0.9858
2026-06-25 11:19:25 | DEBUG | P07 |   RMSE:      1228.35  (in units of CO2 emissions)
2026-06-25 11:19:25 | DEBUG | P07 |   residual min:  -560.478
2026-06-25 11:19:25 | DEBUG | P07 |   residual max:  3659.34
2026-06-25 11:19:25 | DEBUG | P07 |   residual mean: -2.72848e-13
2026-06-25 11:19:25 | INFO | P07 | 
Linear Regression Fit Numbers (requires interpretation):
             R-squared is near 1, indicating the line accounts for most of the variation in y.
             Residual plot shows clustering of residuals, indicating a straight line is not the right description.

2026-06-25 11:19:25 | INFO | P07 | ---- Creating Scatter Plot with Fitted Line ----------
2026-06-25 11:19:25 | INFO | P07 | ----   Set x to GDP -----------------------
2026-06-25 11:19:25 | INFO | P07 | ----   Set y to CO2 emissions -------------------------
2026-06-25 11:19:25 | INFO | P07 | ------ Creating Residual Plot --------------------------
2026-06-25 11:19:25 | INFO | P07 | ------   Set x to GDP ----------------------
2026-06-25 11:19:25 | INFO | P07 | ------   Set y to the residual (actual - fitted) -------
2026-06-25 11:19:26 | INFO | P07 | ========================
2026-06-25 11:19:26 | INFO | P07 | SUMMARY
2026-06-25 11:19:26 | INFO | P07 | ========================
2026-06-25 11:19:26 | INFO | P07 | Dataset: owid-co2-data-subset
2026-06-25 11:19:26 | INFO | P07 | Feature (x): gdp
2026-06-25 11:19:26 | INFO | P07 | Target  (y): co2
2026-06-25 11:19:26 | INFO | P07 | Original rows: 10
2026-06-25 11:19:26 | INFO | P07 | Model rows:    10
2026-06-25 11:19:26 | INFO | P07 | Fitted line:
2026-06-25 11:19:26 | INFO | P07 |   co2 = 3.3506e-10 * gdp + 66.702
2026-06-25 11:19:26 | INFO | P07 | ======================
2026-06-25 11:19:26 | INFO | P07 | Review the fit numbers (R-squared, RMSE). 
2026-06-25 11:19:26 | INFO | P07 | Look at the fitted-line plot and the residual plot. 
2026-06-25 11:19:26 | INFO | P07 | Decide if a `straight line` is a fair description. 
2026-06-25 11:19:26 | INFO | P07 | If the residuals DO show a pattern (e.g. curve, funnel, clusters),
2026-06-25 11:19:26 | INFO | P07 | then a straight line is NOT a good description. 
2026-06-25 11:19:26 | INFO | P07 | If the residuals DO NOT show a pattern,
2026-06-25 11:19:26 | INFO | P07 | then a straight line MIGHT be a good description. 
2026-06-25 11:19:26 | INFO | P07 | Either way, the findings may be valuable.
2026-06-25 11:19:26 | INFO | P07 | ======================
2026-06-25 11:19:26 | INFO | P07 | Repeat with a different feature, or a transformed feature, 
2026-06-25 11:19:26 | INFO | P07 | to investigate other options.
2026-06-25 11:19:26 | INFO | P07 | ======================
2026-06-25 11:19:26 | INFO | P07 | Include instructions and specifics in your README.md file.
2026-06-25 11:19:26 | INFO | P07 | Write up your narrative on your docs/index.md file.
2026-06-25 11:19:26 | INFO | P07 | Include your next step suggestions for further analysis or modeling.
2026-06-25 11:19:26 | INFO | P07 | ======================
2026-06-25 11:19:26 | INFO | P07 | --- Processing Year: 2016 ---
2026-06-25 11:19:26 | INFO | P07 | Creating modeling view (dropping rows missing feature or target)
2026-06-25 11:19:26 | DEBUG | P07 | Columns required to be non-missing: ['gdp', 'co2']
2026-06-25 11:19:26 | INFO | P07 | Original rows: 10
2026-06-25 11:19:26 | INFO | P07 | Model rows:    10
2026-06-25 11:19:26 | INFO | P07 | Rows dropped:  0
2026-06-25 11:19:26 | INFO | P07 | Building feature matrix X and target vector y
2026-06-25 11:19:26 | DEBUG | P07 | X shape: (10, 1)  (rows, features)
2026-06-25 11:19:26 | DEBUG | P07 | y shape: (10,)  (rows,)
2026-06-25 11:19:26 | INFO | P07 | Fitting a linear regression (scikit-learn)
2026-06-25 11:19:26 | DEBUG | P07 |   slope:     3.24337e-10
2026-06-25 11:19:26 | DEBUG | P07 |   intercept: 35.5433
2026-06-25 11:19:26 | INFO | P07 | Fitted line:
2026-06-25 11:19:26 | INFO | P07 |   co2 = 3.24337e-10 * gdp + 35.5433
2026-06-25 11:19:26 | DEBUG | P07 |   numpy check -> slope 3.24337e-10, intercept 35.5433
2026-06-25 11:19:26 | INFO | P07 | Computing fitted values for every observed row
2026-06-25 11:19:26 | INFO | P07 | Predicting CO2 emissions for one example GDP value
2026-06-25 11:19:26 | DEBUG | P07 |   example gdp: 1e+12
2026-06-25 11:19:26 | DEBUG | P07 |   predicted co2: 359.88
2026-06-25 11:19:26 | INFO | P07 | Computing residuals (actual - fitted)
2026-06-25 11:19:26 | INFO | P07 | Fit numbers (requires interpretation):
2026-06-25 11:19:26 | DEBUG | P07 |   R-squared: 0.9879
2026-06-25 11:19:26 | DEBUG | P07 |   RMSE:      1133.09  (in units of CO2 emissions)
2026-06-25 11:19:26 | DEBUG | P07 |   residual min:  -508.281
2026-06-25 11:19:26 | DEBUG | P07 |   residual max:  3373.23
2026-06-25 11:19:26 | DEBUG | P07 |   residual mean: -9.09495e-14
2026-06-25 11:19:26 | INFO | P07 | 
Linear Regression Fit Numbers (requires interpretation):
             R-squared is near 1, indicating the line accounts for most of the variation in y.
             Residual plot shows clustering of residuals, indicating a straight line is not the right description.

2026-06-25 11:19:26 | INFO | P07 | ---- Creating Scatter Plot with Fitted Line ----------
2026-06-25 11:19:26 | INFO | P07 | ----   Set x to GDP -----------------------
2026-06-25 11:19:26 | INFO | P07 | ----   Set y to CO2 emissions -------------------------
2026-06-25 11:19:26 | INFO | P07 | ------ Creating Residual Plot --------------------------
2026-06-25 11:19:26 | INFO | P07 | ------   Set x to GDP ----------------------
2026-06-25 11:19:26 | INFO | P07 | ------   Set y to the residual (actual - fitted) -------
2026-06-25 11:19:27 | INFO | P07 | ========================
2026-06-25 11:19:27 | INFO | P07 | SUMMARY
2026-06-25 11:19:27 | INFO | P07 | ========================
2026-06-25 11:19:27 | INFO | P07 | Dataset: owid-co2-data-subset
2026-06-25 11:19:27 | INFO | P07 | Feature (x): gdp
2026-06-25 11:19:27 | INFO | P07 | Target  (y): co2
2026-06-25 11:19:27 | INFO | P07 | Original rows: 10
2026-06-25 11:19:27 | INFO | P07 | Model rows:    10
2026-06-25 11:19:27 | INFO | P07 | Fitted line:
2026-06-25 11:19:27 | INFO | P07 |   co2 = 3.24337e-10 * gdp + 35.5433
2026-06-25 11:19:27 | INFO | P07 | ======================
2026-06-25 11:19:27 | INFO | P07 | Review the fit numbers (R-squared, RMSE). 
2026-06-25 11:19:27 | INFO | P07 | Look at the fitted-line plot and the residual plot. 
2026-06-25 11:19:27 | INFO | P07 | Decide if a `straight line` is a fair description. 
2026-06-25 11:19:27 | INFO | P07 | If the residuals DO show a pattern (e.g. curve, funnel, clusters),
2026-06-25 11:19:27 | INFO | P07 | then a straight line is NOT a good description. 
2026-06-25 11:19:27 | INFO | P07 | If the residuals DO NOT show a pattern,
2026-06-25 11:19:27 | INFO | P07 | then a straight line MIGHT be a good description. 
2026-06-25 11:19:27 | INFO | P07 | Either way, the findings may be valuable.
2026-06-25 11:19:27 | INFO | P07 | ======================
2026-06-25 11:19:27 | INFO | P07 | Repeat with a different feature, or a transformed feature, 
2026-06-25 11:19:27 | INFO | P07 | to investigate other options.
2026-06-25 11:19:27 | INFO | P07 | ======================
2026-06-25 11:19:27 | INFO | P07 | Include instructions and specifics in your README.md file.
2026-06-25 11:19:27 | INFO | P07 | Write up your narrative on your docs/index.md file.
2026-06-25 11:19:27 | INFO | P07 | Include your next step suggestions for further analysis or modeling.
2026-06-25 11:19:27 | INFO | P07 | ======================
2026-06-25 11:19:27 | INFO | P07 | --- Processing Year: 2017 ---
2026-06-25 11:19:27 | INFO | P07 | Creating modeling view (dropping rows missing feature or target)
2026-06-25 11:19:27 | DEBUG | P07 | Columns required to be non-missing: ['gdp', 'co2']
2026-06-25 11:19:27 | INFO | P07 | Original rows: 10
2026-06-25 11:19:27 | INFO | P07 | Model rows:    10
2026-06-25 11:19:27 | INFO | P07 | Rows dropped:  0
2026-06-25 11:19:27 | INFO | P07 | Building feature matrix X and target vector y
2026-06-25 11:19:27 | DEBUG | P07 | X shape: (10, 1)  (rows, features)
2026-06-25 11:19:27 | DEBUG | P07 | y shape: (10,)  (rows,)
2026-06-25 11:19:27 | INFO | P07 | Fitting a linear regression (scikit-learn)
2026-06-25 11:19:27 | DEBUG | P07 |   slope:     3.17996e-10
2026-06-25 11:19:27 | DEBUG | P07 |   intercept: 14.9601
2026-06-25 11:19:27 | INFO | P07 | Fitted line:
2026-06-25 11:19:27 | INFO | P07 |   co2 = 3.17996e-10 * gdp + 14.9601
2026-06-25 11:19:27 | DEBUG | P07 |   numpy check -> slope 3.17996e-10, intercept 14.9601
2026-06-25 11:19:27 | INFO | P07 | Computing fitted values for every observed row
2026-06-25 11:19:27 | INFO | P07 | Predicting CO2 emissions for one example GDP value
2026-06-25 11:19:27 | DEBUG | P07 |   example gdp: 1e+12
2026-06-25 11:19:27 | DEBUG | P07 |   predicted co2: 332.956
2026-06-25 11:19:27 | INFO | P07 | Computing residuals (actual - fitted)
2026-06-25 11:19:27 | INFO | P07 | Fit numbers (requires interpretation):
2026-06-25 11:19:27 | DEBUG | P07 |   R-squared: 0.9885
2026-06-25 11:19:27 | DEBUG | P07 |   RMSE:      1122.86  (in units of CO2 emissions)
2026-06-25 11:19:27 | DEBUG | P07 |   residual min:  -487.182
2026-06-25 11:19:27 | DEBUG | P07 |   residual max:  3340.73
2026-06-25 11:19:27 | DEBUG | P07 |   residual mean: 7.7307e-13
2026-06-25 11:19:27 | INFO | P07 | 
Linear Regression Fit Numbers (requires interpretation):
             R-squared is near 1, indicating the line accounts for most of the variation in y.
             Residual plot shows clustering of residuals, indicating a straight line is not the right description.

2026-06-25 11:19:27 | INFO | P07 | ---- Creating Scatter Plot with Fitted Line ----------
2026-06-25 11:19:27 | INFO | P07 | ----   Set x to GDP -----------------------
2026-06-25 11:19:27 | INFO | P07 | ----   Set y to CO2 emissions -------------------------
2026-06-25 11:19:27 | INFO | P07 | ------ Creating Residual Plot --------------------------
2026-06-25 11:19:27 | INFO | P07 | ------   Set x to GDP ----------------------
2026-06-25 11:19:27 | INFO | P07 | ------   Set y to the residual (actual - fitted) -------
2026-06-25 11:19:27 | INFO | P07 | ========================
2026-06-25 11:19:27 | INFO | P07 | SUMMARY
2026-06-25 11:19:27 | INFO | P07 | ========================
2026-06-25 11:19:27 | INFO | P07 | Dataset: owid-co2-data-subset
2026-06-25 11:19:27 | INFO | P07 | Feature (x): gdp
2026-06-25 11:19:27 | INFO | P07 | Target  (y): co2
2026-06-25 11:19:27 | INFO | P07 | Original rows: 10
2026-06-25 11:19:27 | INFO | P07 | Model rows:    10
2026-06-25 11:19:27 | INFO | P07 | Fitted line:
2026-06-25 11:19:27 | INFO | P07 |   co2 = 3.17996e-10 * gdp + 14.9601
2026-06-25 11:19:27 | INFO | P07 | ======================
2026-06-25 11:19:27 | INFO | P07 | Review the fit numbers (R-squared, RMSE). 
2026-06-25 11:19:27 | INFO | P07 | Look at the fitted-line plot and the residual plot. 
2026-06-25 11:19:27 | INFO | P07 | Decide if a `straight line` is a fair description. 
2026-06-25 11:19:27 | INFO | P07 | If the residuals DO show a pattern (e.g. curve, funnel, clusters),
2026-06-25 11:19:27 | INFO | P07 | then a straight line is NOT a good description. 
2026-06-25 11:19:27 | INFO | P07 | If the residuals DO NOT show a pattern,
2026-06-25 11:19:27 | INFO | P07 | then a straight line MIGHT be a good description. 
2026-06-25 11:19:27 | INFO | P07 | Either way, the findings may be valuable.
2026-06-25 11:19:27 | INFO | P07 | ======================
2026-06-25 11:19:27 | INFO | P07 | Repeat with a different feature, or a transformed feature, 
2026-06-25 11:19:27 | INFO | P07 | to investigate other options.
2026-06-25 11:19:27 | INFO | P07 | ======================
2026-06-25 11:19:27 | INFO | P07 | Include instructions and specifics in your README.md file.
2026-06-25 11:19:27 | INFO | P07 | Write up your narrative on your docs/index.md file.
2026-06-25 11:19:27 | INFO | P07 | Include your next step suggestions for further analysis or modeling.
2026-06-25 11:19:27 | INFO | P07 | ======================
2026-06-25 11:19:27 | INFO | P07 | --- Processing Year: 2018 ---
2026-06-25 11:19:27 | INFO | P07 | Creating modeling view (dropping rows missing feature or target)
2026-06-25 11:19:27 | DEBUG | P07 | Columns required to be non-missing: ['gdp', 'co2']
2026-06-25 11:19:27 | INFO | P07 | Original rows: 10
2026-06-25 11:19:27 | INFO | P07 | Model rows:    10
2026-06-25 11:19:27 | INFO | P07 | Rows dropped:  0
2026-06-25 11:19:27 | INFO | P07 | Building feature matrix X and target vector y
2026-06-25 11:19:27 | DEBUG | P07 | X shape: (10, 1)  (rows, features)
2026-06-25 11:19:27 | DEBUG | P07 | y shape: (10,)  (rows,)
2026-06-25 11:19:27 | INFO | P07 | Fitting a linear regression (scikit-learn)
2026-06-25 11:19:27 | DEBUG | P07 |   slope:     3.1335e-10
2026-06-25 11:19:27 | DEBUG | P07 |   intercept: 11.5507
2026-06-25 11:19:27 | INFO | P07 | Fitted line:
2026-06-25 11:19:27 | INFO | P07 |   co2 = 3.1335e-10 * gdp + 11.5507
2026-06-25 11:19:27 | DEBUG | P07 |   numpy check -> slope 3.1335e-10, intercept 11.5507
2026-06-25 11:19:27 | INFO | P07 | Computing fitted values for every observed row
2026-06-25 11:19:27 | INFO | P07 | Predicting CO2 emissions for one example GDP value
2026-06-25 11:19:27 | DEBUG | P07 |   example gdp: 1e+12
2026-06-25 11:19:27 | DEBUG | P07 |   predicted co2: 324.901
2026-06-25 11:19:27 | INFO | P07 | Computing residuals (actual - fitted)
2026-06-25 11:19:27 | INFO | P07 | Fit numbers (requires interpretation):
2026-06-25 11:19:27 | DEBUG | P07 |   R-squared: 0.9890
2026-06-25 11:19:27 | DEBUG | P07 |   RMSE:      1126.79  (in units of CO2 emissions)
2026-06-25 11:19:27 | DEBUG | P07 |   residual min:  -502.094
2026-06-25 11:19:27 | DEBUG | P07 |   residual max:  3349.32
2026-06-25 11:19:27 | DEBUG | P07 |   residual mean: -6.82121e-13
2026-06-25 11:19:27 | INFO | P07 | 
Linear Regression Fit Numbers (requires interpretation):
             R-squared is near 1, indicating the line accounts for most of the variation in y.
             Residual plot shows clustering of residuals, indicating a straight line is not the right description.

2026-06-25 11:19:27 | INFO | P07 | ---- Creating Scatter Plot with Fitted Line ----------
2026-06-25 11:19:27 | INFO | P07 | ----   Set x to GDP -----------------------
2026-06-25 11:19:27 | INFO | P07 | ----   Set y to CO2 emissions -------------------------
2026-06-25 11:19:28 | INFO | P07 | ------ Creating Residual Plot --------------------------
2026-06-25 11:19:28 | INFO | P07 | ------   Set x to GDP ----------------------
2026-06-25 11:19:28 | INFO | P07 | ------   Set y to the residual (actual - fitted) -------
2026-06-25 11:19:28 | INFO | P07 | ========================
2026-06-25 11:19:28 | INFO | P07 | SUMMARY
2026-06-25 11:19:28 | INFO | P07 | ========================
2026-06-25 11:19:28 | INFO | P07 | Dataset: owid-co2-data-subset
2026-06-25 11:19:28 | INFO | P07 | Feature (x): gdp
2026-06-25 11:19:28 | INFO | P07 | Target  (y): co2
2026-06-25 11:19:28 | INFO | P07 | Original rows: 10
2026-06-25 11:19:28 | INFO | P07 | Model rows:    10
2026-06-25 11:19:28 | INFO | P07 | Fitted line:
2026-06-25 11:19:28 | INFO | P07 |   co2 = 3.1335e-10 * gdp + 11.5507
2026-06-25 11:19:28 | INFO | P07 | ======================
2026-06-25 11:19:28 | INFO | P07 | Review the fit numbers (R-squared, RMSE). 
2026-06-25 11:19:28 | INFO | P07 | Look at the fitted-line plot and the residual plot. 
2026-06-25 11:19:28 | INFO | P07 | Decide if a `straight line` is a fair description. 
2026-06-25 11:19:28 | INFO | P07 | If the residuals DO show a pattern (e.g. curve, funnel, clusters),
2026-06-25 11:19:28 | INFO | P07 | then a straight line is NOT a good description. 
2026-06-25 11:19:28 | INFO | P07 | If the residuals DO NOT show a pattern,
2026-06-25 11:19:28 | INFO | P07 | then a straight line MIGHT be a good description. 
2026-06-25 11:19:28 | INFO | P07 | Either way, the findings may be valuable.
2026-06-25 11:19:28 | INFO | P07 | ======================
2026-06-25 11:19:28 | INFO | P07 | Repeat with a different feature, or a transformed feature, 
2026-06-25 11:19:28 | INFO | P07 | to investigate other options.
2026-06-25 11:19:28 | INFO | P07 | ======================
2026-06-25 11:19:28 | INFO | P07 | Include instructions and specifics in your README.md file.
2026-06-25 11:19:28 | INFO | P07 | Write up your narrative on your docs/index.md file.
2026-06-25 11:19:28 | INFO | P07 | Include your next step suggestions for further analysis or modeling.
2026-06-25 11:19:28 | INFO | P07 | ======================
2026-06-25 11:19:28 | INFO | P07 | --- Processing Year: 2019 ---
2026-06-25 11:19:28 | INFO | P07 | Creating modeling view (dropping rows missing feature or target)
2026-06-25 11:19:28 | DEBUG | P07 | Columns required to be non-missing: ['gdp', 'co2']
2026-06-25 11:19:28 | INFO | P07 | Original rows: 10
2026-06-25 11:19:28 | INFO | P07 | Model rows:    10
2026-06-25 11:19:28 | INFO | P07 | Rows dropped:  0
2026-06-25 11:19:28 | INFO | P07 | Building feature matrix X and target vector y
2026-06-25 11:19:28 | DEBUG | P07 | X shape: (10, 1)  (rows, features)
2026-06-25 11:19:28 | DEBUG | P07 | y shape: (10,)  (rows,)
2026-06-25 11:19:28 | INFO | P07 | Fitting a linear regression (scikit-learn)
2026-06-25 11:19:28 | DEBUG | P07 |   slope:     3.07911e-10
2026-06-25 11:19:28 | DEBUG | P07 |   intercept: -12.9108
2026-06-25 11:19:28 | INFO | P07 | Fitted line:
2026-06-25 11:19:28 | INFO | P07 |   co2 = 3.07911e-10 * gdp + -12.9108
2026-06-25 11:19:28 | DEBUG | P07 |   numpy check -> slope 3.07911e-10, intercept -12.9108
2026-06-25 11:19:28 | INFO | P07 | Computing fitted values for every observed row
2026-06-25 11:19:28 | INFO | P07 | Predicting CO2 emissions for one example GDP value
2026-06-25 11:19:28 | DEBUG | P07 |   example gdp: 1e+12
2026-06-25 11:19:28 | DEBUG | P07 |   predicted co2: 295.001
2026-06-25 11:19:28 | INFO | P07 | Computing residuals (actual - fitted)
2026-06-25 11:19:28 | INFO | P07 | Fit numbers (requires interpretation):
2026-06-25 11:19:28 | DEBUG | P07 |   R-squared: 0.9885
2026-06-25 11:19:28 | DEBUG | P07 |   RMSE:      1160.88  (in units of CO2 emissions)
2026-06-25 11:19:28 | DEBUG | P07 |   residual min:  -511.712
2026-06-25 11:19:28 | DEBUG | P07 |   residual max:  3449.88
2026-06-25 11:19:28 | DEBUG | P07 |   residual mean: -2.72848e-13
2026-06-25 11:19:28 | INFO | P07 | 
Linear Regression Fit Numbers (requires interpretation):
             R-squared is near 1, indicating the line accounts for most of the variation in y.
             Residual plot shows clustering of residuals, indicating a straight line is not the right description.

2026-06-25 11:19:28 | INFO | P07 | ---- Creating Scatter Plot with Fitted Line ----------
2026-06-25 11:19:28 | INFO | P07 | ----   Set x to GDP -----------------------
2026-06-25 11:19:28 | INFO | P07 | ----   Set y to CO2 emissions -------------------------
2026-06-25 11:19:28 | INFO | P07 | ------ Creating Residual Plot --------------------------
2026-06-25 11:19:28 | INFO | P07 | ------   Set x to GDP ----------------------
2026-06-25 11:19:28 | INFO | P07 | ------   Set y to the residual (actual - fitted) -------
2026-06-25 11:19:29 | INFO | P07 | ========================
2026-06-25 11:19:29 | INFO | P07 | SUMMARY
2026-06-25 11:19:29 | INFO | P07 | ========================
2026-06-25 11:19:29 | INFO | P07 | Dataset: owid-co2-data-subset
2026-06-25 11:19:29 | INFO | P07 | Feature (x): gdp
2026-06-25 11:19:29 | INFO | P07 | Target  (y): co2
2026-06-25 11:19:29 | INFO | P07 | Original rows: 10
2026-06-25 11:19:29 | INFO | P07 | Model rows:    10
2026-06-25 11:19:29 | INFO | P07 | Fitted line:
2026-06-25 11:19:29 | INFO | P07 |   co2 = 3.07911e-10 * gdp + -12.9108
2026-06-25 11:19:29 | INFO | P07 | ======================
2026-06-25 11:19:29 | INFO | P07 | Review the fit numbers (R-squared, RMSE). 
2026-06-25 11:19:29 | INFO | P07 | Look at the fitted-line plot and the residual plot. 
2026-06-25 11:19:29 | INFO | P07 | Decide if a `straight line` is a fair description. 
2026-06-25 11:19:29 | INFO | P07 | If the residuals DO show a pattern (e.g. curve, funnel, clusters),
2026-06-25 11:19:29 | INFO | P07 | then a straight line is NOT a good description. 
2026-06-25 11:19:29 | INFO | P07 | If the residuals DO NOT show a pattern,
2026-06-25 11:19:29 | INFO | P07 | then a straight line MIGHT be a good description. 
2026-06-25 11:19:29 | INFO | P07 | Either way, the findings may be valuable.
2026-06-25 11:19:29 | INFO | P07 | ======================
2026-06-25 11:19:29 | INFO | P07 | Repeat with a different feature, or a transformed feature, 
2026-06-25 11:19:29 | INFO | P07 | to investigate other options.
2026-06-25 11:19:29 | INFO | P07 | ======================
2026-06-25 11:19:29 | INFO | P07 | Include instructions and specifics in your README.md file.
2026-06-25 11:19:29 | INFO | P07 | Write up your narrative on your docs/index.md file.
2026-06-25 11:19:29 | INFO | P07 | Include your next step suggestions for further analysis or modeling.
2026-06-25 11:19:29 | INFO | P07 | ======================
2026-06-25 11:19:29 | INFO | P07 | --- Processing Year: 2020 ---
2026-06-25 11:19:29 | INFO | P07 | Creating modeling view (dropping rows missing feature or target)
2026-06-25 11:19:29 | DEBUG | P07 | Columns required to be non-missing: ['gdp', 'co2']
2026-06-25 11:19:29 | INFO | P07 | Original rows: 10
2026-06-25 11:19:29 | INFO | P07 | Model rows:    10
2026-06-25 11:19:29 | INFO | P07 | Rows dropped:  0
2026-06-25 11:19:29 | INFO | P07 | Building feature matrix X and target vector y
2026-06-25 11:19:29 | DEBUG | P07 | X shape: (10, 1)  (rows, features)
2026-06-25 11:19:29 | DEBUG | P07 | y shape: (10,)  (rows,)
2026-06-25 11:19:29 | INFO | P07 | Fitting a linear regression (scikit-learn)
2026-06-25 11:19:29 | DEBUG | P07 |   slope:     3.01106e-10
2026-06-25 11:19:29 | DEBUG | P07 |   intercept: -0.437533
2026-06-25 11:19:29 | INFO | P07 | Fitted line:
2026-06-25 11:19:29 | INFO | P07 |   co2 = 3.01106e-10 * gdp + -0.437533
2026-06-25 11:19:29 | DEBUG | P07 |   numpy check -> slope 3.01106e-10, intercept -0.437533
2026-06-25 11:19:29 | INFO | P07 | Computing fitted values for every observed row
2026-06-25 11:19:29 | INFO | P07 | Predicting CO2 emissions for one example GDP value
2026-06-25 11:19:29 | DEBUG | P07 |   example gdp: 1e+12
2026-06-25 11:19:29 | DEBUG | P07 |   predicted co2: 300.669
2026-06-25 11:19:29 | INFO | P07 | Computing residuals (actual - fitted)
2026-06-25 11:19:29 | INFO | P07 | Fit numbers (requires interpretation):
2026-06-25 11:19:29 | DEBUG | P07 |   R-squared: 0.9860
2026-06-25 11:19:29 | DEBUG | P07 |   RMSE:      1222.9  (in units of CO2 emissions)
2026-06-25 11:19:29 | DEBUG | P07 |   residual min:  -737.756
2026-06-25 11:19:29 | DEBUG | P07 |   residual max:  3624.69
2026-06-25 11:19:29 | DEBUG | P07 |   residual mean: -2.72848e-13
2026-06-25 11:19:29 | INFO | P07 | 
Linear Regression Fit Numbers (requires interpretation):
             R-squared is near 1, indicating the line accounts for most of the variation in y.
             Residual plot shows clustering of residuals, indicating a straight line is not the right description.

2026-06-25 11:19:29 | INFO | P07 | ---- Creating Scatter Plot with Fitted Line ----------
2026-06-25 11:19:29 | INFO | P07 | ----   Set x to GDP -----------------------
2026-06-25 11:19:29 | INFO | P07 | ----   Set y to CO2 emissions -------------------------
2026-06-25 11:19:29 | INFO | P07 | ------ Creating Residual Plot --------------------------
2026-06-25 11:19:29 | INFO | P07 | ------   Set x to GDP ----------------------
2026-06-25 11:19:29 | INFO | P07 | ------   Set y to the residual (actual - fitted) -------
2026-06-25 11:19:30 | INFO | P07 | ========================
2026-06-25 11:19:30 | INFO | P07 | SUMMARY
2026-06-25 11:19:30 | INFO | P07 | ========================
2026-06-25 11:19:30 | INFO | P07 | Dataset: owid-co2-data-subset
2026-06-25 11:19:30 | INFO | P07 | Feature (x): gdp
2026-06-25 11:19:30 | INFO | P07 | Target  (y): co2
2026-06-25 11:19:30 | INFO | P07 | Original rows: 10
2026-06-25 11:19:30 | INFO | P07 | Model rows:    10
2026-06-25 11:19:30 | INFO | P07 | Fitted line:
2026-06-25 11:19:30 | INFO | P07 |   co2 = 3.01106e-10 * gdp + -0.437533
2026-06-25 11:19:30 | INFO | P07 | ======================
2026-06-25 11:19:30 | INFO | P07 | Review the fit numbers (R-squared, RMSE). 
2026-06-25 11:19:30 | INFO | P07 | Look at the fitted-line plot and the residual plot. 
2026-06-25 11:19:30 | INFO | P07 | Decide if a `straight line` is a fair description. 
2026-06-25 11:19:30 | INFO | P07 | If the residuals DO show a pattern (e.g. curve, funnel, clusters),
2026-06-25 11:19:30 | INFO | P07 | then a straight line is NOT a good description. 
2026-06-25 11:19:30 | INFO | P07 | If the residuals DO NOT show a pattern,
2026-06-25 11:19:30 | INFO | P07 | then a straight line MIGHT be a good description. 
2026-06-25 11:19:30 | INFO | P07 | Either way, the findings may be valuable.
2026-06-25 11:19:30 | INFO | P07 | ======================
2026-06-25 11:19:30 | INFO | P07 | Repeat with a different feature, or a transformed feature, 
2026-06-25 11:19:30 | INFO | P07 | to investigate other options.
2026-06-25 11:19:30 | INFO | P07 | ======================
2026-06-25 11:19:30 | INFO | P07 | Include instructions and specifics in your README.md file.
2026-06-25 11:19:30 | INFO | P07 | Write up your narrative on your docs/index.md file.
2026-06-25 11:19:30 | INFO | P07 | Include your next step suggestions for further analysis or modeling.
2026-06-25 11:19:30 | INFO | P07 | ======================
2026-06-25 11:19:30 | INFO | P07 | --- Processing Year: 2021 ---
2026-06-25 11:19:30 | INFO | P07 | Creating modeling view (dropping rows missing feature or target)
2026-06-25 11:19:30 | DEBUG | P07 | Columns required to be non-missing: ['gdp', 'co2']
2026-06-25 11:19:30 | INFO | P07 | Original rows: 10
2026-06-25 11:19:30 | INFO | P07 | Model rows:    10
2026-06-25 11:19:30 | INFO | P07 | Rows dropped:  0
2026-06-25 11:19:30 | INFO | P07 | Building feature matrix X and target vector y
2026-06-25 11:19:30 | DEBUG | P07 | X shape: (10, 1)  (rows, features)
2026-06-25 11:19:30 | DEBUG | P07 | y shape: (10,)  (rows,)
2026-06-25 11:19:30 | INFO | P07 | Fitting a linear regression (scikit-learn)
2026-06-25 11:19:30 | DEBUG | P07 |   slope:     2.97013e-10
2026-06-25 11:19:30 | DEBUG | P07 |   intercept: -0.804999
2026-06-25 11:19:30 | INFO | P07 | Fitted line:
2026-06-25 11:19:30 | INFO | P07 |   co2 = 2.97013e-10 * gdp + -0.804999
2026-06-25 11:19:30 | DEBUG | P07 |   numpy check -> slope 2.97013e-10, intercept -0.804999
2026-06-25 11:19:30 | INFO | P07 | Computing fitted values for every observed row
2026-06-25 11:19:30 | INFO | P07 | Predicting CO2 emissions for one example GDP value
2026-06-25 11:19:30 | DEBUG | P07 |   example gdp: 1e+12
2026-06-25 11:19:30 | DEBUG | P07 |   predicted co2: 296.209
2026-06-25 11:19:30 | INFO | P07 | Computing residuals (actual - fitted)
2026-06-25 11:19:30 | INFO | P07 | Fit numbers (requires interpretation):
2026-06-25 11:19:30 | DEBUG | P07 |   R-squared: 0.9880
2026-06-25 11:19:30 | DEBUG | P07 |   RMSE:      1183.06  (in units of CO2 emissions)
2026-06-25 11:19:30 | DEBUG | P07 |   residual min:  -651.857
2026-06-25 11:19:30 | DEBUG | P07 |   residual max:  3509.21
2026-06-25 11:19:30 | DEBUG | P07 |   residual mean: -5.91172e-13
2026-06-25 11:19:30 | INFO | P07 | 
Linear Regression Fit Numbers (requires interpretation):
             R-squared is near 1, indicating the line accounts for most of the variation in y.
             Residual plot shows clustering of residuals, indicating a straight line is not the right description.

2026-06-25 11:19:30 | INFO | P07 | ---- Creating Scatter Plot with Fitted Line ----------
2026-06-25 11:19:30 | INFO | P07 | ----   Set x to GDP -----------------------
2026-06-25 11:19:30 | INFO | P07 | ----   Set y to CO2 emissions -------------------------
2026-06-25 11:19:30 | INFO | P07 | ------ Creating Residual Plot --------------------------
2026-06-25 11:19:30 | INFO | P07 | ------   Set x to GDP ----------------------
2026-06-25 11:19:30 | INFO | P07 | ------   Set y to the residual (actual - fitted) -------
2026-06-25 11:19:30 | INFO | P07 | ========================
2026-06-25 11:19:30 | INFO | P07 | SUMMARY
2026-06-25 11:19:30 | INFO | P07 | ========================
2026-06-25 11:19:30 | INFO | P07 | Dataset: owid-co2-data-subset
2026-06-25 11:19:30 | INFO | P07 | Feature (x): gdp
2026-06-25 11:19:30 | INFO | P07 | Target  (y): co2
2026-06-25 11:19:30 | INFO | P07 | Original rows: 10
2026-06-25 11:19:30 | INFO | P07 | Model rows:    10
2026-06-25 11:19:30 | INFO | P07 | Fitted line:
2026-06-25 11:19:30 | INFO | P07 |   co2 = 2.97013e-10 * gdp + -0.804999
2026-06-25 11:19:30 | INFO | P07 | ======================
2026-06-25 11:19:30 | INFO | P07 | Review the fit numbers (R-squared, RMSE). 
2026-06-25 11:19:30 | INFO | P07 | Look at the fitted-line plot and the residual plot. 
2026-06-25 11:19:30 | INFO | P07 | Decide if a `straight line` is a fair description. 
2026-06-25 11:19:30 | INFO | P07 | If the residuals DO show a pattern (e.g. curve, funnel, clusters),
2026-06-25 11:19:30 | INFO | P07 | then a straight line is NOT a good description. 
2026-06-25 11:19:30 | INFO | P07 | If the residuals DO NOT show a pattern,
2026-06-25 11:19:30 | INFO | P07 | then a straight line MIGHT be a good description. 
2026-06-25 11:19:30 | INFO | P07 | Either way, the findings may be valuable.
2026-06-25 11:19:30 | INFO | P07 | ======================
2026-06-25 11:19:30 | INFO | P07 | Repeat with a different feature, or a transformed feature, 
2026-06-25 11:19:30 | INFO | P07 | to investigate other options.
2026-06-25 11:19:30 | INFO | P07 | ======================
2026-06-25 11:19:30 | INFO | P07 | Include instructions and specifics in your README.md file.
2026-06-25 11:19:30 | INFO | P07 | Write up your narrative on your docs/index.md file.
2026-06-25 11:19:30 | INFO | P07 | Include your next step suggestions for further analysis or modeling.
2026-06-25 11:19:30 | INFO | P07 | ======================
2026-06-25 11:19:30 | INFO | P07 | --- Processing Year: 2022 ---
2026-06-25 11:19:30 | INFO | P07 | Creating modeling view (dropping rows missing feature or target)
2026-06-25 11:19:30 | DEBUG | P07 | Columns required to be non-missing: ['gdp', 'co2']
2026-06-25 11:19:30 | INFO | P07 | Original rows: 10
2026-06-25 11:19:30 | INFO | P07 | Model rows:    10
2026-06-25 11:19:30 | INFO | P07 | Rows dropped:  0
2026-06-25 11:19:30 | INFO | P07 | Building feature matrix X and target vector y
2026-06-25 11:19:30 | DEBUG | P07 | X shape: (10, 1)  (rows, features)
2026-06-25 11:19:30 | DEBUG | P07 | y shape: (10,)  (rows,)
2026-06-25 11:19:30 | INFO | P07 | Fitting a linear regression (scikit-learn)
2026-06-25 11:19:30 | DEBUG | P07 |   slope:     2.93019e-10
2026-06-25 11:19:30 | DEBUG | P07 |   intercept: 10.5308
2026-06-25 11:19:30 | INFO | P07 | Fitted line:
2026-06-25 11:19:30 | INFO | P07 |   co2 = 2.93019e-10 * gdp + 10.5308
2026-06-25 11:19:30 | DEBUG | P07 |   numpy check -> slope 2.93019e-10, intercept 10.5308
2026-06-25 11:19:30 | INFO | P07 | Computing fitted values for every observed row
2026-06-25 11:19:30 | INFO | P07 | Predicting CO2 emissions for one example GDP value
2026-06-25 11:19:30 | DEBUG | P07 |   example gdp: 1e+12
2026-06-25 11:19:30 | DEBUG | P07 |   predicted co2: 303.55
2026-06-25 11:19:30 | INFO | P07 | Computing residuals (actual - fitted)
2026-06-25 11:19:30 | INFO | P07 | Fit numbers (requires interpretation):
2026-06-25 11:19:30 | DEBUG | P07 |   R-squared: 0.9865
2026-06-25 11:19:30 | DEBUG | P07 |   RMSE:      1279.79  (in units of CO2 emissions)
2026-06-25 11:19:30 | DEBUG | P07 |   residual min:  -666.998
2026-06-25 11:19:30 | DEBUG | P07 |   residual max:  3799.72
2026-06-25 11:19:30 | DEBUG | P07 |   residual mean: 1.00044e-12
2026-06-25 11:19:30 | INFO | P07 | 
Linear Regression Fit Numbers (requires interpretation):
             R-squared is near 1, indicating the line accounts for most of the variation in y.
             Residual plot shows clustering of residuals, indicating a straight line is not the right description.

2026-06-25 11:19:30 | INFO | P07 | ---- Creating Scatter Plot with Fitted Line ----------
2026-06-25 11:19:30 | INFO | P07 | ----   Set x to GDP -----------------------
2026-06-25 11:19:30 | INFO | P07 | ----   Set y to CO2 emissions -------------------------
2026-06-25 11:19:31 | INFO | P07 | ------ Creating Residual Plot --------------------------
2026-06-25 11:19:31 | INFO | P07 | ------   Set x to GDP ----------------------
2026-06-25 11:19:31 | INFO | P07 | ------   Set y to the residual (actual - fitted) -------
2026-06-25 11:19:31 | INFO | P07 | ========================
2026-06-25 11:19:31 | INFO | P07 | SUMMARY
2026-06-25 11:19:31 | INFO | P07 | ========================
2026-06-25 11:19:31 | INFO | P07 | Dataset: owid-co2-data-subset
2026-06-25 11:19:31 | INFO | P07 | Feature (x): gdp
2026-06-25 11:19:31 | INFO | P07 | Target  (y): co2
2026-06-25 11:19:31 | INFO | P07 | Original rows: 10
2026-06-25 11:19:31 | INFO | P07 | Model rows:    10
2026-06-25 11:19:31 | INFO | P07 | Fitted line:
2026-06-25 11:19:31 | INFO | P07 |   co2 = 2.93019e-10 * gdp + 10.5308
2026-06-25 11:19:31 | INFO | P07 | ======================
2026-06-25 11:19:31 | INFO | P07 | Review the fit numbers (R-squared, RMSE). 
2026-06-25 11:19:31 | INFO | P07 | Look at the fitted-line plot and the residual plot. 
2026-06-25 11:19:31 | INFO | P07 | Decide if a `straight line` is a fair description. 
2026-06-25 11:19:31 | INFO | P07 | If the residuals DO show a pattern (e.g. curve, funnel, clusters),
2026-06-25 11:19:31 | INFO | P07 | then a straight line is NOT a good description. 
2026-06-25 11:19:31 | INFO | P07 | If the residuals DO NOT show a pattern,
2026-06-25 11:19:31 | INFO | P07 | then a straight line MIGHT be a good description. 
2026-06-25 11:19:31 | INFO | P07 | Either way, the findings may be valuable.
2026-06-25 11:19:31 | INFO | P07 | ======================
2026-06-25 11:19:31 | INFO | P07 | Repeat with a different feature, or a transformed feature, 
2026-06-25 11:19:31 | INFO | P07 | to investigate other options.
2026-06-25 11:19:31 | INFO | P07 | ======================
2026-06-25 11:19:31 | INFO | P07 | Include instructions and specifics in your README.md file.
2026-06-25 11:19:31 | INFO | P07 | Write up your narrative on your docs/index.md file.
2026-06-25 11:19:31 | INFO | P07 | Include your next step suggestions for further analysis or modeling.
2026-06-25 11:19:31 | INFO | P07 | ======================
2026-06-25 11:19:31 | INFO | P07 | --- Processing Year: 2023 ---
2026-06-25 11:19:31 | INFO | P07 | Creating modeling view (dropping rows missing feature or target)
2026-06-25 11:19:31 | DEBUG | P07 | Columns required to be non-missing: ['gdp', 'co2']
2026-06-25 11:19:31 | INFO | P07 | Original rows: 10
2026-06-25 11:19:31 | INFO | P07 | Model rows:    0
2026-06-25 11:19:31 | INFO | P07 | Rows dropped:  10
2026-06-25 11:19:31 | INFO | P07 | Skipping year 2023: not enough rows for regression
2026-06-25 11:19:31 | INFO | P07 | --- Processing Year: 2024 ---
2026-06-25 11:19:31 | INFO | P07 | Creating modeling view (dropping rows missing feature or target)
2026-06-25 11:19:31 | DEBUG | P07 | Columns required to be non-missing: ['gdp', 'co2']
2026-06-25 11:19:31 | INFO | P07 | Original rows: 10
2026-06-25 11:19:31 | INFO | P07 | Model rows:    0
2026-06-25 11:19:31 | INFO | P07 | Rows dropped:  10
2026-06-25 11:19:31 | INFO | P07 | Skipping year 2024: not enough rows for regression
2026-06-25 11:19:31 | INFO | P07 | --- Section 9: Summary and next steps ---
2026-06-25 11:19:31 | INFO | P07 | Per-year summaries have been logged inside the loop.
2026-06-25 11:19:31 | INFO | P07 | ----- in a script, call plt.show() once at the end to display all charts -----
2026-06-25 11:19:31 | INFO | P07 | ----- in a script, close the chart windows (with the close button) to continue  -----
2026-06-25 11:24:38 | INFO | P07 | Regression workflow complete
2026-06-25 11:24:38 | INFO | P07 | IMPORTANT: This script creates chart windows.
2026-06-25 11:24:38 | INFO | P07 | Close any chart windows and terminate this process with CTRL+c as needed.
2026-06-25 11:24:38 | INFO | P07 | ========================
2026-06-25 11:24:38 | INFO | P07 | Executed successfully!
2026-06-25 11:24:38 | INFO | P07 | ========================
2026-06-25 11:32:32 | INFO | P07 | === RUN START ===
2026-06-25 11:32:32 | INFO | P07 | project=P07
2026-06-25 11:32:32 | INFO | P07 | repo_dir=datafun-07-regression
2026-06-25 11:32:32 | INFO | P07 | python=3.14.5
2026-06-25 11:32:32 | INFO | P07 | os=Windows 11
2026-06-25 11:32:32 | INFO | P07 | shell=powershell
2026-06-25 11:32:32 | INFO | P07 | cwd=.
2026-06-25 11:32:32 | INFO | P07 | github_actions=False
2026-06-25 11:32:32 | INFO | P07 | === RUN START ===
2026-06-25 11:32:32 | INFO | P07 | project=REGRESSION
2026-06-25 11:32:32 | INFO | P07 | repo_dir=datafun-07-regression
2026-06-25 11:32:32 | INFO | P07 | python=3.14.5
2026-06-25 11:32:32 | INFO | P07 | os=Windows 11
2026-06-25 11:32:32 | INFO | P07 | shell=powershell
2026-06-25 11:32:32 | INFO | P07 | cwd=.
2026-06-25 11:32:32 | INFO | P07 | github_actions=False
2026-06-25 11:32:32 | INFO | P07 | ========================
2026-06-25 11:32:32 | INFO | P07 | START main()
2026-06-25 11:32:32 | INFO | P07 | ========================
2026-06-25 11:32:32 | INFO | P07 | --- Section 2: Load dataset: owid-co2-data-subset ---
2026-06-25 11:32:32 | INFO | P07 | Loading dataset: owid-co2-data-subset
2026-06-25 11:32:32 | INFO | P07 | Loaded: 350 rows, 14 columns
2026-06-25 11:32:32 | INFO | P07 | Found year column. Running regressions for 35 years
2026-06-25 11:32:32 | INFO | P07 | --- Processing Year: 1990 ---
2026-06-25 11:32:32 | INFO | P07 | Creating modeling view (dropping rows missing feature or target)
2026-06-25 11:32:32 | DEBUG | P07 | Columns required to be non-missing: ['gdp', 'co2']
2026-06-25 11:32:32 | INFO | P07 | Original rows: 10
2026-06-25 11:32:32 | INFO | P07 | Model rows:    10
2026-06-25 11:32:32 | INFO | P07 | Rows dropped:  0
2026-06-25 11:32:32 | INFO | P07 | Building feature matrix X and target vector y
2026-06-25 11:32:32 | DEBUG | P07 | X shape: (10, 1)  (rows, features)
2026-06-25 11:32:32 | DEBUG | P07 | y shape: (10,)  (rows,)
2026-06-25 11:32:32 | INFO | P07 | Fitting a linear regression (scikit-learn)
2026-06-25 11:32:32 | DEBUG | P07 |   slope:     5.33658e-10
2026-06-25 11:32:32 | DEBUG | P07 |   intercept: -163.964
2026-06-25 11:32:32 | INFO | P07 | Fitted line:
2026-06-25 11:32:32 | INFO | P07 |   co2 = 5.33658e-10 * gdp + -163.964
2026-06-25 11:32:32 | DEBUG | P07 |   numpy check -> slope 5.33658e-10, intercept -163.964
2026-06-25 11:32:32 | INFO | P07 | Computing fitted values for every observed row
2026-06-25 11:32:32 | INFO | P07 | Predicting CO2 emissions for one example GDP value
2026-06-25 11:32:32 | DEBUG | P07 |   example gdp: 1e+12
2026-06-25 11:32:32 | DEBUG | P07 |   predicted co2: 369.694
2026-06-25 11:32:32 | INFO | P07 | Computing residuals (actual - fitted)
2026-06-25 11:32:32 | INFO | P07 | Fit numbers (requires interpretation):
2026-06-25 11:32:32 | DEBUG | P07 |   R-squared: 0.9965
2026-06-25 11:32:32 | DEBUG | P07 |   RMSE:      390.14  (in units of CO2 emissions)
2026-06-25 11:32:32 | DEBUG | P07 |   residual min:  -655.623
2026-06-25 11:32:32 | DEBUG | P07 |   residual max:  841
2026-06-25 11:32:32 | DEBUG | P07 |   residual mean: -3.41061e-13
2026-06-25 11:32:32 | INFO | P07 | ---- Creating Scatter Plot with Fitted Line ----------
2026-06-25 11:32:32 | INFO | P07 | ----   Set x to GDP -----------------------
2026-06-25 11:32:32 | INFO | P07 | ----   Set y to CO2 emissions -------------------------
2026-06-25 11:32:32 | INFO | P07 | ------ Creating Residual Plot --------------------------
2026-06-25 11:32:32 | INFO | P07 | ------   Set x to GDP ----------------------
2026-06-25 11:32:32 | INFO | P07 | ------   Set y to the residual (actual - fitted) -------
2026-06-25 11:32:32 | INFO | P07 | ========================
2026-06-25 11:32:32 | INFO | P07 | SUMMARY
2026-06-25 11:32:32 | INFO | P07 | ========================
2026-06-25 11:32:32 | INFO | P07 | Dataset: owid-co2-data-subset
2026-06-25 11:32:32 | INFO | P07 | Feature (x): gdp
2026-06-25 11:32:32 | INFO | P07 | Target  (y): co2
2026-06-25 11:32:32 | INFO | P07 | Original rows: 10
2026-06-25 11:32:32 | INFO | P07 | Model rows:    10
2026-06-25 11:32:32 | INFO | P07 | Fitted line:
2026-06-25 11:32:32 | INFO | P07 |   co2 = 5.33658e-10 * gdp + -163.964
2026-06-25 11:32:32 | INFO | P07 | ======================
2026-06-25 11:32:32 | INFO | P07 | Review the fit numbers (R-squared, RMSE). 
2026-06-25 11:32:32 | INFO | P07 | Look at the fitted-line plot and the residual plot. 
2026-06-25 11:32:32 | INFO | P07 | Decide if a `straight line` is a fair description. 
2026-06-25 11:32:32 | INFO | P07 | If the residuals DO show a pattern (e.g. curve, funnel, clusters),
2026-06-25 11:32:32 | INFO | P07 | then a straight line is NOT a good description. 
2026-06-25 11:32:32 | INFO | P07 | If the residuals DO NOT show a pattern,
2026-06-25 11:32:32 | INFO | P07 | then a straight line MIGHT be a good description. 
2026-06-25 11:32:32 | INFO | P07 | Either way, the findings may be valuable.
2026-06-25 11:32:32 | INFO | P07 | ======================
2026-06-25 11:32:32 | INFO | P07 | --- Processing Year: 1991 ---
2026-06-25 11:32:32 | INFO | P07 | Creating modeling view (dropping rows missing feature or target)
2026-06-25 11:32:32 | DEBUG | P07 | Columns required to be non-missing: ['gdp', 'co2']
2026-06-25 11:32:33 | INFO | P07 | Original rows: 10
2026-06-25 11:32:33 | INFO | P07 | Model rows:    9
2026-06-25 11:32:33 | INFO | P07 | Rows dropped:  1
2026-06-25 11:32:33 | INFO | P07 | Building feature matrix X and target vector y
2026-06-25 11:32:33 | DEBUG | P07 | X shape: (9, 1)  (rows, features)
2026-06-25 11:32:33 | DEBUG | P07 | y shape: (9,)  (rows,)
2026-06-25 11:32:33 | INFO | P07 | Fitting a linear regression (scikit-learn)
2026-06-25 11:32:33 | DEBUG | P07 |   slope:     5.8066e-10
2026-06-25 11:32:33 | DEBUG | P07 |   intercept: -298.679
2026-06-25 11:32:33 | INFO | P07 | Fitted line:
2026-06-25 11:32:33 | INFO | P07 |   co2 = 5.8066e-10 * gdp + -298.679
2026-06-25 11:32:33 | DEBUG | P07 |   numpy check -> slope 5.8066e-10, intercept -298.679
2026-06-25 11:32:33 | INFO | P07 | Computing fitted values for every observed row
2026-06-25 11:32:33 | INFO | P07 | Predicting CO2 emissions for one example GDP value
2026-06-25 11:32:33 | DEBUG | P07 |   example gdp: 1e+12
2026-06-25 11:32:33 | DEBUG | P07 |   predicted co2: 281.981
2026-06-25 11:32:33 | INFO | P07 | Computing residuals (actual - fitted)
2026-06-25 11:32:33 | INFO | P07 | Fit numbers (requires interpretation):
2026-06-25 11:32:33 | DEBUG | P07 |   R-squared: 0.9222
2026-06-25 11:32:33 | DEBUG | P07 |   RMSE:      412.333  (in units of CO2 emissions)
2026-06-25 11:32:33 | DEBUG | P07 |   residual min:  -755.607
2026-06-25 11:32:33 | DEBUG | P07 |   residual max:  880.315
2026-06-25 11:32:33 | DEBUG | P07 |   residual mean: -1.13687e-13
2026-06-25 11:32:33 | INFO | P07 | ---- Creating Scatter Plot with Fitted Line ----------
2026-06-25 11:32:33 | INFO | P07 | ----   Set x to GDP -----------------------
2026-06-25 11:32:33 | INFO | P07 | ----   Set y to CO2 emissions -------------------------
2026-06-25 11:32:33 | INFO | P07 | ------ Creating Residual Plot --------------------------
2026-06-25 11:32:33 | INFO | P07 | ------   Set x to GDP ----------------------
2026-06-25 11:32:33 | INFO | P07 | ------   Set y to the residual (actual - fitted) -------
2026-06-25 11:32:33 | INFO | P07 | ========================
2026-06-25 11:32:33 | INFO | P07 | SUMMARY
2026-06-25 11:32:33 | INFO | P07 | ========================
2026-06-25 11:32:33 | INFO | P07 | Dataset: owid-co2-data-subset
2026-06-25 11:32:33 | INFO | P07 | Feature (x): gdp
2026-06-25 11:32:33 | INFO | P07 | Target  (y): co2
2026-06-25 11:32:33 | INFO | P07 | Original rows: 10
2026-06-25 11:32:33 | INFO | P07 | Model rows:    9
2026-06-25 11:32:33 | INFO | P07 | Fitted line:
2026-06-25 11:32:33 | INFO | P07 |   co2 = 5.8066e-10 * gdp + -298.679
2026-06-25 11:32:33 | INFO | P07 | ======================
2026-06-25 11:32:33 | INFO | P07 | Review the fit numbers (R-squared, RMSE). 
2026-06-25 11:32:33 | INFO | P07 | Look at the fitted-line plot and the residual plot. 
2026-06-25 11:32:33 | INFO | P07 | Decide if a `straight line` is a fair description. 
2026-06-25 11:32:33 | INFO | P07 | If the residuals DO show a pattern (e.g. curve, funnel, clusters),
2026-06-25 11:32:33 | INFO | P07 | then a straight line is NOT a good description. 
2026-06-25 11:32:33 | INFO | P07 | If the residuals DO NOT show a pattern,
2026-06-25 11:32:33 | INFO | P07 | then a straight line MIGHT be a good description. 
2026-06-25 11:32:33 | INFO | P07 | Either way, the findings may be valuable.
2026-06-25 11:32:33 | INFO | P07 | ======================
2026-06-25 11:32:33 | INFO | P07 | --- Processing Year: 1992 ---
2026-06-25 11:32:33 | INFO | P07 | Creating modeling view (dropping rows missing feature or target)
2026-06-25 11:32:33 | DEBUG | P07 | Columns required to be non-missing: ['gdp', 'co2']
2026-06-25 11:32:33 | INFO | P07 | Original rows: 10
2026-06-25 11:32:33 | INFO | P07 | Model rows:    9
2026-06-25 11:32:33 | INFO | P07 | Rows dropped:  1
2026-06-25 11:32:33 | INFO | P07 | Building feature matrix X and target vector y
2026-06-25 11:32:33 | DEBUG | P07 | X shape: (9, 1)  (rows, features)
2026-06-25 11:32:33 | DEBUG | P07 | y shape: (9,)  (rows,)
2026-06-25 11:32:33 | INFO | P07 | Fitting a linear regression (scikit-learn)
2026-06-25 11:32:33 | DEBUG | P07 |   slope:     5.75255e-10
2026-06-25 11:32:33 | DEBUG | P07 |   intercept: -311.477
2026-06-25 11:32:33 | INFO | P07 | Fitted line:
2026-06-25 11:32:33 | INFO | P07 |   co2 = 5.75255e-10 * gdp + -311.477
2026-06-25 11:32:33 | DEBUG | P07 |   numpy check -> slope 5.75255e-10, intercept -311.477
2026-06-25 11:32:33 | INFO | P07 | Computing fitted values for every observed row
2026-06-25 11:32:33 | INFO | P07 | Predicting CO2 emissions for one example GDP value
2026-06-25 11:32:33 | DEBUG | P07 |   example gdp: 1e+12
2026-06-25 11:32:33 | DEBUG | P07 |   predicted co2: 263.778
2026-06-25 11:32:33 | INFO | P07 | Computing residuals (actual - fitted)
2026-06-25 11:32:33 | INFO | P07 | Fit numbers (requires interpretation):
2026-06-25 11:32:33 | DEBUG | P07 |   R-squared: 0.9275
2026-06-25 11:32:33 | DEBUG | P07 |   RMSE:      408.376  (in units of CO2 emissions)
2026-06-25 11:32:33 | DEBUG | P07 |   residual min:  -731.548
2026-06-25 11:32:33 | DEBUG | P07 |   residual max:  882.663
2026-06-25 11:32:33 | DEBUG | P07 |   residual mean: 2.0211e-13
2026-06-25 11:32:33 | INFO | P07 | ---- Creating Scatter Plot with Fitted Line ----------
2026-06-25 11:32:33 | INFO | P07 | ----   Set x to GDP -----------------------
2026-06-25 11:32:33 | INFO | P07 | ----   Set y to CO2 emissions -------------------------
2026-06-25 11:32:33 | INFO | P07 | ------ Creating Residual Plot --------------------------
2026-06-25 11:32:33 | INFO | P07 | ------   Set x to GDP ----------------------
2026-06-25 11:32:33 | INFO | P07 | ------   Set y to the residual (actual - fitted) -------
2026-06-25 11:32:33 | INFO | P07 | ========================
2026-06-25 11:32:33 | INFO | P07 | SUMMARY
2026-06-25 11:32:33 | INFO | P07 | ========================
2026-06-25 11:32:33 | INFO | P07 | Dataset: owid-co2-data-subset
2026-06-25 11:32:33 | INFO | P07 | Feature (x): gdp
2026-06-25 11:32:33 | INFO | P07 | Target  (y): co2
2026-06-25 11:32:33 | INFO | P07 | Original rows: 10
2026-06-25 11:32:33 | INFO | P07 | Model rows:    9
2026-06-25 11:32:33 | INFO | P07 | Fitted line:
2026-06-25 11:32:33 | INFO | P07 |   co2 = 5.75255e-10 * gdp + -311.477
2026-06-25 11:32:33 | INFO | P07 | ======================
2026-06-25 11:32:33 | INFO | P07 | Review the fit numbers (R-squared, RMSE). 
2026-06-25 11:32:33 | INFO | P07 | Look at the fitted-line plot and the residual plot. 
2026-06-25 11:32:33 | INFO | P07 | Decide if a `straight line` is a fair description. 
2026-06-25 11:32:33 | INFO | P07 | If the residuals DO show a pattern (e.g. curve, funnel, clusters),
2026-06-25 11:32:33 | INFO | P07 | then a straight line is NOT a good description. 
2026-06-25 11:32:33 | INFO | P07 | If the residuals DO NOT show a pattern,
2026-06-25 11:32:33 | INFO | P07 | then a straight line MIGHT be a good description. 
2026-06-25 11:32:33 | INFO | P07 | Either way, the findings may be valuable.
2026-06-25 11:32:33 | INFO | P07 | ======================
2026-06-25 11:32:33 | INFO | P07 | --- Processing Year: 1993 ---
2026-06-25 11:32:33 | INFO | P07 | Creating modeling view (dropping rows missing feature or target)
2026-06-25 11:32:33 | DEBUG | P07 | Columns required to be non-missing: ['gdp', 'co2']
2026-06-25 11:32:33 | INFO | P07 | Original rows: 10
2026-06-25 11:32:33 | INFO | P07 | Model rows:    9
2026-06-25 11:32:33 | INFO | P07 | Rows dropped:  1
2026-06-25 11:32:33 | INFO | P07 | Building feature matrix X and target vector y
2026-06-25 11:32:33 | DEBUG | P07 | X shape: (9, 1)  (rows, features)
2026-06-25 11:32:33 | DEBUG | P07 | y shape: (9,)  (rows,)
2026-06-25 11:32:33 | INFO | P07 | Fitting a linear regression (scikit-learn)
2026-06-25 11:32:33 | DEBUG | P07 |   slope:     5.77429e-10
2026-06-25 11:32:33 | DEBUG | P07 |   intercept: -343.282
2026-06-25 11:32:33 | INFO | P07 | Fitted line:
2026-06-25 11:32:33 | INFO | P07 |   co2 = 5.77429e-10 * gdp + -343.282
2026-06-25 11:32:33 | DEBUG | P07 |   numpy check -> slope 5.77429e-10, intercept -343.282
2026-06-25 11:32:33 | INFO | P07 | Computing fitted values for every observed row
2026-06-25 11:32:33 | INFO | P07 | Predicting CO2 emissions for one example GDP value
2026-06-25 11:32:33 | DEBUG | P07 |   example gdp: 1e+12
2026-06-25 11:32:33 | DEBUG | P07 |   predicted co2: 234.148
2026-06-25 11:32:33 | INFO | P07 | Computing residuals (actual - fitted)
2026-06-25 11:32:33 | INFO | P07 | Fit numbers (requires interpretation):
2026-06-25 11:32:33 | DEBUG | P07 |   R-squared: 0.9331
2026-06-25 11:32:33 | DEBUG | P07 |   RMSE:      404.667  (in units of CO2 emissions)
2026-06-25 11:32:33 | DEBUG | P07 |   residual min:  -716.767
2026-06-25 11:32:33 | DEBUG | P07 |   residual max:  874.995
2026-06-25 11:32:33 | DEBUG | P07 |   residual mean: 2.52637e-13
2026-06-25 11:32:33 | INFO | P07 | ---- Creating Scatter Plot with Fitted Line ----------
2026-06-25 11:32:33 | INFO | P07 | ----   Set x to GDP -----------------------
2026-06-25 11:32:33 | INFO | P07 | ----   Set y to CO2 emissions -------------------------
2026-06-25 11:32:33 | INFO | P07 | ------ Creating Residual Plot --------------------------
2026-06-25 11:32:33 | INFO | P07 | ------   Set x to GDP ----------------------
2026-06-25 11:32:33 | INFO | P07 | ------   Set y to the residual (actual - fitted) -------
2026-06-25 11:32:33 | INFO | P07 | ========================
2026-06-25 11:32:33 | INFO | P07 | SUMMARY
2026-06-25 11:32:33 | INFO | P07 | ========================
2026-06-25 11:32:33 | INFO | P07 | Dataset: owid-co2-data-subset
2026-06-25 11:32:33 | INFO | P07 | Feature (x): gdp
2026-06-25 11:32:33 | INFO | P07 | Target  (y): co2
2026-06-25 11:32:33 | INFO | P07 | Original rows: 10
2026-06-25 11:32:33 | INFO | P07 | Model rows:    9
2026-06-25 11:32:33 | INFO | P07 | Fitted line:
2026-06-25 11:32:33 | INFO | P07 |   co2 = 5.77429e-10 * gdp + -343.282
2026-06-25 11:32:33 | INFO | P07 | ======================
2026-06-25 11:32:33 | INFO | P07 | Review the fit numbers (R-squared, RMSE). 
2026-06-25 11:32:33 | INFO | P07 | Look at the fitted-line plot and the residual plot. 
2026-06-25 11:32:33 | INFO | P07 | Decide if a `straight line` is a fair description. 
2026-06-25 11:32:33 | INFO | P07 | If the residuals DO show a pattern (e.g. curve, funnel, clusters),
2026-06-25 11:32:33 | INFO | P07 | then a straight line is NOT a good description. 
2026-06-25 11:32:33 | INFO | P07 | If the residuals DO NOT show a pattern,
2026-06-25 11:32:33 | INFO | P07 | then a straight line MIGHT be a good description. 
2026-06-25 11:32:33 | INFO | P07 | Either way, the findings may be valuable.
2026-06-25 11:32:33 | INFO | P07 | ======================
2026-06-25 11:32:33 | INFO | P07 | --- Processing Year: 1994 ---
2026-06-25 11:32:33 | INFO | P07 | Creating modeling view (dropping rows missing feature or target)
2026-06-25 11:32:33 | DEBUG | P07 | Columns required to be non-missing: ['gdp', 'co2']
2026-06-25 11:32:33 | INFO | P07 | Original rows: 10
2026-06-25 11:32:33 | INFO | P07 | Model rows:    9
2026-06-25 11:32:33 | INFO | P07 | Rows dropped:  1
2026-06-25 11:32:33 | INFO | P07 | Building feature matrix X and target vector y
2026-06-25 11:32:33 | DEBUG | P07 | X shape: (9, 1)  (rows, features)
2026-06-25 11:32:33 | DEBUG | P07 | y shape: (9,)  (rows,)
2026-06-25 11:32:33 | INFO | P07 | Fitting a linear regression (scikit-learn)
2026-06-25 11:32:33 | DEBUG | P07 |   slope:     5.69861e-10
2026-06-25 11:32:33 | DEBUG | P07 |   intercept: -355.247
2026-06-25 11:32:33 | INFO | P07 | Fitted line:
2026-06-25 11:32:33 | INFO | P07 |   co2 = 5.69861e-10 * gdp + -355.247
2026-06-25 11:32:33 | DEBUG | P07 |   numpy check -> slope 5.69861e-10, intercept -355.247
2026-06-25 11:32:33 | INFO | P07 | Computing fitted values for every observed row
2026-06-25 11:32:33 | INFO | P07 | Predicting CO2 emissions for one example GDP value
2026-06-25 11:32:33 | DEBUG | P07 |   example gdp: 1e+12
2026-06-25 11:32:33 | DEBUG | P07 |   predicted co2: 214.614
2026-06-25 11:32:33 | INFO | P07 | Computing residuals (actual - fitted)
2026-06-25 11:32:33 | INFO | P07 | Fit numbers (requires interpretation):
2026-06-25 11:32:33 | DEBUG | P07 |   R-squared: 0.9364
2026-06-25 11:32:33 | DEBUG | P07 |   RMSE:      404.497  (in units of CO2 emissions)
2026-06-25 11:32:33 | DEBUG | P07 |   residual min:  -640.188
2026-06-25 11:32:33 | DEBUG | P07 |   residual max:  919.667
2026-06-25 11:32:33 | DEBUG | P07 |   residual mean: -6.31594e-14
2026-06-25 11:32:33 | INFO | P07 | ---- Creating Scatter Plot with Fitted Line ----------
2026-06-25 11:32:33 | INFO | P07 | ----   Set x to GDP -----------------------
2026-06-25 11:32:33 | INFO | P07 | ----   Set y to CO2 emissions -------------------------
2026-06-25 11:32:33 | INFO | P07 | ------ Creating Residual Plot --------------------------
2026-06-25 11:32:33 | INFO | P07 | ------   Set x to GDP ----------------------
2026-06-25 11:32:33 | INFO | P07 | ------   Set y to the residual (actual - fitted) -------
2026-06-25 11:32:33 | INFO | P07 | ========================
2026-06-25 11:32:33 | INFO | P07 | SUMMARY
2026-06-25 11:32:33 | INFO | P07 | ========================
2026-06-25 11:32:33 | INFO | P07 | Dataset: owid-co2-data-subset
2026-06-25 11:32:33 | INFO | P07 | Feature (x): gdp
2026-06-25 11:32:33 | INFO | P07 | Target  (y): co2
2026-06-25 11:32:33 | INFO | P07 | Original rows: 10
2026-06-25 11:32:33 | INFO | P07 | Model rows:    9
2026-06-25 11:32:33 | INFO | P07 | Fitted line:
2026-06-25 11:32:33 | INFO | P07 |   co2 = 5.69861e-10 * gdp + -355.247
2026-06-25 11:32:33 | INFO | P07 | ======================
2026-06-25 11:32:33 | INFO | P07 | Review the fit numbers (R-squared, RMSE). 
2026-06-25 11:32:33 | INFO | P07 | Look at the fitted-line plot and the residual plot. 
2026-06-25 11:32:33 | INFO | P07 | Decide if a `straight line` is a fair description. 
2026-06-25 11:32:33 | INFO | P07 | If the residuals DO show a pattern (e.g. curve, funnel, clusters),
2026-06-25 11:32:33 | INFO | P07 | then a straight line is NOT a good description. 
2026-06-25 11:32:33 | INFO | P07 | If the residuals DO NOT show a pattern,
2026-06-25 11:32:33 | INFO | P07 | then a straight line MIGHT be a good description. 
2026-06-25 11:32:33 | INFO | P07 | Either way, the findings may be valuable.
2026-06-25 11:32:33 | INFO | P07 | ======================
2026-06-25 11:32:33 | INFO | P07 | --- Processing Year: 1995 ---
2026-06-25 11:32:33 | INFO | P07 | Creating modeling view (dropping rows missing feature or target)
2026-06-25 11:32:33 | DEBUG | P07 | Columns required to be non-missing: ['gdp', 'co2']
2026-06-25 11:32:33 | INFO | P07 | Original rows: 10
2026-06-25 11:32:33 | INFO | P07 | Model rows:    9
2026-06-25 11:32:33 | INFO | P07 | Rows dropped:  1
2026-06-25 11:32:33 | INFO | P07 | Building feature matrix X and target vector y
2026-06-25 11:32:33 | DEBUG | P07 | X shape: (9, 1)  (rows, features)
2026-06-25 11:32:33 | DEBUG | P07 | y shape: (9,)  (rows,)
2026-06-25 11:32:33 | INFO | P07 | Fitting a linear regression (scikit-learn)
2026-06-25 11:32:33 | DEBUG | P07 |   slope:     5.66755e-10
2026-06-25 11:32:33 | DEBUG | P07 |   intercept: -371.936
2026-06-25 11:32:33 | INFO | P07 | Fitted line:
2026-06-25 11:32:33 | INFO | P07 |   co2 = 5.66755e-10 * gdp + -371.936
2026-06-25 11:32:33 | DEBUG | P07 |   numpy check -> slope 5.66755e-10, intercept -371.936
2026-06-25 11:32:33 | INFO | P07 | Computing fitted values for every observed row
2026-06-25 11:32:33 | INFO | P07 | Predicting CO2 emissions for one example GDP value
2026-06-25 11:32:33 | DEBUG | P07 |   example gdp: 1e+12
2026-06-25 11:32:33 | DEBUG | P07 |   predicted co2: 194.819
2026-06-25 11:32:33 | INFO | P07 | Computing residuals (actual - fitted)
2026-06-25 11:32:33 | INFO | P07 | Fit numbers (requires interpretation):
2026-06-25 11:32:33 | DEBUG | P07 |   R-squared: 0.9317
2026-06-25 11:32:33 | DEBUG | P07 |   RMSE:      430.473  (in units of CO2 emissions)
2026-06-25 11:32:33 | DEBUG | P07 |   residual min:  -657.755
2026-06-25 11:32:33 | DEBUG | P07 |   residual max:  997.042
2026-06-25 11:32:33 | DEBUG | P07 |   residual mean: -1.64214e-13
2026-06-25 11:32:33 | INFO | P07 | ---- Creating Scatter Plot with Fitted Line ----------
2026-06-25 11:32:33 | INFO | P07 | ----   Set x to GDP -----------------------
2026-06-25 11:32:33 | INFO | P07 | ----   Set y to CO2 emissions -------------------------
2026-06-25 11:32:33 | INFO | P07 | ------ Creating Residual Plot --------------------------
2026-06-25 11:32:33 | INFO | P07 | ------   Set x to GDP ----------------------
2026-06-25 11:32:33 | INFO | P07 | ------   Set y to the residual (actual - fitted) -------
2026-06-25 11:32:33 | INFO | P07 | ========================
2026-06-25 11:32:33 | INFO | P07 | SUMMARY
2026-06-25 11:32:33 | INFO | P07 | ========================
2026-06-25 11:32:33 | INFO | P07 | Dataset: owid-co2-data-subset
2026-06-25 11:32:33 | INFO | P07 | Feature (x): gdp
2026-06-25 11:32:33 | INFO | P07 | Target  (y): co2
2026-06-25 11:32:33 | INFO | P07 | Original rows: 10
2026-06-25 11:32:33 | INFO | P07 | Model rows:    9
2026-06-25 11:32:33 | INFO | P07 | Fitted line:
2026-06-25 11:32:33 | INFO | P07 |   co2 = 5.66755e-10 * gdp + -371.936
2026-06-25 11:32:33 | INFO | P07 | ======================
2026-06-25 11:32:33 | INFO | P07 | Review the fit numbers (R-squared, RMSE). 
2026-06-25 11:32:33 | INFO | P07 | Look at the fitted-line plot and the residual plot. 
2026-06-25 11:32:33 | INFO | P07 | Decide if a `straight line` is a fair description. 
2026-06-25 11:32:33 | INFO | P07 | If the residuals DO show a pattern (e.g. curve, funnel, clusters),
2026-06-25 11:32:33 | INFO | P07 | then a straight line is NOT a good description. 
2026-06-25 11:32:33 | INFO | P07 | If the residuals DO NOT show a pattern,
2026-06-25 11:32:33 | INFO | P07 | then a straight line MIGHT be a good description. 
2026-06-25 11:32:33 | INFO | P07 | Either way, the findings may be valuable.
2026-06-25 11:32:33 | INFO | P07 | ======================
2026-06-25 11:32:33 | INFO | P07 | --- Processing Year: 1996 ---
2026-06-25 11:32:33 | INFO | P07 | Creating modeling view (dropping rows missing feature or target)
2026-06-25 11:32:33 | DEBUG | P07 | Columns required to be non-missing: ['gdp', 'co2']
2026-06-25 11:32:33 | INFO | P07 | Original rows: 10
2026-06-25 11:32:33 | INFO | P07 | Model rows:    9
2026-06-25 11:32:33 | INFO | P07 | Rows dropped:  1
2026-06-25 11:32:33 | INFO | P07 | Building feature matrix X and target vector y
2026-06-25 11:32:33 | DEBUG | P07 | X shape: (9, 1)  (rows, features)
2026-06-25 11:32:33 | DEBUG | P07 | y shape: (9,)  (rows,)
2026-06-25 11:32:33 | INFO | P07 | Fitting a linear regression (scikit-learn)
2026-06-25 11:32:33 | DEBUG | P07 |   slope:     5.63032e-10
2026-06-25 11:32:33 | DEBUG | P07 |   intercept: -378.116
2026-06-25 11:32:33 | INFO | P07 | Fitted line:
2026-06-25 11:32:33 | INFO | P07 |   co2 = 5.63032e-10 * gdp + -378.116
2026-06-25 11:32:33 | DEBUG | P07 |   numpy check -> slope 5.63032e-10, intercept -378.116
2026-06-25 11:32:33 | INFO | P07 | Computing fitted values for every observed row
2026-06-25 11:32:33 | INFO | P07 | Predicting CO2 emissions for one example GDP value
2026-06-25 11:32:33 | DEBUG | P07 |   example gdp: 1e+12
2026-06-25 11:32:33 | DEBUG | P07 |   predicted co2: 184.916
2026-06-25 11:32:33 | INFO | P07 | Computing residuals (actual - fitted)
2026-06-25 11:32:33 | INFO | P07 | Fit numbers (requires interpretation):
2026-06-25 11:32:33 | DEBUG | P07 |   R-squared: 0.9345
2026-06-25 11:32:33 | DEBUG | P07 |   RMSE:      435.66  (in units of CO2 emissions)
2026-06-25 11:32:33 | DEBUG | P07 |   residual min:  -692.252
2026-06-25 11:32:33 | DEBUG | P07 |   residual max:  990.43
2026-06-25 11:32:33 | DEBUG | P07 |   residual mean: 1.26319e-14
2026-06-25 11:32:33 | INFO | P07 | ---- Creating Scatter Plot with Fitted Line ----------
2026-06-25 11:32:33 | INFO | P07 | ----   Set x to GDP -----------------------
2026-06-25 11:32:33 | INFO | P07 | ----   Set y to CO2 emissions -------------------------
2026-06-25 11:32:33 | INFO | P07 | ------ Creating Residual Plot --------------------------
2026-06-25 11:32:33 | INFO | P07 | ------   Set x to GDP ----------------------
2026-06-25 11:32:33 | INFO | P07 | ------   Set y to the residual (actual - fitted) -------
2026-06-25 11:32:34 | INFO | P07 | ========================
2026-06-25 11:32:34 | INFO | P07 | SUMMARY
2026-06-25 11:32:34 | INFO | P07 | ========================
2026-06-25 11:32:34 | INFO | P07 | Dataset: owid-co2-data-subset
2026-06-25 11:32:34 | INFO | P07 | Feature (x): gdp
2026-06-25 11:32:34 | INFO | P07 | Target  (y): co2
2026-06-25 11:32:34 | INFO | P07 | Original rows: 10
2026-06-25 11:32:34 | INFO | P07 | Model rows:    9
2026-06-25 11:32:34 | INFO | P07 | Fitted line:
2026-06-25 11:32:34 | INFO | P07 |   co2 = 5.63032e-10 * gdp + -378.116
2026-06-25 11:32:34 | INFO | P07 | ======================
2026-06-25 11:32:34 | INFO | P07 | Review the fit numbers (R-squared, RMSE). 
2026-06-25 11:32:34 | INFO | P07 | Look at the fitted-line plot and the residual plot. 
2026-06-25 11:32:34 | INFO | P07 | Decide if a `straight line` is a fair description. 
2026-06-25 11:32:34 | INFO | P07 | If the residuals DO show a pattern (e.g. curve, funnel, clusters),
2026-06-25 11:32:34 | INFO | P07 | then a straight line is NOT a good description. 
2026-06-25 11:32:34 | INFO | P07 | If the residuals DO NOT show a pattern,
2026-06-25 11:32:34 | INFO | P07 | then a straight line MIGHT be a good description. 
2026-06-25 11:32:34 | INFO | P07 | Either way, the findings may be valuable.
2026-06-25 11:32:34 | INFO | P07 | ======================
2026-06-25 11:32:34 | INFO | P07 | --- Processing Year: 1997 ---
2026-06-25 11:32:34 | INFO | P07 | Creating modeling view (dropping rows missing feature or target)
2026-06-25 11:32:34 | DEBUG | P07 | Columns required to be non-missing: ['gdp', 'co2']
2026-06-25 11:32:34 | INFO | P07 | Original rows: 10
2026-06-25 11:32:34 | INFO | P07 | Model rows:    9
2026-06-25 11:32:34 | INFO | P07 | Rows dropped:  1
2026-06-25 11:32:34 | INFO | P07 | Building feature matrix X and target vector y
2026-06-25 11:32:34 | DEBUG | P07 | X shape: (9, 1)  (rows, features)
2026-06-25 11:32:34 | DEBUG | P07 | y shape: (9,)  (rows,)
2026-06-25 11:32:34 | INFO | P07 | Fitting a linear regression (scikit-learn)
2026-06-25 11:32:34 | DEBUG | P07 |   slope:     5.46305e-10
2026-06-25 11:32:34 | DEBUG | P07 |   intercept: -375.495
2026-06-25 11:32:34 | INFO | P07 | Fitted line:
2026-06-25 11:32:34 | INFO | P07 |   co2 = 5.46305e-10 * gdp + -375.495
2026-06-25 11:32:34 | DEBUG | P07 |   numpy check -> slope 5.46305e-10, intercept -375.495
2026-06-25 11:32:34 | INFO | P07 | Computing fitted values for every observed row
2026-06-25 11:32:34 | INFO | P07 | Predicting CO2 emissions for one example GDP value
2026-06-25 11:32:34 | DEBUG | P07 |   example gdp: 1e+12
2026-06-25 11:32:34 | DEBUG | P07 |   predicted co2: 170.811
2026-06-25 11:32:34 | INFO | P07 | Computing residuals (actual - fitted)
2026-06-25 11:32:34 | INFO | P07 | Fit numbers (requires interpretation):
2026-06-25 11:32:34 | DEBUG | P07 |   R-squared: 0.9372
2026-06-25 11:32:34 | DEBUG | P07 |   RMSE:      431.675  (in units of CO2 emissions)
2026-06-25 11:32:34 | DEBUG | P07 |   residual min:  -656.543
2026-06-25 11:32:34 | DEBUG | P07 |   residual max:  997.158
2026-06-25 11:32:34 | DEBUG | P07 |   residual mean: -1.51582e-13
2026-06-25 11:32:34 | INFO | P07 | ---- Creating Scatter Plot with Fitted Line ----------
2026-06-25 11:32:34 | INFO | P07 | ----   Set x to GDP -----------------------
2026-06-25 11:32:34 | INFO | P07 | ----   Set y to CO2 emissions -------------------------
2026-06-25 11:32:34 | INFO | P07 | ------ Creating Residual Plot --------------------------
2026-06-25 11:32:34 | INFO | P07 | ------   Set x to GDP ----------------------
2026-06-25 11:32:34 | INFO | P07 | ------   Set y to the residual (actual - fitted) -------
2026-06-25 11:32:34 | INFO | P07 | ========================
2026-06-25 11:32:34 | INFO | P07 | SUMMARY
2026-06-25 11:32:34 | INFO | P07 | ========================
2026-06-25 11:32:34 | INFO | P07 | Dataset: owid-co2-data-subset
2026-06-25 11:32:34 | INFO | P07 | Feature (x): gdp
2026-06-25 11:32:34 | INFO | P07 | Target  (y): co2
2026-06-25 11:32:34 | INFO | P07 | Original rows: 10
2026-06-25 11:32:34 | INFO | P07 | Model rows:    9
2026-06-25 11:32:34 | INFO | P07 | Fitted line:
2026-06-25 11:32:34 | INFO | P07 |   co2 = 5.46305e-10 * gdp + -375.495
2026-06-25 11:32:34 | INFO | P07 | ======================
2026-06-25 11:32:34 | INFO | P07 | Review the fit numbers (R-squared, RMSE). 
2026-06-25 11:32:34 | INFO | P07 | Look at the fitted-line plot and the residual plot. 
2026-06-25 11:32:34 | INFO | P07 | Decide if a `straight line` is a fair description. 
2026-06-25 11:32:34 | INFO | P07 | If the residuals DO show a pattern (e.g. curve, funnel, clusters),
2026-06-25 11:32:34 | INFO | P07 | then a straight line is NOT a good description. 
2026-06-25 11:32:34 | INFO | P07 | If the residuals DO NOT show a pattern,
2026-06-25 11:32:34 | INFO | P07 | then a straight line MIGHT be a good description. 
2026-06-25 11:32:34 | INFO | P07 | Either way, the findings may be valuable.
2026-06-25 11:32:34 | INFO | P07 | ======================
2026-06-25 11:32:34 | INFO | P07 | --- Processing Year: 1998 ---
2026-06-25 11:32:34 | INFO | P07 | Creating modeling view (dropping rows missing feature or target)
2026-06-25 11:32:34 | DEBUG | P07 | Columns required to be non-missing: ['gdp', 'co2']
2026-06-25 11:32:34 | INFO | P07 | Original rows: 10
2026-06-25 11:32:34 | INFO | P07 | Model rows:    9
2026-06-25 11:32:34 | INFO | P07 | Rows dropped:  1
2026-06-25 11:32:34 | INFO | P07 | Building feature matrix X and target vector y
2026-06-25 11:32:34 | DEBUG | P07 | X shape: (9, 1)  (rows, features)
2026-06-25 11:32:34 | DEBUG | P07 | y shape: (9,)  (rows,)
2026-06-25 11:32:34 | INFO | P07 | Fitting a linear regression (scikit-learn)
2026-06-25 11:32:34 | DEBUG | P07 |   slope:     5.25802e-10
2026-06-25 11:32:34 | DEBUG | P07 |   intercept: -364.925
2026-06-25 11:32:34 | INFO | P07 | Fitted line:
2026-06-25 11:32:34 | INFO | P07 |   co2 = 5.25802e-10 * gdp + -364.925
2026-06-25 11:32:34 | DEBUG | P07 |   numpy check -> slope 5.25802e-10, intercept -364.925
2026-06-25 11:32:34 | INFO | P07 | Computing fitted values for every observed row
2026-06-25 11:32:34 | INFO | P07 | Predicting CO2 emissions for one example GDP value
2026-06-25 11:32:34 | DEBUG | P07 |   example gdp: 1e+12
2026-06-25 11:32:34 | DEBUG | P07 |   predicted co2: 160.877
2026-06-25 11:32:34 | INFO | P07 | Computing residuals (actual - fitted)
2026-06-25 11:32:34 | INFO | P07 | Fit numbers (requires interpretation):
2026-06-25 11:32:34 | DEBUG | P07 |   R-squared: 0.9464
2026-06-25 11:32:34 | DEBUG | P07 |   RMSE:      397.737  (in units of CO2 emissions)
2026-06-25 11:32:34 | DEBUG | P07 |   residual min:  -595.442
2026-06-25 11:32:34 | DEBUG | P07 |   residual max:  913.16
2026-06-25 11:32:34 | DEBUG | P07 |   residual mean: 8.84231e-14
2026-06-25 11:32:34 | INFO | P07 | ---- Creating Scatter Plot with Fitted Line ----------
2026-06-25 11:32:34 | INFO | P07 | ----   Set x to GDP -----------------------
2026-06-25 11:32:34 | INFO | P07 | ----   Set y to CO2 emissions -------------------------
2026-06-25 11:32:34 | INFO | P07 | ------ Creating Residual Plot --------------------------
2026-06-25 11:32:34 | INFO | P07 | ------   Set x to GDP ----------------------
2026-06-25 11:32:34 | INFO | P07 | ------   Set y to the residual (actual - fitted) -------
2026-06-25 11:32:34 | INFO | P07 | ========================
2026-06-25 11:32:34 | INFO | P07 | SUMMARY
2026-06-25 11:32:34 | INFO | P07 | ========================
2026-06-25 11:32:34 | INFO | P07 | Dataset: owid-co2-data-subset
2026-06-25 11:32:34 | INFO | P07 | Feature (x): gdp
2026-06-25 11:32:34 | INFO | P07 | Target  (y): co2
2026-06-25 11:32:34 | INFO | P07 | Original rows: 10
2026-06-25 11:32:34 | INFO | P07 | Model rows:    9
2026-06-25 11:32:34 | INFO | P07 | Fitted line:
2026-06-25 11:32:34 | INFO | P07 |   co2 = 5.25802e-10 * gdp + -364.925
2026-06-25 11:32:34 | INFO | P07 | ======================
2026-06-25 11:32:34 | INFO | P07 | Review the fit numbers (R-squared, RMSE). 
2026-06-25 11:32:34 | INFO | P07 | Look at the fitted-line plot and the residual plot. 
2026-06-25 11:32:34 | INFO | P07 | Decide if a `straight line` is a fair description. 
2026-06-25 11:32:34 | INFO | P07 | If the residuals DO show a pattern (e.g. curve, funnel, clusters),
2026-06-25 11:32:34 | INFO | P07 | then a straight line is NOT a good description. 
2026-06-25 11:32:34 | INFO | P07 | If the residuals DO NOT show a pattern,
2026-06-25 11:32:34 | INFO | P07 | then a straight line MIGHT be a good description. 
2026-06-25 11:32:34 | INFO | P07 | Either way, the findings may be valuable.
2026-06-25 11:32:34 | INFO | P07 | ======================
2026-06-25 11:32:34 | INFO | P07 | --- Processing Year: 1999 ---
2026-06-25 11:32:34 | INFO | P07 | Creating modeling view (dropping rows missing feature or target)
2026-06-25 11:32:34 | DEBUG | P07 | Columns required to be non-missing: ['gdp', 'co2']
2026-06-25 11:32:34 | INFO | P07 | Original rows: 10
2026-06-25 11:32:34 | INFO | P07 | Model rows:    9
2026-06-25 11:32:34 | INFO | P07 | Rows dropped:  1
2026-06-25 11:32:34 | INFO | P07 | Building feature matrix X and target vector y
2026-06-25 11:32:34 | DEBUG | P07 | X shape: (9, 1)  (rows, features)
2026-06-25 11:32:34 | DEBUG | P07 | y shape: (9,)  (rows,)
2026-06-25 11:32:34 | INFO | P07 | Fitting a linear regression (scikit-learn)
2026-06-25 11:32:34 | DEBUG | P07 |   slope:     5.11191e-10
2026-06-25 11:32:34 | DEBUG | P07 |   intercept: -339.675
2026-06-25 11:32:34 | INFO | P07 | Fitted line:
2026-06-25 11:32:34 | INFO | P07 |   co2 = 5.11191e-10 * gdp + -339.675
2026-06-25 11:32:34 | DEBUG | P07 |   numpy check -> slope 5.11191e-10, intercept -339.675
2026-06-25 11:32:34 | INFO | P07 | Computing fitted values for every observed row
2026-06-25 11:32:34 | INFO | P07 | Predicting CO2 emissions for one example GDP value
2026-06-25 11:32:34 | DEBUG | P07 |   example gdp: 1e+12
2026-06-25 11:32:34 | DEBUG | P07 |   predicted co2: 171.516
2026-06-25 11:32:34 | INFO | P07 | Computing residuals (actual - fitted)
2026-06-25 11:32:34 | INFO | P07 | Fit numbers (requires interpretation):
2026-06-25 11:32:34 | DEBUG | P07 |   R-squared: 0.9418
2026-06-25 11:32:34 | DEBUG | P07 |   RMSE:      423.106  (in units of CO2 emissions)
2026-06-25 11:32:34 | DEBUG | P07 |   residual min:  -517.208
2026-06-25 11:32:34 | DEBUG | P07 |   residual max:  1037.95
2026-06-25 11:32:34 | DEBUG | P07 |   residual mean: -2.0211e-13
2026-06-25 11:32:34 | INFO | P07 | ---- Creating Scatter Plot with Fitted Line ----------
2026-06-25 11:32:34 | INFO | P07 | ----   Set x to GDP -----------------------
2026-06-25 11:32:34 | INFO | P07 | ----   Set y to CO2 emissions -------------------------
2026-06-25 11:32:34 | INFO | P07 | ------ Creating Residual Plot --------------------------
2026-06-25 11:32:34 | INFO | P07 | ------   Set x to GDP ----------------------
2026-06-25 11:32:34 | INFO | P07 | ------   Set y to the residual (actual - fitted) -------
2026-06-25 11:32:34 | INFO | P07 | ========================
2026-06-25 11:32:34 | INFO | P07 | SUMMARY
2026-06-25 11:32:34 | INFO | P07 | ========================
2026-06-25 11:32:34 | INFO | P07 | Dataset: owid-co2-data-subset
2026-06-25 11:32:34 | INFO | P07 | Feature (x): gdp
2026-06-25 11:32:34 | INFO | P07 | Target  (y): co2
2026-06-25 11:32:34 | INFO | P07 | Original rows: 10
2026-06-25 11:32:34 | INFO | P07 | Model rows:    9
2026-06-25 11:32:34 | INFO | P07 | Fitted line:
2026-06-25 11:32:34 | INFO | P07 |   co2 = 5.11191e-10 * gdp + -339.675
2026-06-25 11:32:34 | INFO | P07 | ======================
2026-06-25 11:32:34 | INFO | P07 | Review the fit numbers (R-squared, RMSE). 
2026-06-25 11:32:34 | INFO | P07 | Look at the fitted-line plot and the residual plot. 
2026-06-25 11:32:34 | INFO | P07 | Decide if a `straight line` is a fair description. 
2026-06-25 11:32:34 | INFO | P07 | If the residuals DO show a pattern (e.g. curve, funnel, clusters),
2026-06-25 11:32:34 | INFO | P07 | then a straight line is NOT a good description. 
2026-06-25 11:32:34 | INFO | P07 | If the residuals DO NOT show a pattern,
2026-06-25 11:32:34 | INFO | P07 | then a straight line MIGHT be a good description. 
2026-06-25 11:32:34 | INFO | P07 | Either way, the findings may be valuable.
2026-06-25 11:32:34 | INFO | P07 | ======================
2026-06-25 11:32:34 | INFO | P07 | --- Processing Year: 2000 ---
2026-06-25 11:32:34 | INFO | P07 | Creating modeling view (dropping rows missing feature or target)
2026-06-25 11:32:34 | DEBUG | P07 | Columns required to be non-missing: ['gdp', 'co2']
2026-06-25 11:32:34 | INFO | P07 | Original rows: 10
2026-06-25 11:32:34 | INFO | P07 | Model rows:    10
2026-06-25 11:32:34 | INFO | P07 | Rows dropped:  0
2026-06-25 11:32:34 | INFO | P07 | Building feature matrix X and target vector y
2026-06-25 11:32:34 | DEBUG | P07 | X shape: (10, 1)  (rows, features)
2026-06-25 11:32:34 | DEBUG | P07 | y shape: (10,)  (rows,)
2026-06-25 11:32:34 | INFO | P07 | Fitting a linear regression (scikit-learn)
2026-06-25 11:32:34 | DEBUG | P07 |   slope:     4.29824e-10
2026-06-25 11:32:34 | DEBUG | P07 |   intercept: -76.6742
2026-06-25 11:32:34 | INFO | P07 | Fitted line:
2026-06-25 11:32:34 | INFO | P07 |   co2 = 4.29824e-10 * gdp + -76.6742
2026-06-25 11:32:34 | DEBUG | P07 |   numpy check -> slope 4.29824e-10, intercept -76.6742
2026-06-25 11:32:34 | INFO | P07 | Computing fitted values for every observed row
2026-06-25 11:32:34 | INFO | P07 | Predicting CO2 emissions for one example GDP value
2026-06-25 11:32:34 | DEBUG | P07 |   example gdp: 1e+12
2026-06-25 11:32:34 | DEBUG | P07 |   predicted co2: 353.15
2026-06-25 11:32:34 | INFO | P07 | Computing residuals (actual - fitted)
2026-06-25 11:32:34 | INFO | P07 | Fit numbers (requires interpretation):
2026-06-25 11:32:34 | DEBUG | P07 |   R-squared: 0.9958
2026-06-25 11:32:34 | DEBUG | P07 |   RMSE:      474.728  (in units of CO2 emissions)
2026-06-25 11:32:34 | DEBUG | P07 |   residual min:  -472.534
2026-06-25 11:32:34 | DEBUG | P07 |   residual max:  1161.88
2026-06-25 11:32:34 | DEBUG | P07 |   residual mean: 3.18323e-13
2026-06-25 11:32:34 | INFO | P07 | ---- Creating Scatter Plot with Fitted Line ----------
2026-06-25 11:32:34 | INFO | P07 | ----   Set x to GDP -----------------------
2026-06-25 11:32:34 | INFO | P07 | ----   Set y to CO2 emissions -------------------------
2026-06-25 11:32:34 | INFO | P07 | ------ Creating Residual Plot --------------------------
2026-06-25 11:32:34 | INFO | P07 | ------   Set x to GDP ----------------------
2026-06-25 11:32:34 | INFO | P07 | ------   Set y to the residual (actual - fitted) -------
2026-06-25 11:32:34 | INFO | P07 | ========================
2026-06-25 11:32:34 | INFO | P07 | SUMMARY
2026-06-25 11:32:34 | INFO | P07 | ========================
2026-06-25 11:32:34 | INFO | P07 | Dataset: owid-co2-data-subset
2026-06-25 11:32:34 | INFO | P07 | Feature (x): gdp
2026-06-25 11:32:34 | INFO | P07 | Target  (y): co2
2026-06-25 11:32:34 | INFO | P07 | Original rows: 10
2026-06-25 11:32:34 | INFO | P07 | Model rows:    10
2026-06-25 11:32:34 | INFO | P07 | Fitted line:
2026-06-25 11:32:34 | INFO | P07 |   co2 = 4.29824e-10 * gdp + -76.6742
2026-06-25 11:32:34 | INFO | P07 | ======================
2026-06-25 11:32:34 | INFO | P07 | Review the fit numbers (R-squared, RMSE). 
2026-06-25 11:32:34 | INFO | P07 | Look at the fitted-line plot and the residual plot. 
2026-06-25 11:32:34 | INFO | P07 | Decide if a `straight line` is a fair description. 
2026-06-25 11:32:34 | INFO | P07 | If the residuals DO show a pattern (e.g. curve, funnel, clusters),
2026-06-25 11:32:34 | INFO | P07 | then a straight line is NOT a good description. 
2026-06-25 11:32:34 | INFO | P07 | If the residuals DO NOT show a pattern,
2026-06-25 11:32:34 | INFO | P07 | then a straight line MIGHT be a good description. 
2026-06-25 11:32:34 | INFO | P07 | Either way, the findings may be valuable.
2026-06-25 11:32:34 | INFO | P07 | ======================
2026-06-25 11:32:34 | INFO | P07 | --- Processing Year: 2001 ---
2026-06-25 11:32:34 | INFO | P07 | Creating modeling view (dropping rows missing feature or target)
2026-06-25 11:32:34 | DEBUG | P07 | Columns required to be non-missing: ['gdp', 'co2']
2026-06-25 11:32:34 | INFO | P07 | Original rows: 10
2026-06-25 11:32:34 | INFO | P07 | Model rows:    9
2026-06-25 11:32:34 | INFO | P07 | Rows dropped:  1
2026-06-25 11:32:34 | INFO | P07 | Building feature matrix X and target vector y
2026-06-25 11:32:34 | DEBUG | P07 | X shape: (9, 1)  (rows, features)
2026-06-25 11:32:34 | DEBUG | P07 | y shape: (9,)  (rows,)
2026-06-25 11:32:34 | INFO | P07 | Fitting a linear regression (scikit-learn)
2026-06-25 11:32:34 | DEBUG | P07 |   slope:     4.98659e-10
2026-06-25 11:32:34 | DEBUG | P07 |   intercept: -381.05
2026-06-25 11:32:34 | INFO | P07 | Fitted line:
2026-06-25 11:32:34 | INFO | P07 |   co2 = 4.98659e-10 * gdp + -381.05
2026-06-25 11:32:34 | DEBUG | P07 |   numpy check -> slope 4.98659e-10, intercept -381.05
2026-06-25 11:32:34 | INFO | P07 | Computing fitted values for every observed row
2026-06-25 11:32:34 | INFO | P07 | Predicting CO2 emissions for one example GDP value
2026-06-25 11:32:34 | DEBUG | P07 |   example gdp: 1e+12
2026-06-25 11:32:34 | DEBUG | P07 |   predicted co2: 117.609
2026-06-25 11:32:34 | INFO | P07 | Computing residuals (actual - fitted)
2026-06-25 11:32:34 | INFO | P07 | Fit numbers (requires interpretation):
2026-06-25 11:32:34 | DEBUG | P07 |   R-squared: 0.9513
2026-06-25 11:32:34 | DEBUG | P07 |   RMSE:      396.899  (in units of CO2 emissions)
2026-06-25 11:32:34 | DEBUG | P07 |   residual min:  -479.433
2026-06-25 11:32:34 | DEBUG | P07 |   residual max:  948.782
2026-06-25 11:32:34 | DEBUG | P07 |   residual mean: 2.27374e-13
2026-06-25 11:32:34 | INFO | P07 | ---- Creating Scatter Plot with Fitted Line ----------
2026-06-25 11:32:34 | INFO | P07 | ----   Set x to GDP -----------------------
2026-06-25 11:32:34 | INFO | P07 | ----   Set y to CO2 emissions -------------------------
2026-06-25 11:32:34 | INFO | P07 | ------ Creating Residual Plot --------------------------
2026-06-25 11:32:34 | INFO | P07 | ------   Set x to GDP ----------------------
2026-06-25 11:32:34 | INFO | P07 | ------   Set y to the residual (actual - fitted) -------
2026-06-25 11:32:34 | INFO | P07 | ========================
2026-06-25 11:32:34 | INFO | P07 | SUMMARY
2026-06-25 11:32:34 | INFO | P07 | ========================
2026-06-25 11:32:34 | INFO | P07 | Dataset: owid-co2-data-subset
2026-06-25 11:32:34 | INFO | P07 | Feature (x): gdp
2026-06-25 11:32:34 | INFO | P07 | Target  (y): co2
2026-06-25 11:32:34 | INFO | P07 | Original rows: 10
2026-06-25 11:32:34 | INFO | P07 | Model rows:    9
2026-06-25 11:32:34 | INFO | P07 | Fitted line:
2026-06-25 11:32:34 | INFO | P07 |   co2 = 4.98659e-10 * gdp + -381.05
2026-06-25 11:32:34 | INFO | P07 | ======================
2026-06-25 11:32:34 | INFO | P07 | Review the fit numbers (R-squared, RMSE). 
2026-06-25 11:32:34 | INFO | P07 | Look at the fitted-line plot and the residual plot. 
2026-06-25 11:32:34 | INFO | P07 | Decide if a `straight line` is a fair description. 
2026-06-25 11:32:34 | INFO | P07 | If the residuals DO show a pattern (e.g. curve, funnel, clusters),
2026-06-25 11:32:34 | INFO | P07 | then a straight line is NOT a good description. 
2026-06-25 11:32:34 | INFO | P07 | If the residuals DO NOT show a pattern,
2026-06-25 11:32:34 | INFO | P07 | then a straight line MIGHT be a good description. 
2026-06-25 11:32:34 | INFO | P07 | Either way, the findings may be valuable.
2026-06-25 11:32:34 | INFO | P07 | ======================
2026-06-25 11:32:34 | INFO | P07 | --- Processing Year: 2002 ---
2026-06-25 11:32:34 | INFO | P07 | Creating modeling view (dropping rows missing feature or target)
2026-06-25 11:32:34 | DEBUG | P07 | Columns required to be non-missing: ['gdp', 'co2']
2026-06-25 11:32:34 | INFO | P07 | Original rows: 10
2026-06-25 11:32:34 | INFO | P07 | Model rows:    9
2026-06-25 11:32:34 | INFO | P07 | Rows dropped:  1
2026-06-25 11:32:34 | INFO | P07 | Building feature matrix X and target vector y
2026-06-25 11:32:34 | DEBUG | P07 | X shape: (9, 1)  (rows, features)
2026-06-25 11:32:34 | DEBUG | P07 | y shape: (9,)  (rows,)
2026-06-25 11:32:34 | INFO | P07 | Fitting a linear regression (scikit-learn)
2026-06-25 11:32:34 | DEBUG | P07 |   slope:     5.01953e-10
2026-06-25 11:32:34 | DEBUG | P07 |   intercept: -401.665
2026-06-25 11:32:34 | INFO | P07 | Fitted line:
2026-06-25 11:32:34 | INFO | P07 |   co2 = 5.01953e-10 * gdp + -401.665
2026-06-25 11:32:34 | DEBUG | P07 |   numpy check -> slope 5.01953e-10, intercept -401.665
2026-06-25 11:32:34 | INFO | P07 | Computing fitted values for every observed row
2026-06-25 11:32:34 | INFO | P07 | Predicting CO2 emissions for one example GDP value
2026-06-25 11:32:34 | DEBUG | P07 |   example gdp: 1e+12
2026-06-25 11:32:34 | DEBUG | P07 |   predicted co2: 100.287
2026-06-25 11:32:34 | INFO | P07 | Computing residuals (actual - fitted)
2026-06-25 11:32:34 | INFO | P07 | Fit numbers (requires interpretation):
2026-06-25 11:32:34 | DEBUG | P07 |   R-squared: 0.9447
2026-06-25 11:32:34 | DEBUG | P07 |   RMSE:      437.375  (in units of CO2 emissions)
2026-06-25 11:32:34 | DEBUG | P07 |   residual min:  -444.456
2026-06-25 11:32:34 | DEBUG | P07 |   residual max:  1079.29
2026-06-25 11:32:34 | DEBUG | P07 |   residual mean: 1.26319e-14
2026-06-25 11:32:34 | INFO | P07 | ---- Creating Scatter Plot with Fitted Line ----------
2026-06-25 11:32:34 | INFO | P07 | ----   Set x to GDP -----------------------
2026-06-25 11:32:34 | INFO | P07 | ----   Set y to CO2 emissions -------------------------
2026-06-25 11:32:34 | INFO | P07 | ------ Creating Residual Plot --------------------------
2026-06-25 11:32:34 | INFO | P07 | ------   Set x to GDP ----------------------
2026-06-25 11:32:34 | INFO | P07 | ------   Set y to the residual (actual - fitted) -------
2026-06-25 11:32:35 | INFO | P07 | ========================
2026-06-25 11:32:35 | INFO | P07 | SUMMARY
2026-06-25 11:32:35 | INFO | P07 | ========================
2026-06-25 11:32:35 | INFO | P07 | Dataset: owid-co2-data-subset
2026-06-25 11:32:35 | INFO | P07 | Feature (x): gdp
2026-06-25 11:32:35 | INFO | P07 | Target  (y): co2
2026-06-25 11:32:35 | INFO | P07 | Original rows: 10
2026-06-25 11:32:35 | INFO | P07 | Model rows:    9
2026-06-25 11:32:35 | INFO | P07 | Fitted line:
2026-06-25 11:32:35 | INFO | P07 |   co2 = 5.01953e-10 * gdp + -401.665
2026-06-25 11:32:35 | INFO | P07 | ======================
2026-06-25 11:32:35 | INFO | P07 | Review the fit numbers (R-squared, RMSE). 
2026-06-25 11:32:35 | INFO | P07 | Look at the fitted-line plot and the residual plot. 
2026-06-25 11:32:35 | INFO | P07 | Decide if a `straight line` is a fair description. 
2026-06-25 11:32:35 | INFO | P07 | If the residuals DO show a pattern (e.g. curve, funnel, clusters),
2026-06-25 11:32:35 | INFO | P07 | then a straight line is NOT a good description. 
2026-06-25 11:32:35 | INFO | P07 | If the residuals DO NOT show a pattern,
2026-06-25 11:32:35 | INFO | P07 | then a straight line MIGHT be a good description. 
2026-06-25 11:32:35 | INFO | P07 | Either way, the findings may be valuable.
2026-06-25 11:32:35 | INFO | P07 | ======================
2026-06-25 11:32:35 | INFO | P07 | --- Processing Year: 2003 ---
2026-06-25 11:32:35 | INFO | P07 | Creating modeling view (dropping rows missing feature or target)
2026-06-25 11:32:35 | DEBUG | P07 | Columns required to be non-missing: ['gdp', 'co2']
2026-06-25 11:32:35 | INFO | P07 | Original rows: 10
2026-06-25 11:32:35 | INFO | P07 | Model rows:    9
2026-06-25 11:32:35 | INFO | P07 | Rows dropped:  1
2026-06-25 11:32:35 | INFO | P07 | Building feature matrix X and target vector y
2026-06-25 11:32:35 | DEBUG | P07 | X shape: (9, 1)  (rows, features)
2026-06-25 11:32:35 | DEBUG | P07 | y shape: (9,)  (rows,)
2026-06-25 11:32:35 | INFO | P07 | Fitting a linear regression (scikit-learn)
2026-06-25 11:32:35 | DEBUG | P07 |   slope:     5.08497e-10
2026-06-25 11:32:35 | DEBUG | P07 |   intercept: -403.907
2026-06-25 11:32:35 | INFO | P07 | Fitted line:
2026-06-25 11:32:35 | INFO | P07 |   co2 = 5.08497e-10 * gdp + -403.907
2026-06-25 11:32:35 | DEBUG | P07 |   numpy check -> slope 5.08497e-10, intercept -403.907
2026-06-25 11:32:35 | INFO | P07 | Computing fitted values for every observed row
2026-06-25 11:32:35 | INFO | P07 | Predicting CO2 emissions for one example GDP value
2026-06-25 11:32:35 | DEBUG | P07 |   example gdp: 1e+12
2026-06-25 11:32:35 | DEBUG | P07 |   predicted co2: 104.59
2026-06-25 11:32:35 | INFO | P07 | Computing residuals (actual - fitted)
2026-06-25 11:32:35 | INFO | P07 | Fit numbers (requires interpretation):
2026-06-25 11:32:35 | DEBUG | P07 |   R-squared: 0.9083
2026-06-25 11:32:35 | DEBUG | P07 |   RMSE:      602.056  (in units of CO2 emissions)
2026-06-25 11:32:35 | DEBUG | P07 |   residual min:  -546.359
2026-06-25 11:32:35 | DEBUG | P07 |   residual max:  1553.25
2026-06-25 11:32:35 | DEBUG | P07 |   residual mean: -2.40006e-13
2026-06-25 11:32:35 | INFO | P07 | ---- Creating Scatter Plot with Fitted Line ----------
2026-06-25 11:32:35 | INFO | P07 | ----   Set x to GDP -----------------------
2026-06-25 11:32:35 | INFO | P07 | ----   Set y to CO2 emissions -------------------------
2026-06-25 11:32:35 | INFO | P07 | ------ Creating Residual Plot --------------------------
2026-06-25 11:32:35 | INFO | P07 | ------   Set x to GDP ----------------------
2026-06-25 11:32:35 | INFO | P07 | ------   Set y to the residual (actual - fitted) -------
2026-06-25 11:32:35 | INFO | P07 | ========================
2026-06-25 11:32:35 | INFO | P07 | SUMMARY
2026-06-25 11:32:35 | INFO | P07 | ========================
2026-06-25 11:32:35 | INFO | P07 | Dataset: owid-co2-data-subset
2026-06-25 11:32:35 | INFO | P07 | Feature (x): gdp
2026-06-25 11:32:35 | INFO | P07 | Target  (y): co2
2026-06-25 11:32:35 | INFO | P07 | Original rows: 10
2026-06-25 11:32:35 | INFO | P07 | Model rows:    9
2026-06-25 11:32:35 | INFO | P07 | Fitted line:
2026-06-25 11:32:35 | INFO | P07 |   co2 = 5.08497e-10 * gdp + -403.907
2026-06-25 11:32:35 | INFO | P07 | ======================
2026-06-25 11:32:35 | INFO | P07 | Review the fit numbers (R-squared, RMSE). 
2026-06-25 11:32:35 | INFO | P07 | Look at the fitted-line plot and the residual plot. 
2026-06-25 11:32:35 | INFO | P07 | Decide if a `straight line` is a fair description. 
2026-06-25 11:32:35 | INFO | P07 | If the residuals DO show a pattern (e.g. curve, funnel, clusters),
2026-06-25 11:32:35 | INFO | P07 | then a straight line is NOT a good description. 
2026-06-25 11:32:35 | INFO | P07 | If the residuals DO NOT show a pattern,
2026-06-25 11:32:35 | INFO | P07 | then a straight line MIGHT be a good description. 
2026-06-25 11:32:35 | INFO | P07 | Either way, the findings may be valuable.
2026-06-25 11:32:35 | INFO | P07 | ======================
2026-06-25 11:32:35 | INFO | P07 | --- Processing Year: 2004 ---
2026-06-25 11:32:35 | INFO | P07 | Creating modeling view (dropping rows missing feature or target)
2026-06-25 11:32:35 | DEBUG | P07 | Columns required to be non-missing: ['gdp', 'co2']
2026-06-25 11:32:35 | INFO | P07 | Original rows: 10
2026-06-25 11:32:35 | INFO | P07 | Model rows:    9
2026-06-25 11:32:35 | INFO | P07 | Rows dropped:  1
2026-06-25 11:32:35 | INFO | P07 | Building feature matrix X and target vector y
2026-06-25 11:32:35 | DEBUG | P07 | X shape: (9, 1)  (rows, features)
2026-06-25 11:32:35 | DEBUG | P07 | y shape: (9,)  (rows,)
2026-06-25 11:32:35 | INFO | P07 | Fitting a linear regression (scikit-learn)
2026-06-25 11:32:35 | DEBUG | P07 |   slope:     5.06281e-10
2026-06-25 11:32:35 | DEBUG | P07 |   intercept: -435.117
2026-06-25 11:32:35 | INFO | P07 | Fitted line:
2026-06-25 11:32:35 | INFO | P07 |   co2 = 5.06281e-10 * gdp + -435.117
2026-06-25 11:32:35 | DEBUG | P07 |   numpy check -> slope 5.06281e-10, intercept -435.117
2026-06-25 11:32:35 | INFO | P07 | Computing fitted values for every observed row
2026-06-25 11:32:35 | INFO | P07 | Predicting CO2 emissions for one example GDP value
2026-06-25 11:32:35 | DEBUG | P07 |   example gdp: 1e+12
2026-06-25 11:32:35 | DEBUG | P07 |   predicted co2: 71.1633
2026-06-25 11:32:35 | INFO | P07 | Computing residuals (actual - fitted)
2026-06-25 11:32:35 | INFO | P07 | Fit numbers (requires interpretation):
2026-06-25 11:32:35 | DEBUG | P07 |   R-squared: 0.9014
2026-06-25 11:32:35 | DEBUG | P07 |   RMSE:      651.596  (in units of CO2 emissions)
2026-06-25 11:32:35 | DEBUG | P07 |   residual min:  -641.973
2026-06-25 11:32:35 | DEBUG | P07 |   residual max:  1681.42
2026-06-25 11:32:35 | DEBUG | P07 |   residual mean: 1.76846e-13
2026-06-25 11:32:35 | INFO | P07 | ---- Creating Scatter Plot with Fitted Line ----------
2026-06-25 11:32:35 | INFO | P07 | ----   Set x to GDP -----------------------
2026-06-25 11:32:35 | INFO | P07 | ----   Set y to CO2 emissions -------------------------
2026-06-25 11:32:35 | INFO | P07 | ------ Creating Residual Plot --------------------------
2026-06-25 11:32:35 | INFO | P07 | ------   Set x to GDP ----------------------
2026-06-25 11:32:35 | INFO | P07 | ------   Set y to the residual (actual - fitted) -------
2026-06-25 11:32:35 | INFO | P07 | ========================
2026-06-25 11:32:35 | INFO | P07 | SUMMARY
2026-06-25 11:32:35 | INFO | P07 | ========================
2026-06-25 11:32:35 | INFO | P07 | Dataset: owid-co2-data-subset
2026-06-25 11:32:35 | INFO | P07 | Feature (x): gdp
2026-06-25 11:32:35 | INFO | P07 | Target  (y): co2
2026-06-25 11:32:35 | INFO | P07 | Original rows: 10
2026-06-25 11:32:35 | INFO | P07 | Model rows:    9
2026-06-25 11:32:35 | INFO | P07 | Fitted line:
2026-06-25 11:32:35 | INFO | P07 |   co2 = 5.06281e-10 * gdp + -435.117
2026-06-25 11:32:35 | INFO | P07 | ======================
2026-06-25 11:32:35 | INFO | P07 | Review the fit numbers (R-squared, RMSE). 
2026-06-25 11:32:35 | INFO | P07 | Look at the fitted-line plot and the residual plot. 
2026-06-25 11:32:35 | INFO | P07 | Decide if a `straight line` is a fair description. 
2026-06-25 11:32:35 | INFO | P07 | If the residuals DO show a pattern (e.g. curve, funnel, clusters),
2026-06-25 11:32:35 | INFO | P07 | then a straight line is NOT a good description. 
2026-06-25 11:32:35 | INFO | P07 | If the residuals DO NOT show a pattern,
2026-06-25 11:32:35 | INFO | P07 | then a straight line MIGHT be a good description. 
2026-06-25 11:32:35 | INFO | P07 | Either way, the findings may be valuable.
2026-06-25 11:32:35 | INFO | P07 | ======================
2026-06-25 11:32:35 | INFO | P07 | --- Processing Year: 2005 ---
2026-06-25 11:32:35 | INFO | P07 | Creating modeling view (dropping rows missing feature or target)
2026-06-25 11:32:35 | DEBUG | P07 | Columns required to be non-missing: ['gdp', 'co2']
2026-06-25 11:32:35 | INFO | P07 | Original rows: 10
2026-06-25 11:32:35 | INFO | P07 | Model rows:    9
2026-06-25 11:32:35 | INFO | P07 | Rows dropped:  1
2026-06-25 11:32:35 | INFO | P07 | Building feature matrix X and target vector y
2026-06-25 11:32:35 | DEBUG | P07 | X shape: (9, 1)  (rows, features)
2026-06-25 11:32:35 | DEBUG | P07 | y shape: (9,)  (rows,)
2026-06-25 11:32:35 | INFO | P07 | Fitting a linear regression (scikit-learn)
2026-06-25 11:32:35 | DEBUG | P07 |   slope:     5.07628e-10
2026-06-25 11:32:35 | DEBUG | P07 |   intercept: -463.887
2026-06-25 11:32:35 | INFO | P07 | Fitted line:
2026-06-25 11:32:35 | INFO | P07 |   co2 = 5.07628e-10 * gdp + -463.887
2026-06-25 11:32:35 | DEBUG | P07 |   numpy check -> slope 5.07628e-10, intercept -463.887
2026-06-25 11:32:35 | INFO | P07 | Computing fitted values for every observed row
2026-06-25 11:32:35 | INFO | P07 | Predicting CO2 emissions for one example GDP value
2026-06-25 11:32:35 | DEBUG | P07 |   example gdp: 1e+12
2026-06-25 11:32:35 | DEBUG | P07 |   predicted co2: 43.7402
2026-06-25 11:32:35 | INFO | P07 | Computing residuals (actual - fitted)
2026-06-25 11:32:35 | INFO | P07 | Fit numbers (requires interpretation):
2026-06-25 11:32:35 | DEBUG | P07 |   R-squared: 0.8796
2026-06-25 11:32:35 | DEBUG | P07 |   RMSE:      765.051  (in units of CO2 emissions)
2026-06-25 11:32:35 | DEBUG | P07 |   residual min:  -858.048
2026-06-25 11:32:35 | DEBUG | P07 |   residual max:  1978.79
2026-06-25 11:32:35 | DEBUG | P07 |   residual mean: -1.89478e-13
2026-06-25 11:32:35 | INFO | P07 | ---- Creating Scatter Plot with Fitted Line ----------
2026-06-25 11:32:35 | INFO | P07 | ----   Set x to GDP -----------------------
2026-06-25 11:32:35 | INFO | P07 | ----   Set y to CO2 emissions -------------------------
2026-06-25 11:32:35 | INFO | P07 | ------ Creating Residual Plot --------------------------
2026-06-25 11:32:35 | INFO | P07 | ------   Set x to GDP ----------------------
2026-06-25 11:32:35 | INFO | P07 | ------   Set y to the residual (actual - fitted) -------
2026-06-25 11:32:35 | INFO | P07 | ========================
2026-06-25 11:32:35 | INFO | P07 | SUMMARY
2026-06-25 11:32:35 | INFO | P07 | ========================
2026-06-25 11:32:35 | INFO | P07 | Dataset: owid-co2-data-subset
2026-06-25 11:32:35 | INFO | P07 | Feature (x): gdp
2026-06-25 11:32:35 | INFO | P07 | Target  (y): co2
2026-06-25 11:32:35 | INFO | P07 | Original rows: 10
2026-06-25 11:32:35 | INFO | P07 | Model rows:    9
2026-06-25 11:32:35 | INFO | P07 | Fitted line:
2026-06-25 11:32:35 | INFO | P07 |   co2 = 5.07628e-10 * gdp + -463.887
2026-06-25 11:32:35 | INFO | P07 | ======================
2026-06-25 11:32:35 | INFO | P07 | Review the fit numbers (R-squared, RMSE). 
2026-06-25 11:32:35 | INFO | P07 | Look at the fitted-line plot and the residual plot. 
2026-06-25 11:32:35 | INFO | P07 | Decide if a `straight line` is a fair description. 
2026-06-25 11:32:35 | INFO | P07 | If the residuals DO show a pattern (e.g. curve, funnel, clusters),
2026-06-25 11:32:35 | INFO | P07 | then a straight line is NOT a good description. 
2026-06-25 11:32:35 | INFO | P07 | If the residuals DO NOT show a pattern,
2026-06-25 11:32:35 | INFO | P07 | then a straight line MIGHT be a good description. 
2026-06-25 11:32:35 | INFO | P07 | Either way, the findings may be valuable.
2026-06-25 11:32:35 | INFO | P07 | ======================
2026-06-25 11:32:35 | INFO | P07 | --- Processing Year: 2006 ---
2026-06-25 11:32:35 | INFO | P07 | Creating modeling view (dropping rows missing feature or target)
2026-06-25 11:32:35 | DEBUG | P07 | Columns required to be non-missing: ['gdp', 'co2']
2026-06-25 11:32:35 | INFO | P07 | Original rows: 10
2026-06-25 11:32:35 | INFO | P07 | Model rows:    9
2026-06-25 11:32:35 | INFO | P07 | Rows dropped:  1
2026-06-25 11:32:35 | INFO | P07 | Building feature matrix X and target vector y
2026-06-25 11:32:35 | DEBUG | P07 | X shape: (9, 1)  (rows, features)
2026-06-25 11:32:35 | DEBUG | P07 | y shape: (9,)  (rows,)
2026-06-25 11:32:35 | INFO | P07 | Fitting a linear regression (scikit-learn)
2026-06-25 11:32:35 | DEBUG | P07 |   slope:     5.05734e-10
2026-06-25 11:32:35 | DEBUG | P07 |   intercept: -503.522
2026-06-25 11:32:35 | INFO | P07 | Fitted line:
2026-06-25 11:32:35 | INFO | P07 |   co2 = 5.05734e-10 * gdp + -503.522
2026-06-25 11:32:35 | DEBUG | P07 |   numpy check -> slope 5.05734e-10, intercept -503.522
2026-06-25 11:32:35 | INFO | P07 | Computing fitted values for every observed row
2026-06-25 11:32:35 | INFO | P07 | Predicting CO2 emissions for one example GDP value
2026-06-25 11:32:35 | DEBUG | P07 |   example gdp: 1e+12
2026-06-25 11:32:35 | DEBUG | P07 |   predicted co2: 2.21246
2026-06-25 11:32:35 | INFO | P07 | Computing residuals (actual - fitted)
2026-06-25 11:32:35 | INFO | P07 | Fit numbers (requires interpretation):
2026-06-25 11:32:35 | DEBUG | P07 |   R-squared: 0.8629
2026-06-25 11:32:35 | DEBUG | P07 |   RMSE:      855.795  (in units of CO2 emissions)
2026-06-25 11:32:35 | DEBUG | P07 |   residual min:  -1070.12
2026-06-25 11:32:35 | DEBUG | P07 |   residual max:  2190.52
2026-06-25 11:32:35 | DEBUG | P07 |   residual mean: -2.52637e-13
2026-06-25 11:32:35 | INFO | P07 | ---- Creating Scatter Plot with Fitted Line ----------
2026-06-25 11:32:35 | INFO | P07 | ----   Set x to GDP -----------------------
2026-06-25 11:32:35 | INFO | P07 | ----   Set y to CO2 emissions -------------------------
2026-06-25 11:32:35 | INFO | P07 | ------ Creating Residual Plot --------------------------
2026-06-25 11:32:35 | INFO | P07 | ------   Set x to GDP ----------------------
2026-06-25 11:32:35 | INFO | P07 | ------   Set y to the residual (actual - fitted) -------
2026-06-25 11:32:35 | INFO | P07 | ========================
2026-06-25 11:32:35 | INFO | P07 | SUMMARY
2026-06-25 11:32:35 | INFO | P07 | ========================
2026-06-25 11:32:35 | INFO | P07 | Dataset: owid-co2-data-subset
2026-06-25 11:32:35 | INFO | P07 | Feature (x): gdp
2026-06-25 11:32:35 | INFO | P07 | Target  (y): co2
2026-06-25 11:32:35 | INFO | P07 | Original rows: 10
2026-06-25 11:32:35 | INFO | P07 | Model rows:    9
2026-06-25 11:32:35 | INFO | P07 | Fitted line:
2026-06-25 11:32:35 | INFO | P07 |   co2 = 5.05734e-10 * gdp + -503.522
2026-06-25 11:32:35 | INFO | P07 | ======================
2026-06-25 11:32:35 | INFO | P07 | Review the fit numbers (R-squared, RMSE). 
2026-06-25 11:32:35 | INFO | P07 | Look at the fitted-line plot and the residual plot. 
2026-06-25 11:32:35 | INFO | P07 | Decide if a `straight line` is a fair description. 
2026-06-25 11:32:35 | INFO | P07 | If the residuals DO show a pattern (e.g. curve, funnel, clusters),
2026-06-25 11:32:35 | INFO | P07 | then a straight line is NOT a good description. 
2026-06-25 11:32:35 | INFO | P07 | If the residuals DO NOT show a pattern,
2026-06-25 11:32:35 | INFO | P07 | then a straight line MIGHT be a good description. 
2026-06-25 11:32:35 | INFO | P07 | Either way, the findings may be valuable.
2026-06-25 11:32:35 | INFO | P07 | ======================
2026-06-25 11:32:35 | INFO | P07 | --- Processing Year: 2007 ---
2026-06-25 11:32:35 | INFO | P07 | Creating modeling view (dropping rows missing feature or target)
2026-06-25 11:32:35 | DEBUG | P07 | Columns required to be non-missing: ['gdp', 'co2']
2026-06-25 11:32:35 | INFO | P07 | Original rows: 10
2026-06-25 11:32:35 | INFO | P07 | Model rows:    9
2026-06-25 11:32:35 | INFO | P07 | Rows dropped:  1
2026-06-25 11:32:35 | INFO | P07 | Building feature matrix X and target vector y
2026-06-25 11:32:35 | DEBUG | P07 | X shape: (9, 1)  (rows, features)
2026-06-25 11:32:35 | DEBUG | P07 | y shape: (9,)  (rows,)
2026-06-25 11:32:35 | INFO | P07 | Fitting a linear regression (scikit-learn)
2026-06-25 11:32:35 | DEBUG | P07 |   slope:     5.15458e-10
2026-06-25 11:32:35 | DEBUG | P07 |   intercept: -589.036
2026-06-25 11:32:35 | INFO | P07 | Fitted line:
2026-06-25 11:32:35 | INFO | P07 |   co2 = 5.15458e-10 * gdp + -589.036
2026-06-25 11:32:35 | DEBUG | P07 |   numpy check -> slope 5.15458e-10, intercept -589.036
2026-06-25 11:32:35 | INFO | P07 | Computing fitted values for every observed row
2026-06-25 11:32:35 | INFO | P07 | Predicting CO2 emissions for one example GDP value
2026-06-25 11:32:35 | DEBUG | P07 |   example gdp: 1e+12
2026-06-25 11:32:35 | DEBUG | P07 |   predicted co2: -73.5778
2026-06-25 11:32:35 | INFO | P07 | Computing residuals (actual - fitted)
2026-06-25 11:32:35 | INFO | P07 | Fit numbers (requires interpretation):
2026-06-25 11:32:35 | DEBUG | P07 |   R-squared: 0.8668
2026-06-25 11:32:35 | DEBUG | P07 |   RMSE:      886.471  (in units of CO2 emissions)
2026-06-25 11:32:35 | DEBUG | P07 |   residual min:  -1193.04
2026-06-25 11:32:35 | DEBUG | P07 |   residual max:  2224.48
2026-06-25 11:32:35 | DEBUG | P07 |   residual mean: -1.51582e-13
2026-06-25 11:32:35 | INFO | P07 | ---- Creating Scatter Plot with Fitted Line ----------
2026-06-25 11:32:35 | INFO | P07 | ----   Set x to GDP -----------------------
2026-06-25 11:32:35 | INFO | P07 | ----   Set y to CO2 emissions -------------------------
2026-06-25 11:32:35 | INFO | P07 | ------ Creating Residual Plot --------------------------
2026-06-25 11:32:35 | INFO | P07 | ------   Set x to GDP ----------------------
2026-06-25 11:32:35 | INFO | P07 | ------   Set y to the residual (actual - fitted) -------
2026-06-25 11:32:35 | INFO | P07 | ========================
2026-06-25 11:32:35 | INFO | P07 | SUMMARY
2026-06-25 11:32:35 | INFO | P07 | ========================
2026-06-25 11:32:35 | INFO | P07 | Dataset: owid-co2-data-subset
2026-06-25 11:32:35 | INFO | P07 | Feature (x): gdp
2026-06-25 11:32:35 | INFO | P07 | Target  (y): co2
2026-06-25 11:32:35 | INFO | P07 | Original rows: 10
2026-06-25 11:32:35 | INFO | P07 | Model rows:    9
2026-06-25 11:32:35 | INFO | P07 | Fitted line:
2026-06-25 11:32:35 | INFO | P07 |   co2 = 5.15458e-10 * gdp + -589.036
2026-06-25 11:32:35 | INFO | P07 | ======================
2026-06-25 11:32:35 | INFO | P07 | Review the fit numbers (R-squared, RMSE). 
2026-06-25 11:32:35 | INFO | P07 | Look at the fitted-line plot and the residual plot. 
2026-06-25 11:32:35 | INFO | P07 | Decide if a `straight line` is a fair description. 
2026-06-25 11:32:35 | INFO | P07 | If the residuals DO show a pattern (e.g. curve, funnel, clusters),
2026-06-25 11:32:35 | INFO | P07 | then a straight line is NOT a good description. 
2026-06-25 11:32:35 | INFO | P07 | If the residuals DO NOT show a pattern,
2026-06-25 11:32:35 | INFO | P07 | then a straight line MIGHT be a good description. 
2026-06-25 11:32:35 | INFO | P07 | Either way, the findings may be valuable.
2026-06-25 11:32:35 | INFO | P07 | ======================
2026-06-25 11:32:35 | INFO | P07 | --- Processing Year: 2008 ---
2026-06-25 11:32:35 | INFO | P07 | Creating modeling view (dropping rows missing feature or target)
2026-06-25 11:32:35 | DEBUG | P07 | Columns required to be non-missing: ['gdp', 'co2']
2026-06-25 11:32:35 | INFO | P07 | Original rows: 10
2026-06-25 11:32:35 | INFO | P07 | Model rows:    9
2026-06-25 11:32:35 | INFO | P07 | Rows dropped:  1
2026-06-25 11:32:35 | INFO | P07 | Building feature matrix X and target vector y
2026-06-25 11:32:35 | DEBUG | P07 | X shape: (9, 1)  (rows, features)
2026-06-25 11:32:35 | DEBUG | P07 | y shape: (9,)  (rows,)
2026-06-25 11:32:35 | INFO | P07 | Fitting a linear regression (scikit-learn)
2026-06-25 11:32:35 | DEBUG | P07 |   slope:     5.21999e-10
2026-06-25 11:32:35 | DEBUG | P07 |   intercept: -633.182
2026-06-25 11:32:35 | INFO | P07 | Fitted line:
2026-06-25 11:32:35 | INFO | P07 |   co2 = 5.21999e-10 * gdp + -633.182
2026-06-25 11:32:35 | DEBUG | P07 |   numpy check -> slope 5.21999e-10, intercept -633.182
2026-06-25 11:32:35 | INFO | P07 | Computing fitted values for every observed row
2026-06-25 11:32:35 | INFO | P07 | Predicting CO2 emissions for one example GDP value
2026-06-25 11:32:35 | DEBUG | P07 |   example gdp: 1e+12
2026-06-25 11:32:35 | DEBUG | P07 |   predicted co2: -111.182
2026-06-25 11:32:35 | INFO | P07 | Computing residuals (actual - fitted)
2026-06-25 11:32:35 | INFO | P07 | Fit numbers (requires interpretation):
2026-06-25 11:32:35 | DEBUG | P07 |   R-squared: 0.8419
2026-06-25 11:32:35 | DEBUG | P07 |   RMSE:      999.547  (in units of CO2 emissions)
2026-06-25 11:32:35 | DEBUG | P07 |   residual min:  -1428.21
2026-06-25 11:32:35 | DEBUG | P07 |   residual max:  2488.44
2026-06-25 11:32:35 | DEBUG | P07 |   residual mean: 2.77901e-13
2026-06-25 11:32:35 | INFO | P07 | ---- Creating Scatter Plot with Fitted Line ----------
2026-06-25 11:32:35 | INFO | P07 | ----   Set x to GDP -----------------------
2026-06-25 11:32:35 | INFO | P07 | ----   Set y to CO2 emissions -------------------------
2026-06-25 11:32:36 | INFO | P07 | ------ Creating Residual Plot --------------------------
2026-06-25 11:32:36 | INFO | P07 | ------   Set x to GDP ----------------------
2026-06-25 11:32:36 | INFO | P07 | ------   Set y to the residual (actual - fitted) -------
2026-06-25 11:32:36 | INFO | P07 | ========================
2026-06-25 11:32:36 | INFO | P07 | SUMMARY
2026-06-25 11:32:36 | INFO | P07 | ========================
2026-06-25 11:32:36 | INFO | P07 | Dataset: owid-co2-data-subset
2026-06-25 11:32:36 | INFO | P07 | Feature (x): gdp
2026-06-25 11:32:36 | INFO | P07 | Target  (y): co2
2026-06-25 11:32:36 | INFO | P07 | Original rows: 10
2026-06-25 11:32:36 | INFO | P07 | Model rows:    9
2026-06-25 11:32:36 | INFO | P07 | Fitted line:
2026-06-25 11:32:36 | INFO | P07 |   co2 = 5.21999e-10 * gdp + -633.182
2026-06-25 11:32:36 | INFO | P07 | ======================
2026-06-25 11:32:36 | INFO | P07 | Review the fit numbers (R-squared, RMSE). 
2026-06-25 11:32:36 | INFO | P07 | Look at the fitted-line plot and the residual plot. 
2026-06-25 11:32:36 | INFO | P07 | Decide if a `straight line` is a fair description. 
2026-06-25 11:32:36 | INFO | P07 | If the residuals DO show a pattern (e.g. curve, funnel, clusters),
2026-06-25 11:32:36 | INFO | P07 | then a straight line is NOT a good description. 
2026-06-25 11:32:36 | INFO | P07 | If the residuals DO NOT show a pattern,
2026-06-25 11:32:36 | INFO | P07 | then a straight line MIGHT be a good description. 
2026-06-25 11:32:36 | INFO | P07 | Either way, the findings may be valuable.
2026-06-25 11:32:36 | INFO | P07 | ======================
2026-06-25 11:32:36 | INFO | P07 | --- Processing Year: 2009 ---
2026-06-25 11:32:36 | INFO | P07 | Creating modeling view (dropping rows missing feature or target)
2026-06-25 11:32:36 | DEBUG | P07 | Columns required to be non-missing: ['gdp', 'co2']
2026-06-25 11:32:36 | INFO | P07 | Original rows: 10
2026-06-25 11:32:36 | INFO | P07 | Model rows:    9
2026-06-25 11:32:36 | INFO | P07 | Rows dropped:  1
2026-06-25 11:32:36 | INFO | P07 | Building feature matrix X and target vector y
2026-06-25 11:32:36 | DEBUG | P07 | X shape: (9, 1)  (rows, features)
2026-06-25 11:32:36 | DEBUG | P07 | y shape: (9,)  (rows,)
2026-06-25 11:32:36 | INFO | P07 | Fitting a linear regression (scikit-learn)
2026-06-25 11:32:36 | DEBUG | P07 |   slope:     5.24683e-10
2026-06-25 11:32:36 | DEBUG | P07 |   intercept: -674.419
2026-06-25 11:32:36 | INFO | P07 | Fitted line:
2026-06-25 11:32:36 | INFO | P07 |   co2 = 5.24683e-10 * gdp + -674.419
2026-06-25 11:32:36 | DEBUG | P07 |   numpy check -> slope 5.24683e-10, intercept -674.419
2026-06-25 11:32:36 | INFO | P07 | Computing fitted values for every observed row
2026-06-25 11:32:36 | INFO | P07 | Predicting CO2 emissions for one example GDP value
2026-06-25 11:32:36 | DEBUG | P07 |   example gdp: 1e+12
2026-06-25 11:32:36 | DEBUG | P07 |   predicted co2: -149.736
2026-06-25 11:32:36 | INFO | P07 | Computing residuals (actual - fitted)
2026-06-25 11:32:36 | INFO | P07 | Fit numbers (requires interpretation):
2026-06-25 11:32:36 | DEBUG | P07 |   R-squared: 0.8373
2026-06-25 11:32:36 | DEBUG | P07 |   RMSE:      1029.54  (in units of CO2 emissions)
2026-06-25 11:32:36 | DEBUG | P07 |   residual min:  -1638.37
2026-06-25 11:32:36 | DEBUG | P07 |   residual max:  2483.99
2026-06-25 11:32:36 | DEBUG | P07 |   residual mean: -2.0211e-13
2026-06-25 11:32:36 | INFO | P07 | ---- Creating Scatter Plot with Fitted Line ----------
2026-06-25 11:32:36 | INFO | P07 | ----   Set x to GDP -----------------------
2026-06-25 11:32:36 | INFO | P07 | ----   Set y to CO2 emissions -------------------------
2026-06-25 11:32:36 | INFO | P07 | ------ Creating Residual Plot --------------------------
2026-06-25 11:32:36 | INFO | P07 | ------   Set x to GDP ----------------------
2026-06-25 11:32:36 | INFO | P07 | ------   Set y to the residual (actual - fitted) -------
2026-06-25 11:32:36 | INFO | P07 | ========================
2026-06-25 11:32:36 | INFO | P07 | SUMMARY
2026-06-25 11:32:36 | INFO | P07 | ========================
2026-06-25 11:32:36 | INFO | P07 | Dataset: owid-co2-data-subset
2026-06-25 11:32:36 | INFO | P07 | Feature (x): gdp
2026-06-25 11:32:36 | INFO | P07 | Target  (y): co2
2026-06-25 11:32:36 | INFO | P07 | Original rows: 10
2026-06-25 11:32:36 | INFO | P07 | Model rows:    9
2026-06-25 11:32:36 | INFO | P07 | Fitted line:
2026-06-25 11:32:36 | INFO | P07 |   co2 = 5.24683e-10 * gdp + -674.419
2026-06-25 11:32:36 | INFO | P07 | ======================
2026-06-25 11:32:36 | INFO | P07 | Review the fit numbers (R-squared, RMSE). 
2026-06-25 11:32:36 | INFO | P07 | Look at the fitted-line plot and the residual plot. 
2026-06-25 11:32:36 | INFO | P07 | Decide if a `straight line` is a fair description. 
2026-06-25 11:32:36 | INFO | P07 | If the residuals DO show a pattern (e.g. curve, funnel, clusters),
2026-06-25 11:32:36 | INFO | P07 | then a straight line is NOT a good description. 
2026-06-25 11:32:36 | INFO | P07 | If the residuals DO NOT show a pattern,
2026-06-25 11:32:36 | INFO | P07 | then a straight line MIGHT be a good description. 
2026-06-25 11:32:36 | INFO | P07 | Either way, the findings may be valuable.
2026-06-25 11:32:36 | INFO | P07 | ======================
2026-06-25 11:32:36 | INFO | P07 | --- Processing Year: 2010 ---
2026-06-25 11:32:36 | INFO | P07 | Creating modeling view (dropping rows missing feature or target)
2026-06-25 11:32:36 | DEBUG | P07 | Columns required to be non-missing: ['gdp', 'co2']
2026-06-25 11:32:36 | INFO | P07 | Original rows: 10
2026-06-25 11:32:36 | INFO | P07 | Model rows:    10
2026-06-25 11:32:36 | INFO | P07 | Rows dropped:  0
2026-06-25 11:32:36 | INFO | P07 | Building feature matrix X and target vector y
2026-06-25 11:32:36 | DEBUG | P07 | X shape: (10, 1)  (rows, features)
2026-06-25 11:32:36 | DEBUG | P07 | y shape: (10,)  (rows,)
2026-06-25 11:32:36 | INFO | P07 | Fitting a linear regression (scikit-learn)
2026-06-25 11:32:36 | DEBUG | P07 |   slope:     3.74412e-10
2026-06-25 11:32:36 | DEBUG | P07 |   intercept: 85.0646
2026-06-25 11:32:36 | INFO | P07 | Fitted line:
2026-06-25 11:32:36 | INFO | P07 |   co2 = 3.74412e-10 * gdp + 85.0646
2026-06-25 11:32:36 | DEBUG | P07 |   numpy check -> slope 3.74412e-10, intercept 85.0646
2026-06-25 11:32:36 | INFO | P07 | Computing fitted values for every observed row
2026-06-25 11:32:36 | INFO | P07 | Predicting CO2 emissions for one example GDP value
2026-06-25 11:32:36 | DEBUG | P07 |   example gdp: 1e+12
2026-06-25 11:32:36 | DEBUG | P07 |   predicted co2: 459.476
2026-06-25 11:32:36 | INFO | P07 | Computing residuals (actual - fitted)
2026-06-25 11:32:36 | INFO | P07 | Fit numbers (requires interpretation):
2026-06-25 11:32:36 | DEBUG | P07 |   R-squared: 0.9833
2026-06-25 11:32:36 | DEBUG | P07 |   RMSE:      1250.92  (in units of CO2 emissions)
2026-06-25 11:32:36 | DEBUG | P07 |   residual min:  -700.822
2026-06-25 11:32:36 | DEBUG | P07 |   residual max:  3710.49
2026-06-25 11:32:36 | DEBUG | P07 |   residual mean: 5.68434e-13
2026-06-25 11:32:36 | INFO | P07 | ---- Creating Scatter Plot with Fitted Line ----------
2026-06-25 11:32:36 | INFO | P07 | ----   Set x to GDP -----------------------
2026-06-25 11:32:36 | INFO | P07 | ----   Set y to CO2 emissions -------------------------
2026-06-25 11:32:36 | INFO | P07 | ------ Creating Residual Plot --------------------------
2026-06-25 11:32:36 | INFO | P07 | ------   Set x to GDP ----------------------
2026-06-25 11:32:36 | INFO | P07 | ------   Set y to the residual (actual - fitted) -------
2026-06-25 11:32:36 | INFO | P07 | ========================
2026-06-25 11:32:36 | INFO | P07 | SUMMARY
2026-06-25 11:32:36 | INFO | P07 | ========================
2026-06-25 11:32:36 | INFO | P07 | Dataset: owid-co2-data-subset
2026-06-25 11:32:36 | INFO | P07 | Feature (x): gdp
2026-06-25 11:32:36 | INFO | P07 | Target  (y): co2
2026-06-25 11:32:36 | INFO | P07 | Original rows: 10
2026-06-25 11:32:36 | INFO | P07 | Model rows:    10
2026-06-25 11:32:36 | INFO | P07 | Fitted line:
2026-06-25 11:32:36 | INFO | P07 |   co2 = 3.74412e-10 * gdp + 85.0646
2026-06-25 11:32:36 | INFO | P07 | ======================
2026-06-25 11:32:36 | INFO | P07 | Review the fit numbers (R-squared, RMSE). 
2026-06-25 11:32:36 | INFO | P07 | Look at the fitted-line plot and the residual plot. 
2026-06-25 11:32:36 | INFO | P07 | Decide if a `straight line` is a fair description. 
2026-06-25 11:32:36 | INFO | P07 | If the residuals DO show a pattern (e.g. curve, funnel, clusters),
2026-06-25 11:32:36 | INFO | P07 | then a straight line is NOT a good description. 
2026-06-25 11:32:36 | INFO | P07 | If the residuals DO NOT show a pattern,
2026-06-25 11:32:36 | INFO | P07 | then a straight line MIGHT be a good description. 
2026-06-25 11:32:36 | INFO | P07 | Either way, the findings may be valuable.
2026-06-25 11:32:36 | INFO | P07 | ======================
2026-06-25 11:32:36 | INFO | P07 | --- Processing Year: 2011 ---
2026-06-25 11:32:36 | INFO | P07 | Creating modeling view (dropping rows missing feature or target)
2026-06-25 11:32:36 | DEBUG | P07 | Columns required to be non-missing: ['gdp', 'co2']
2026-06-25 11:32:36 | INFO | P07 | Original rows: 10
2026-06-25 11:32:36 | INFO | P07 | Model rows:    9
2026-06-25 11:32:36 | INFO | P07 | Rows dropped:  1
2026-06-25 11:32:36 | INFO | P07 | Building feature matrix X and target vector y
2026-06-25 11:32:36 | DEBUG | P07 | X shape: (9, 1)  (rows, features)
2026-06-25 11:32:36 | DEBUG | P07 | y shape: (9,)  (rows,)
2026-06-25 11:32:36 | INFO | P07 | Fitting a linear regression (scikit-learn)
2026-06-25 11:32:36 | DEBUG | P07 |   slope:     5.55688e-10
2026-06-25 11:32:36 | DEBUG | P07 |   intercept: -897.888
2026-06-25 11:32:36 | INFO | P07 | Fitted line:
2026-06-25 11:32:36 | INFO | P07 |   co2 = 5.55688e-10 * gdp + -897.888
2026-06-25 11:32:36 | DEBUG | P07 |   numpy check -> slope 5.55688e-10, intercept -897.888
2026-06-25 11:32:36 | INFO | P07 | Computing fitted values for every observed row
2026-06-25 11:32:36 | INFO | P07 | Predicting CO2 emissions for one example GDP value
2026-06-25 11:32:36 | DEBUG | P07 |   example gdp: 1e+12
2026-06-25 11:32:36 | DEBUG | P07 |   predicted co2: -342.2
2026-06-25 11:32:36 | INFO | P07 | Computing residuals (actual - fitted)
2026-06-25 11:32:36 | INFO | P07 | Fit numbers (requires interpretation):
2026-06-25 11:32:36 | DEBUG | P07 |   R-squared: 0.8303
2026-06-25 11:32:36 | DEBUG | P07 |   RMSE:      1226.22  (in units of CO2 emissions)
2026-06-25 11:32:36 | DEBUG | P07 |   residual min:  -2164.01
2026-06-25 11:32:36 | DEBUG | P07 |   residual max:  2809.82
2026-06-25 11:32:36 | DEBUG | P07 |   residual mean: 1.01055e-13
2026-06-25 11:32:36 | INFO | P07 | ---- Creating Scatter Plot with Fitted Line ----------
2026-06-25 11:32:36 | INFO | P07 | ----   Set x to GDP -----------------------
2026-06-25 11:32:36 | INFO | P07 | ----   Set y to CO2 emissions -------------------------
2026-06-25 11:32:36 | INFO | P07 | ------ Creating Residual Plot --------------------------
2026-06-25 11:32:36 | INFO | P07 | ------   Set x to GDP ----------------------
2026-06-25 11:32:36 | INFO | P07 | ------   Set y to the residual (actual - fitted) -------
2026-06-25 11:32:36 | INFO | P07 | ========================
2026-06-25 11:32:36 | INFO | P07 | SUMMARY
2026-06-25 11:32:36 | INFO | P07 | ========================
2026-06-25 11:32:36 | INFO | P07 | Dataset: owid-co2-data-subset
2026-06-25 11:32:36 | INFO | P07 | Feature (x): gdp
2026-06-25 11:32:36 | INFO | P07 | Target  (y): co2
2026-06-25 11:32:36 | INFO | P07 | Original rows: 10
2026-06-25 11:32:36 | INFO | P07 | Model rows:    9
2026-06-25 11:32:36 | INFO | P07 | Fitted line:
2026-06-25 11:32:36 | INFO | P07 |   co2 = 5.55688e-10 * gdp + -897.888
2026-06-25 11:32:36 | INFO | P07 | ======================
2026-06-25 11:32:36 | INFO | P07 | Review the fit numbers (R-squared, RMSE). 
2026-06-25 11:32:36 | INFO | P07 | Look at the fitted-line plot and the residual plot. 
2026-06-25 11:32:36 | INFO | P07 | Decide if a `straight line` is a fair description. 
2026-06-25 11:32:36 | INFO | P07 | If the residuals DO show a pattern (e.g. curve, funnel, clusters),
2026-06-25 11:32:36 | INFO | P07 | then a straight line is NOT a good description. 
2026-06-25 11:32:36 | INFO | P07 | If the residuals DO NOT show a pattern,
2026-06-25 11:32:36 | INFO | P07 | then a straight line MIGHT be a good description. 
2026-06-25 11:32:36 | INFO | P07 | Either way, the findings may be valuable.
2026-06-25 11:32:36 | INFO | P07 | ======================
2026-06-25 11:32:36 | INFO | P07 | --- Processing Year: 2012 ---
2026-06-25 11:32:36 | INFO | P07 | Creating modeling view (dropping rows missing feature or target)
2026-06-25 11:32:36 | DEBUG | P07 | Columns required to be non-missing: ['gdp', 'co2']
2026-06-25 11:32:36 | INFO | P07 | Original rows: 10
2026-06-25 11:32:36 | INFO | P07 | Model rows:    9
2026-06-25 11:32:36 | INFO | P07 | Rows dropped:  1
2026-06-25 11:32:36 | INFO | P07 | Building feature matrix X and target vector y
2026-06-25 11:32:36 | DEBUG | P07 | X shape: (9, 1)  (rows, features)
2026-06-25 11:32:36 | DEBUG | P07 | y shape: (9,)  (rows,)
2026-06-25 11:32:36 | INFO | P07 | Fitting a linear regression (scikit-learn)
2026-06-25 11:32:36 | DEBUG | P07 |   slope:     5.34899e-10
2026-06-25 11:32:36 | DEBUG | P07 |   intercept: -860.777
2026-06-25 11:32:36 | INFO | P07 | Fitted line:
2026-06-25 11:32:36 | INFO | P07 |   co2 = 5.34899e-10 * gdp + -860.777
2026-06-25 11:32:36 | DEBUG | P07 |   numpy check -> slope 5.34899e-10, intercept -860.777
2026-06-25 11:32:36 | INFO | P07 | Computing fitted values for every observed row
2026-06-25 11:32:36 | INFO | P07 | Predicting CO2 emissions for one example GDP value
2026-06-25 11:32:36 | DEBUG | P07 |   example gdp: 1e+12
2026-06-25 11:32:36 | DEBUG | P07 |   predicted co2: -325.878
2026-06-25 11:32:36 | INFO | P07 | Computing residuals (actual - fitted)
2026-06-25 11:32:36 | INFO | P07 | Fit numbers (requires interpretation):
2026-06-25 11:32:36 | DEBUG | P07 |   R-squared: 0.8357
2026-06-25 11:32:36 | DEBUG | P07 |   RMSE:      1220.42  (in units of CO2 emissions)
2026-06-25 11:32:36 | DEBUG | P07 |   residual min:  -2275.68
2026-06-25 11:32:36 | DEBUG | P07 |   residual max:  2725.94
2026-06-25 11:32:36 | DEBUG | P07 |   residual mean: 5.05275e-14
2026-06-25 11:32:36 | INFO | P07 | ---- Creating Scatter Plot with Fitted Line ----------
2026-06-25 11:32:36 | INFO | P07 | ----   Set x to GDP -----------------------
2026-06-25 11:32:36 | INFO | P07 | ----   Set y to CO2 emissions -------------------------
2026-06-25 11:32:36 | INFO | P07 | ------ Creating Residual Plot --------------------------
2026-06-25 11:32:36 | INFO | P07 | ------   Set x to GDP ----------------------
2026-06-25 11:32:36 | INFO | P07 | ------   Set y to the residual (actual - fitted) -------
2026-06-25 11:32:36 | INFO | P07 | ========================
2026-06-25 11:32:36 | INFO | P07 | SUMMARY
2026-06-25 11:32:36 | INFO | P07 | ========================
2026-06-25 11:32:36 | INFO | P07 | Dataset: owid-co2-data-subset
2026-06-25 11:32:36 | INFO | P07 | Feature (x): gdp
2026-06-25 11:32:36 | INFO | P07 | Target  (y): co2
2026-06-25 11:32:36 | INFO | P07 | Original rows: 10
2026-06-25 11:32:36 | INFO | P07 | Model rows:    9
2026-06-25 11:32:36 | INFO | P07 | Fitted line:
2026-06-25 11:32:36 | INFO | P07 |   co2 = 5.34899e-10 * gdp + -860.777
2026-06-25 11:32:36 | INFO | P07 | ======================
2026-06-25 11:32:36 | INFO | P07 | Review the fit numbers (R-squared, RMSE). 
2026-06-25 11:32:36 | INFO | P07 | Look at the fitted-line plot and the residual plot. 
2026-06-25 11:32:36 | INFO | P07 | Decide if a `straight line` is a fair description. 
2026-06-25 11:32:36 | INFO | P07 | If the residuals DO show a pattern (e.g. curve, funnel, clusters),
2026-06-25 11:32:36 | INFO | P07 | then a straight line is NOT a good description. 
2026-06-25 11:32:36 | INFO | P07 | If the residuals DO NOT show a pattern,
2026-06-25 11:32:36 | INFO | P07 | then a straight line MIGHT be a good description. 
2026-06-25 11:32:36 | INFO | P07 | Either way, the findings may be valuable.
2026-06-25 11:32:36 | INFO | P07 | ======================
2026-06-25 11:32:36 | INFO | P07 | --- Processing Year: 2013 ---
2026-06-25 11:32:36 | INFO | P07 | Creating modeling view (dropping rows missing feature or target)
2026-06-25 11:32:36 | DEBUG | P07 | Columns required to be non-missing: ['gdp', 'co2']
2026-06-25 11:32:36 | INFO | P07 | Original rows: 10
2026-06-25 11:32:36 | INFO | P07 | Model rows:    9
2026-06-25 11:32:36 | INFO | P07 | Rows dropped:  1
2026-06-25 11:32:36 | INFO | P07 | Building feature matrix X and target vector y
2026-06-25 11:32:36 | DEBUG | P07 | X shape: (9, 1)  (rows, features)
2026-06-25 11:32:36 | DEBUG | P07 | y shape: (9,)  (rows,)
2026-06-25 11:32:36 | INFO | P07 | Fitting a linear regression (scikit-learn)
2026-06-25 11:32:36 | DEBUG | P07 |   slope:     5.27762e-10
2026-06-25 11:32:36 | DEBUG | P07 |   intercept: -891.838
2026-06-25 11:32:36 | INFO | P07 | Fitted line:
2026-06-25 11:32:36 | INFO | P07 |   co2 = 5.27762e-10 * gdp + -891.838
2026-06-25 11:32:36 | DEBUG | P07 |   numpy check -> slope 5.27762e-10, intercept -891.838
2026-06-25 11:32:36 | INFO | P07 | Computing fitted values for every observed row
2026-06-25 11:32:36 | INFO | P07 | Predicting CO2 emissions for one example GDP value
2026-06-25 11:32:36 | DEBUG | P07 |   example gdp: 1e+12
2026-06-25 11:32:36 | DEBUG | P07 |   predicted co2: -364.076
2026-06-25 11:32:36 | INFO | P07 | Computing residuals (actual - fitted)
2026-06-25 11:32:36 | INFO | P07 | Fit numbers (requires interpretation):
2026-06-25 11:32:36 | DEBUG | P07 |   R-squared: 0.8664
2026-06-25 11:32:36 | DEBUG | P07 |   RMSE:      1122.09  (in units of CO2 emissions)
2026-06-25 11:32:36 | DEBUG | P07 |   residual min:  -2143.56
2026-06-25 11:32:36 | DEBUG | P07 |   residual max:  2429.35
2026-06-25 11:32:36 | DEBUG | P07 |   residual mean: 7.07385e-13
2026-06-25 11:32:36 | INFO | P07 | ---- Creating Scatter Plot with Fitted Line ----------
2026-06-25 11:32:36 | INFO | P07 | ----   Set x to GDP -----------------------
2026-06-25 11:32:36 | INFO | P07 | ----   Set y to CO2 emissions -------------------------
2026-06-25 11:32:36 | INFO | P07 | ------ Creating Residual Plot --------------------------
2026-06-25 11:32:36 | INFO | P07 | ------   Set x to GDP ----------------------
2026-06-25 11:32:36 | INFO | P07 | ------   Set y to the residual (actual - fitted) -------
2026-06-25 11:32:37 | INFO | P07 | ========================
2026-06-25 11:32:37 | INFO | P07 | SUMMARY
2026-06-25 11:32:37 | INFO | P07 | ========================
2026-06-25 11:32:37 | INFO | P07 | Dataset: owid-co2-data-subset
2026-06-25 11:32:37 | INFO | P07 | Feature (x): gdp
2026-06-25 11:32:37 | INFO | P07 | Target  (y): co2
2026-06-25 11:32:37 | INFO | P07 | Original rows: 10
2026-06-25 11:32:37 | INFO | P07 | Model rows:    9
2026-06-25 11:32:37 | INFO | P07 | Fitted line:
2026-06-25 11:32:37 | INFO | P07 |   co2 = 5.27762e-10 * gdp + -891.838
2026-06-25 11:32:37 | INFO | P07 | ======================
2026-06-25 11:32:37 | INFO | P07 | Review the fit numbers (R-squared, RMSE). 
2026-06-25 11:32:37 | INFO | P07 | Look at the fitted-line plot and the residual plot. 
2026-06-25 11:32:37 | INFO | P07 | Decide if a `straight line` is a fair description. 
2026-06-25 11:32:37 | INFO | P07 | If the residuals DO show a pattern (e.g. curve, funnel, clusters),
2026-06-25 11:32:37 | INFO | P07 | then a straight line is NOT a good description. 
2026-06-25 11:32:37 | INFO | P07 | If the residuals DO NOT show a pattern,
2026-06-25 11:32:37 | INFO | P07 | then a straight line MIGHT be a good description. 
2026-06-25 11:32:37 | INFO | P07 | Either way, the findings may be valuable.
2026-06-25 11:32:37 | INFO | P07 | ======================
2026-06-25 11:32:37 | INFO | P07 | --- Processing Year: 2014 ---
2026-06-25 11:32:37 | INFO | P07 | Creating modeling view (dropping rows missing feature or target)
2026-06-25 11:32:37 | DEBUG | P07 | Columns required to be non-missing: ['gdp', 'co2']
2026-06-25 11:32:37 | INFO | P07 | Original rows: 10
2026-06-25 11:32:37 | INFO | P07 | Model rows:    9
2026-06-25 11:32:37 | INFO | P07 | Rows dropped:  1
2026-06-25 11:32:37 | INFO | P07 | Building feature matrix X and target vector y
2026-06-25 11:32:37 | DEBUG | P07 | X shape: (9, 1)  (rows, features)
2026-06-25 11:32:37 | DEBUG | P07 | y shape: (9,)  (rows,)
2026-06-25 11:32:37 | INFO | P07 | Fitting a linear regression (scikit-learn)
2026-06-25 11:32:37 | DEBUG | P07 |   slope:     5.11129e-10
2026-06-25 11:32:37 | DEBUG | P07 |   intercept: -904.41
2026-06-25 11:32:37 | INFO | P07 | Fitted line:
2026-06-25 11:32:37 | INFO | P07 |   co2 = 5.11129e-10 * gdp + -904.41
2026-06-25 11:32:37 | DEBUG | P07 |   numpy check -> slope 5.11129e-10, intercept -904.41
2026-06-25 11:32:37 | INFO | P07 | Computing fitted values for every observed row
2026-06-25 11:32:37 | INFO | P07 | Predicting CO2 emissions for one example GDP value
2026-06-25 11:32:37 | DEBUG | P07 |   example gdp: 1e+12
2026-06-25 11:32:37 | DEBUG | P07 |   predicted co2: -393.282
2026-06-25 11:32:37 | INFO | P07 | Computing residuals (actual - fitted)
2026-06-25 11:32:37 | INFO | P07 | Fit numbers (requires interpretation):
2026-06-25 11:32:37 | DEBUG | P07 |   R-squared: 0.8918
2026-06-25 11:32:37 | DEBUG | P07 |   RMSE:      1016.93  (in units of CO2 emissions)
2026-06-25 11:32:37 | DEBUG | P07 |   residual min:  -1993.39
2026-06-25 11:32:37 | DEBUG | P07 |   residual max:  2138.12
2026-06-25 11:32:37 | DEBUG | P07 |   residual mean: -4.54747e-13
2026-06-25 11:32:37 | INFO | P07 | ---- Creating Scatter Plot with Fitted Line ----------
2026-06-25 11:32:37 | INFO | P07 | ----   Set x to GDP -----------------------
2026-06-25 11:32:37 | INFO | P07 | ----   Set y to CO2 emissions -------------------------
2026-06-25 11:32:37 | INFO | P07 | ------ Creating Residual Plot --------------------------
2026-06-25 11:32:37 | INFO | P07 | ------   Set x to GDP ----------------------
2026-06-25 11:32:37 | INFO | P07 | ------   Set y to the residual (actual - fitted) -------
2026-06-25 11:32:37 | INFO | P07 | ========================
2026-06-25 11:32:37 | INFO | P07 | SUMMARY
2026-06-25 11:32:37 | INFO | P07 | ========================
2026-06-25 11:32:37 | INFO | P07 | Dataset: owid-co2-data-subset
2026-06-25 11:32:37 | INFO | P07 | Feature (x): gdp
2026-06-25 11:32:37 | INFO | P07 | Target  (y): co2
2026-06-25 11:32:37 | INFO | P07 | Original rows: 10
2026-06-25 11:32:37 | INFO | P07 | Model rows:    9
2026-06-25 11:32:37 | INFO | P07 | Fitted line:
2026-06-25 11:32:37 | INFO | P07 |   co2 = 5.11129e-10 * gdp + -904.41
2026-06-25 11:32:37 | INFO | P07 | ======================
2026-06-25 11:32:37 | INFO | P07 | Review the fit numbers (R-squared, RMSE). 
2026-06-25 11:32:37 | INFO | P07 | Look at the fitted-line plot and the residual plot. 
2026-06-25 11:32:37 | INFO | P07 | Decide if a `straight line` is a fair description. 
2026-06-25 11:32:37 | INFO | P07 | If the residuals DO show a pattern (e.g. curve, funnel, clusters),
2026-06-25 11:32:37 | INFO | P07 | then a straight line is NOT a good description. 
2026-06-25 11:32:37 | INFO | P07 | If the residuals DO NOT show a pattern,
2026-06-25 11:32:37 | INFO | P07 | then a straight line MIGHT be a good description. 
2026-06-25 11:32:37 | INFO | P07 | Either way, the findings may be valuable.
2026-06-25 11:32:37 | INFO | P07 | ======================
2026-06-25 11:32:37 | INFO | P07 | --- Processing Year: 2015 ---
2026-06-25 11:32:37 | INFO | P07 | Creating modeling view (dropping rows missing feature or target)
2026-06-25 11:32:37 | DEBUG | P07 | Columns required to be non-missing: ['gdp', 'co2']
2026-06-25 11:32:37 | INFO | P07 | Original rows: 10
2026-06-25 11:32:37 | INFO | P07 | Model rows:    10
2026-06-25 11:32:37 | INFO | P07 | Rows dropped:  0
2026-06-25 11:32:37 | INFO | P07 | Building feature matrix X and target vector y
2026-06-25 11:32:37 | DEBUG | P07 | X shape: (10, 1)  (rows, features)
2026-06-25 11:32:37 | DEBUG | P07 | y shape: (10,)  (rows,)
2026-06-25 11:32:37 | INFO | P07 | Fitting a linear regression (scikit-learn)
2026-06-25 11:32:37 | DEBUG | P07 |   slope:     3.3506e-10
2026-06-25 11:32:37 | DEBUG | P07 |   intercept: 66.702
2026-06-25 11:32:37 | INFO | P07 | Fitted line:
2026-06-25 11:32:37 | INFO | P07 |   co2 = 3.3506e-10 * gdp + 66.702
2026-06-25 11:32:37 | DEBUG | P07 |   numpy check -> slope 3.3506e-10, intercept 66.702
2026-06-25 11:32:37 | INFO | P07 | Computing fitted values for every observed row
2026-06-25 11:32:37 | INFO | P07 | Predicting CO2 emissions for one example GDP value
2026-06-25 11:32:37 | DEBUG | P07 |   example gdp: 1e+12
2026-06-25 11:32:37 | DEBUG | P07 |   predicted co2: 401.762
2026-06-25 11:32:37 | INFO | P07 | Computing residuals (actual - fitted)
2026-06-25 11:32:37 | INFO | P07 | Fit numbers (requires interpretation):
2026-06-25 11:32:37 | DEBUG | P07 |   R-squared: 0.9858
2026-06-25 11:32:37 | DEBUG | P07 |   RMSE:      1228.35  (in units of CO2 emissions)
2026-06-25 11:32:37 | DEBUG | P07 |   residual min:  -560.478
2026-06-25 11:32:37 | DEBUG | P07 |   residual max:  3659.34
2026-06-25 11:32:37 | DEBUG | P07 |   residual mean: -2.72848e-13
2026-06-25 11:32:37 | INFO | P07 | ---- Creating Scatter Plot with Fitted Line ----------
2026-06-25 11:32:37 | INFO | P07 | ----   Set x to GDP -----------------------
2026-06-25 11:32:37 | INFO | P07 | ----   Set y to CO2 emissions -------------------------
2026-06-25 11:32:37 | INFO | P07 | ------ Creating Residual Plot --------------------------
2026-06-25 11:32:37 | INFO | P07 | ------   Set x to GDP ----------------------
2026-06-25 11:32:37 | INFO | P07 | ------   Set y to the residual (actual - fitted) -------
2026-06-25 11:32:37 | INFO | P07 | ========================
2026-06-25 11:32:37 | INFO | P07 | SUMMARY
2026-06-25 11:32:37 | INFO | P07 | ========================
2026-06-25 11:32:37 | INFO | P07 | Dataset: owid-co2-data-subset
2026-06-25 11:32:37 | INFO | P07 | Feature (x): gdp
2026-06-25 11:32:37 | INFO | P07 | Target  (y): co2
2026-06-25 11:32:37 | INFO | P07 | Original rows: 10
2026-06-25 11:32:37 | INFO | P07 | Model rows:    10
2026-06-25 11:32:37 | INFO | P07 | Fitted line:
2026-06-25 11:32:37 | INFO | P07 |   co2 = 3.3506e-10 * gdp + 66.702
2026-06-25 11:32:37 | INFO | P07 | ======================
2026-06-25 11:32:37 | INFO | P07 | Review the fit numbers (R-squared, RMSE). 
2026-06-25 11:32:37 | INFO | P07 | Look at the fitted-line plot and the residual plot. 
2026-06-25 11:32:37 | INFO | P07 | Decide if a `straight line` is a fair description. 
2026-06-25 11:32:37 | INFO | P07 | If the residuals DO show a pattern (e.g. curve, funnel, clusters),
2026-06-25 11:32:37 | INFO | P07 | then a straight line is NOT a good description. 
2026-06-25 11:32:37 | INFO | P07 | If the residuals DO NOT show a pattern,
2026-06-25 11:32:37 | INFO | P07 | then a straight line MIGHT be a good description. 
2026-06-25 11:32:37 | INFO | P07 | Either way, the findings may be valuable.
2026-06-25 11:32:37 | INFO | P07 | ======================
2026-06-25 11:32:37 | INFO | P07 | --- Processing Year: 2016 ---
2026-06-25 11:32:37 | INFO | P07 | Creating modeling view (dropping rows missing feature or target)
2026-06-25 11:32:37 | DEBUG | P07 | Columns required to be non-missing: ['gdp', 'co2']
2026-06-25 11:32:37 | INFO | P07 | Original rows: 10
2026-06-25 11:32:37 | INFO | P07 | Model rows:    10
2026-06-25 11:32:37 | INFO | P07 | Rows dropped:  0
2026-06-25 11:32:37 | INFO | P07 | Building feature matrix X and target vector y
2026-06-25 11:32:37 | DEBUG | P07 | X shape: (10, 1)  (rows, features)
2026-06-25 11:32:37 | DEBUG | P07 | y shape: (10,)  (rows,)
2026-06-25 11:32:37 | INFO | P07 | Fitting a linear regression (scikit-learn)
2026-06-25 11:32:37 | DEBUG | P07 |   slope:     3.24337e-10
2026-06-25 11:32:37 | DEBUG | P07 |   intercept: 35.5433
2026-06-25 11:32:37 | INFO | P07 | Fitted line:
2026-06-25 11:32:37 | INFO | P07 |   co2 = 3.24337e-10 * gdp + 35.5433
2026-06-25 11:32:37 | DEBUG | P07 |   numpy check -> slope 3.24337e-10, intercept 35.5433
2026-06-25 11:32:37 | INFO | P07 | Computing fitted values for every observed row
2026-06-25 11:32:37 | INFO | P07 | Predicting CO2 emissions for one example GDP value
2026-06-25 11:32:37 | DEBUG | P07 |   example gdp: 1e+12
2026-06-25 11:32:37 | DEBUG | P07 |   predicted co2: 359.88
2026-06-25 11:32:37 | INFO | P07 | Computing residuals (actual - fitted)
2026-06-25 11:32:37 | INFO | P07 | Fit numbers (requires interpretation):
2026-06-25 11:32:37 | DEBUG | P07 |   R-squared: 0.9879
2026-06-25 11:32:37 | DEBUG | P07 |   RMSE:      1133.09  (in units of CO2 emissions)
2026-06-25 11:32:37 | DEBUG | P07 |   residual min:  -508.281
2026-06-25 11:32:37 | DEBUG | P07 |   residual max:  3373.23
2026-06-25 11:32:37 | DEBUG | P07 |   residual mean: -9.09495e-14
2026-06-25 11:32:37 | INFO | P07 | ---- Creating Scatter Plot with Fitted Line ----------
2026-06-25 11:32:37 | INFO | P07 | ----   Set x to GDP -----------------------
2026-06-25 11:32:37 | INFO | P07 | ----   Set y to CO2 emissions -------------------------
2026-06-25 11:32:37 | INFO | P07 | ------ Creating Residual Plot --------------------------
2026-06-25 11:32:37 | INFO | P07 | ------   Set x to GDP ----------------------
2026-06-25 11:32:37 | INFO | P07 | ------   Set y to the residual (actual - fitted) -------
2026-06-25 11:32:37 | INFO | P07 | ========================
2026-06-25 11:32:37 | INFO | P07 | SUMMARY
2026-06-25 11:32:37 | INFO | P07 | ========================
2026-06-25 11:32:37 | INFO | P07 | Dataset: owid-co2-data-subset
2026-06-25 11:32:37 | INFO | P07 | Feature (x): gdp
2026-06-25 11:32:37 | INFO | P07 | Target  (y): co2
2026-06-25 11:32:37 | INFO | P07 | Original rows: 10
2026-06-25 11:32:37 | INFO | P07 | Model rows:    10
2026-06-25 11:32:37 | INFO | P07 | Fitted line:
2026-06-25 11:32:37 | INFO | P07 |   co2 = 3.24337e-10 * gdp + 35.5433
2026-06-25 11:32:37 | INFO | P07 | ======================
2026-06-25 11:32:37 | INFO | P07 | Review the fit numbers (R-squared, RMSE). 
2026-06-25 11:32:37 | INFO | P07 | Look at the fitted-line plot and the residual plot. 
2026-06-25 11:32:37 | INFO | P07 | Decide if a `straight line` is a fair description. 
2026-06-25 11:32:37 | INFO | P07 | If the residuals DO show a pattern (e.g. curve, funnel, clusters),
2026-06-25 11:32:37 | INFO | P07 | then a straight line is NOT a good description. 
2026-06-25 11:32:37 | INFO | P07 | If the residuals DO NOT show a pattern,
2026-06-25 11:32:37 | INFO | P07 | then a straight line MIGHT be a good description. 
2026-06-25 11:32:37 | INFO | P07 | Either way, the findings may be valuable.
2026-06-25 11:32:37 | INFO | P07 | ======================
2026-06-25 11:32:37 | INFO | P07 | --- Processing Year: 2017 ---
2026-06-25 11:32:37 | INFO | P07 | Creating modeling view (dropping rows missing feature or target)
2026-06-25 11:32:37 | DEBUG | P07 | Columns required to be non-missing: ['gdp', 'co2']
2026-06-25 11:32:37 | INFO | P07 | Original rows: 10
2026-06-25 11:32:37 | INFO | P07 | Model rows:    10
2026-06-25 11:32:37 | INFO | P07 | Rows dropped:  0
2026-06-25 11:32:37 | INFO | P07 | Building feature matrix X and target vector y
2026-06-25 11:32:37 | DEBUG | P07 | X shape: (10, 1)  (rows, features)
2026-06-25 11:32:37 | DEBUG | P07 | y shape: (10,)  (rows,)
2026-06-25 11:32:37 | INFO | P07 | Fitting a linear regression (scikit-learn)
2026-06-25 11:32:37 | DEBUG | P07 |   slope:     3.17996e-10
2026-06-25 11:32:37 | DEBUG | P07 |   intercept: 14.9601
2026-06-25 11:32:37 | INFO | P07 | Fitted line:
2026-06-25 11:32:37 | INFO | P07 |   co2 = 3.17996e-10 * gdp + 14.9601
2026-06-25 11:32:37 | DEBUG | P07 |   numpy check -> slope 3.17996e-10, intercept 14.9601
2026-06-25 11:32:37 | INFO | P07 | Computing fitted values for every observed row
2026-06-25 11:32:37 | INFO | P07 | Predicting CO2 emissions for one example GDP value
2026-06-25 11:32:37 | DEBUG | P07 |   example gdp: 1e+12
2026-06-25 11:32:37 | DEBUG | P07 |   predicted co2: 332.956
2026-06-25 11:32:37 | INFO | P07 | Computing residuals (actual - fitted)
2026-06-25 11:32:37 | INFO | P07 | Fit numbers (requires interpretation):
2026-06-25 11:32:37 | DEBUG | P07 |   R-squared: 0.9885
2026-06-25 11:32:37 | DEBUG | P07 |   RMSE:      1122.86  (in units of CO2 emissions)
2026-06-25 11:32:37 | DEBUG | P07 |   residual min:  -487.182
2026-06-25 11:32:37 | DEBUG | P07 |   residual max:  3340.73
2026-06-25 11:32:37 | DEBUG | P07 |   residual mean: 7.7307e-13
2026-06-25 11:32:37 | INFO | P07 | ---- Creating Scatter Plot with Fitted Line ----------
2026-06-25 11:32:37 | INFO | P07 | ----   Set x to GDP -----------------------
2026-06-25 11:32:37 | INFO | P07 | ----   Set y to CO2 emissions -------------------------
2026-06-25 11:32:37 | INFO | P07 | ------ Creating Residual Plot --------------------------
2026-06-25 11:32:37 | INFO | P07 | ------   Set x to GDP ----------------------
2026-06-25 11:32:37 | INFO | P07 | ------   Set y to the residual (actual - fitted) -------
2026-06-25 11:32:37 | INFO | P07 | ========================
2026-06-25 11:32:37 | INFO | P07 | SUMMARY
2026-06-25 11:32:37 | INFO | P07 | ========================
2026-06-25 11:32:37 | INFO | P07 | Dataset: owid-co2-data-subset
2026-06-25 11:32:37 | INFO | P07 | Feature (x): gdp
2026-06-25 11:32:37 | INFO | P07 | Target  (y): co2
2026-06-25 11:32:37 | INFO | P07 | Original rows: 10
2026-06-25 11:32:37 | INFO | P07 | Model rows:    10
2026-06-25 11:32:37 | INFO | P07 | Fitted line:
2026-06-25 11:32:37 | INFO | P07 |   co2 = 3.17996e-10 * gdp + 14.9601
2026-06-25 11:32:37 | INFO | P07 | ======================
2026-06-25 11:32:37 | INFO | P07 | Review the fit numbers (R-squared, RMSE). 
2026-06-25 11:32:37 | INFO | P07 | Look at the fitted-line plot and the residual plot. 
2026-06-25 11:32:37 | INFO | P07 | Decide if a `straight line` is a fair description. 
2026-06-25 11:32:37 | INFO | P07 | If the residuals DO show a pattern (e.g. curve, funnel, clusters),
2026-06-25 11:32:37 | INFO | P07 | then a straight line is NOT a good description. 
2026-06-25 11:32:37 | INFO | P07 | If the residuals DO NOT show a pattern,
2026-06-25 11:32:37 | INFO | P07 | then a straight line MIGHT be a good description. 
2026-06-25 11:32:37 | INFO | P07 | Either way, the findings may be valuable.
2026-06-25 11:32:37 | INFO | P07 | ======================
2026-06-25 11:32:37 | INFO | P07 | --- Processing Year: 2018 ---
2026-06-25 11:32:37 | INFO | P07 | Creating modeling view (dropping rows missing feature or target)
2026-06-25 11:32:37 | DEBUG | P07 | Columns required to be non-missing: ['gdp', 'co2']
2026-06-25 11:32:37 | INFO | P07 | Original rows: 10
2026-06-25 11:32:37 | INFO | P07 | Model rows:    10
2026-06-25 11:32:37 | INFO | P07 | Rows dropped:  0
2026-06-25 11:32:37 | INFO | P07 | Building feature matrix X and target vector y
2026-06-25 11:32:37 | DEBUG | P07 | X shape: (10, 1)  (rows, features)
2026-06-25 11:32:37 | DEBUG | P07 | y shape: (10,)  (rows,)
2026-06-25 11:32:37 | INFO | P07 | Fitting a linear regression (scikit-learn)
2026-06-25 11:32:37 | DEBUG | P07 |   slope:     3.1335e-10
2026-06-25 11:32:37 | DEBUG | P07 |   intercept: 11.5507
2026-06-25 11:32:37 | INFO | P07 | Fitted line:
2026-06-25 11:32:37 | INFO | P07 |   co2 = 3.1335e-10 * gdp + 11.5507
2026-06-25 11:32:37 | DEBUG | P07 |   numpy check -> slope 3.1335e-10, intercept 11.5507
2026-06-25 11:32:37 | INFO | P07 | Computing fitted values for every observed row
2026-06-25 11:32:37 | INFO | P07 | Predicting CO2 emissions for one example GDP value
2026-06-25 11:32:37 | DEBUG | P07 |   example gdp: 1e+12
2026-06-25 11:32:37 | DEBUG | P07 |   predicted co2: 324.901
2026-06-25 11:32:37 | INFO | P07 | Computing residuals (actual - fitted)
2026-06-25 11:32:37 | INFO | P07 | Fit numbers (requires interpretation):
2026-06-25 11:32:37 | DEBUG | P07 |   R-squared: 0.9890
2026-06-25 11:32:37 | DEBUG | P07 |   RMSE:      1126.79  (in units of CO2 emissions)
2026-06-25 11:32:37 | DEBUG | P07 |   residual min:  -502.094
2026-06-25 11:32:37 | DEBUG | P07 |   residual max:  3349.32
2026-06-25 11:32:37 | DEBUG | P07 |   residual mean: -6.82121e-13
2026-06-25 11:32:37 | INFO | P07 | ---- Creating Scatter Plot with Fitted Line ----------
2026-06-25 11:32:37 | INFO | P07 | ----   Set x to GDP -----------------------
2026-06-25 11:32:37 | INFO | P07 | ----   Set y to CO2 emissions -------------------------
2026-06-25 11:32:38 | INFO | P07 | ------ Creating Residual Plot --------------------------
2026-06-25 11:32:38 | INFO | P07 | ------   Set x to GDP ----------------------
2026-06-25 11:32:38 | INFO | P07 | ------   Set y to the residual (actual - fitted) -------
2026-06-25 11:32:38 | INFO | P07 | ========================
2026-06-25 11:32:38 | INFO | P07 | SUMMARY
2026-06-25 11:32:38 | INFO | P07 | ========================
2026-06-25 11:32:38 | INFO | P07 | Dataset: owid-co2-data-subset
2026-06-25 11:32:38 | INFO | P07 | Feature (x): gdp
2026-06-25 11:32:38 | INFO | P07 | Target  (y): co2
2026-06-25 11:32:38 | INFO | P07 | Original rows: 10
2026-06-25 11:32:38 | INFO | P07 | Model rows:    10
2026-06-25 11:32:38 | INFO | P07 | Fitted line:
2026-06-25 11:32:38 | INFO | P07 |   co2 = 3.1335e-10 * gdp + 11.5507
2026-06-25 11:32:38 | INFO | P07 | ======================
2026-06-25 11:32:38 | INFO | P07 | Review the fit numbers (R-squared, RMSE). 
2026-06-25 11:32:38 | INFO | P07 | Look at the fitted-line plot and the residual plot. 
2026-06-25 11:32:38 | INFO | P07 | Decide if a `straight line` is a fair description. 
2026-06-25 11:32:38 | INFO | P07 | If the residuals DO show a pattern (e.g. curve, funnel, clusters),
2026-06-25 11:32:38 | INFO | P07 | then a straight line is NOT a good description. 
2026-06-25 11:32:38 | INFO | P07 | If the residuals DO NOT show a pattern,
2026-06-25 11:32:38 | INFO | P07 | then a straight line MIGHT be a good description. 
2026-06-25 11:32:38 | INFO | P07 | Either way, the findings may be valuable.
2026-06-25 11:32:38 | INFO | P07 | ======================
2026-06-25 11:32:38 | INFO | P07 | --- Processing Year: 2019 ---
2026-06-25 11:32:38 | INFO | P07 | Creating modeling view (dropping rows missing feature or target)
2026-06-25 11:32:38 | DEBUG | P07 | Columns required to be non-missing: ['gdp', 'co2']
2026-06-25 11:32:38 | INFO | P07 | Original rows: 10
2026-06-25 11:32:38 | INFO | P07 | Model rows:    10
2026-06-25 11:32:38 | INFO | P07 | Rows dropped:  0
2026-06-25 11:32:38 | INFO | P07 | Building feature matrix X and target vector y
2026-06-25 11:32:38 | DEBUG | P07 | X shape: (10, 1)  (rows, features)
2026-06-25 11:32:38 | DEBUG | P07 | y shape: (10,)  (rows,)
2026-06-25 11:32:38 | INFO | P07 | Fitting a linear regression (scikit-learn)
2026-06-25 11:32:38 | DEBUG | P07 |   slope:     3.07911e-10
2026-06-25 11:32:38 | DEBUG | P07 |   intercept: -12.9108
2026-06-25 11:32:38 | INFO | P07 | Fitted line:
2026-06-25 11:32:38 | INFO | P07 |   co2 = 3.07911e-10 * gdp + -12.9108
2026-06-25 11:32:38 | DEBUG | P07 |   numpy check -> slope 3.07911e-10, intercept -12.9108
2026-06-25 11:32:38 | INFO | P07 | Computing fitted values for every observed row
2026-06-25 11:32:38 | INFO | P07 | Predicting CO2 emissions for one example GDP value
2026-06-25 11:32:38 | DEBUG | P07 |   example gdp: 1e+12
2026-06-25 11:32:38 | DEBUG | P07 |   predicted co2: 295.001
2026-06-25 11:32:38 | INFO | P07 | Computing residuals (actual - fitted)
2026-06-25 11:32:38 | INFO | P07 | Fit numbers (requires interpretation):
2026-06-25 11:32:38 | DEBUG | P07 |   R-squared: 0.9885
2026-06-25 11:32:38 | DEBUG | P07 |   RMSE:      1160.88  (in units of CO2 emissions)
2026-06-25 11:32:38 | DEBUG | P07 |   residual min:  -511.712
2026-06-25 11:32:38 | DEBUG | P07 |   residual max:  3449.88
2026-06-25 11:32:38 | DEBUG | P07 |   residual mean: -2.72848e-13
2026-06-25 11:32:38 | INFO | P07 | ---- Creating Scatter Plot with Fitted Line ----------
2026-06-25 11:32:38 | INFO | P07 | ----   Set x to GDP -----------------------
2026-06-25 11:32:38 | INFO | P07 | ----   Set y to CO2 emissions -------------------------
2026-06-25 11:32:38 | INFO | P07 | ------ Creating Residual Plot --------------------------
2026-06-25 11:32:38 | INFO | P07 | ------   Set x to GDP ----------------------
2026-06-25 11:32:38 | INFO | P07 | ------   Set y to the residual (actual - fitted) -------
2026-06-25 11:32:38 | INFO | P07 | ========================
2026-06-25 11:32:38 | INFO | P07 | SUMMARY
2026-06-25 11:32:38 | INFO | P07 | ========================
2026-06-25 11:32:38 | INFO | P07 | Dataset: owid-co2-data-subset
2026-06-25 11:32:38 | INFO | P07 | Feature (x): gdp
2026-06-25 11:32:38 | INFO | P07 | Target  (y): co2
2026-06-25 11:32:38 | INFO | P07 | Original rows: 10
2026-06-25 11:32:38 | INFO | P07 | Model rows:    10
2026-06-25 11:32:38 | INFO | P07 | Fitted line:
2026-06-25 11:32:38 | INFO | P07 |   co2 = 3.07911e-10 * gdp + -12.9108
2026-06-25 11:32:38 | INFO | P07 | ======================
2026-06-25 11:32:38 | INFO | P07 | Review the fit numbers (R-squared, RMSE). 
2026-06-25 11:32:38 | INFO | P07 | Look at the fitted-line plot and the residual plot. 
2026-06-25 11:32:38 | INFO | P07 | Decide if a `straight line` is a fair description. 
2026-06-25 11:32:38 | INFO | P07 | If the residuals DO show a pattern (e.g. curve, funnel, clusters),
2026-06-25 11:32:38 | INFO | P07 | then a straight line is NOT a good description. 
2026-06-25 11:32:38 | INFO | P07 | If the residuals DO NOT show a pattern,
2026-06-25 11:32:38 | INFO | P07 | then a straight line MIGHT be a good description. 
2026-06-25 11:32:38 | INFO | P07 | Either way, the findings may be valuable.
2026-06-25 11:32:38 | INFO | P07 | ======================
2026-06-25 11:32:38 | INFO | P07 | --- Processing Year: 2020 ---
2026-06-25 11:32:38 | INFO | P07 | Creating modeling view (dropping rows missing feature or target)
2026-06-25 11:32:38 | DEBUG | P07 | Columns required to be non-missing: ['gdp', 'co2']
2026-06-25 11:32:38 | INFO | P07 | Original rows: 10
2026-06-25 11:32:38 | INFO | P07 | Model rows:    10
2026-06-25 11:32:38 | INFO | P07 | Rows dropped:  0
2026-06-25 11:32:38 | INFO | P07 | Building feature matrix X and target vector y
2026-06-25 11:32:38 | DEBUG | P07 | X shape: (10, 1)  (rows, features)
2026-06-25 11:32:38 | DEBUG | P07 | y shape: (10,)  (rows,)
2026-06-25 11:32:38 | INFO | P07 | Fitting a linear regression (scikit-learn)
2026-06-25 11:32:38 | DEBUG | P07 |   slope:     3.01106e-10
2026-06-25 11:32:38 | DEBUG | P07 |   intercept: -0.437533
2026-06-25 11:32:38 | INFO | P07 | Fitted line:
2026-06-25 11:32:38 | INFO | P07 |   co2 = 3.01106e-10 * gdp + -0.437533
2026-06-25 11:32:38 | DEBUG | P07 |   numpy check -> slope 3.01106e-10, intercept -0.437533
2026-06-25 11:32:38 | INFO | P07 | Computing fitted values for every observed row
2026-06-25 11:32:38 | INFO | P07 | Predicting CO2 emissions for one example GDP value
2026-06-25 11:32:38 | DEBUG | P07 |   example gdp: 1e+12
2026-06-25 11:32:38 | DEBUG | P07 |   predicted co2: 300.669
2026-06-25 11:32:38 | INFO | P07 | Computing residuals (actual - fitted)
2026-06-25 11:32:38 | INFO | P07 | Fit numbers (requires interpretation):
2026-06-25 11:32:38 | DEBUG | P07 |   R-squared: 0.9860
2026-06-25 11:32:38 | DEBUG | P07 |   RMSE:      1222.9  (in units of CO2 emissions)
2026-06-25 11:32:38 | DEBUG | P07 |   residual min:  -737.756
2026-06-25 11:32:38 | DEBUG | P07 |   residual max:  3624.69
2026-06-25 11:32:38 | DEBUG | P07 |   residual mean: -2.72848e-13
2026-06-25 11:32:38 | INFO | P07 | ---- Creating Scatter Plot with Fitted Line ----------
2026-06-25 11:32:38 | INFO | P07 | ----   Set x to GDP -----------------------
2026-06-25 11:32:38 | INFO | P07 | ----   Set y to CO2 emissions -------------------------
2026-06-25 11:32:38 | INFO | P07 | ------ Creating Residual Plot --------------------------
2026-06-25 11:32:38 | INFO | P07 | ------   Set x to GDP ----------------------
2026-06-25 11:32:38 | INFO | P07 | ------   Set y to the residual (actual - fitted) -------
2026-06-25 11:32:38 | INFO | P07 | ========================
2026-06-25 11:32:38 | INFO | P07 | SUMMARY
2026-06-25 11:32:38 | INFO | P07 | ========================
2026-06-25 11:32:38 | INFO | P07 | Dataset: owid-co2-data-subset
2026-06-25 11:32:38 | INFO | P07 | Feature (x): gdp
2026-06-25 11:32:38 | INFO | P07 | Target  (y): co2
2026-06-25 11:32:38 | INFO | P07 | Original rows: 10
2026-06-25 11:32:38 | INFO | P07 | Model rows:    10
2026-06-25 11:32:38 | INFO | P07 | Fitted line:
2026-06-25 11:32:38 | INFO | P07 |   co2 = 3.01106e-10 * gdp + -0.437533
2026-06-25 11:32:38 | INFO | P07 | ======================
2026-06-25 11:32:38 | INFO | P07 | Review the fit numbers (R-squared, RMSE). 
2026-06-25 11:32:38 | INFO | P07 | Look at the fitted-line plot and the residual plot. 
2026-06-25 11:32:38 | INFO | P07 | Decide if a `straight line` is a fair description. 
2026-06-25 11:32:38 | INFO | P07 | If the residuals DO show a pattern (e.g. curve, funnel, clusters),
2026-06-25 11:32:38 | INFO | P07 | then a straight line is NOT a good description. 
2026-06-25 11:32:38 | INFO | P07 | If the residuals DO NOT show a pattern,
2026-06-25 11:32:38 | INFO | P07 | then a straight line MIGHT be a good description. 
2026-06-25 11:32:38 | INFO | P07 | Either way, the findings may be valuable.
2026-06-25 11:32:38 | INFO | P07 | ======================
2026-06-25 11:32:38 | INFO | P07 | --- Processing Year: 2021 ---
2026-06-25 11:32:38 | INFO | P07 | Creating modeling view (dropping rows missing feature or target)
2026-06-25 11:32:38 | DEBUG | P07 | Columns required to be non-missing: ['gdp', 'co2']
2026-06-25 11:32:38 | INFO | P07 | Original rows: 10
2026-06-25 11:32:38 | INFO | P07 | Model rows:    10
2026-06-25 11:32:38 | INFO | P07 | Rows dropped:  0
2026-06-25 11:32:38 | INFO | P07 | Building feature matrix X and target vector y
2026-06-25 11:32:38 | DEBUG | P07 | X shape: (10, 1)  (rows, features)
2026-06-25 11:32:38 | DEBUG | P07 | y shape: (10,)  (rows,)
2026-06-25 11:32:38 | INFO | P07 | Fitting a linear regression (scikit-learn)
2026-06-25 11:32:38 | DEBUG | P07 |   slope:     2.97013e-10
2026-06-25 11:32:38 | DEBUG | P07 |   intercept: -0.804999
2026-06-25 11:32:38 | INFO | P07 | Fitted line:
2026-06-25 11:32:38 | INFO | P07 |   co2 = 2.97013e-10 * gdp + -0.804999
2026-06-25 11:32:38 | DEBUG | P07 |   numpy check -> slope 2.97013e-10, intercept -0.804999
2026-06-25 11:32:38 | INFO | P07 | Computing fitted values for every observed row
2026-06-25 11:32:38 | INFO | P07 | Predicting CO2 emissions for one example GDP value
2026-06-25 11:32:38 | DEBUG | P07 |   example gdp: 1e+12
2026-06-25 11:32:38 | DEBUG | P07 |   predicted co2: 296.209
2026-06-25 11:32:38 | INFO | P07 | Computing residuals (actual - fitted)
2026-06-25 11:32:38 | INFO | P07 | Fit numbers (requires interpretation):
2026-06-25 11:32:38 | DEBUG | P07 |   R-squared: 0.9880
2026-06-25 11:32:38 | DEBUG | P07 |   RMSE:      1183.06  (in units of CO2 emissions)
2026-06-25 11:32:38 | DEBUG | P07 |   residual min:  -651.857
2026-06-25 11:32:38 | DEBUG | P07 |   residual max:  3509.21
2026-06-25 11:32:38 | DEBUG | P07 |   residual mean: -5.91172e-13
2026-06-25 11:32:38 | INFO | P07 | ---- Creating Scatter Plot with Fitted Line ----------
2026-06-25 11:32:38 | INFO | P07 | ----   Set x to GDP -----------------------
2026-06-25 11:32:38 | INFO | P07 | ----   Set y to CO2 emissions -------------------------
2026-06-25 11:32:38 | INFO | P07 | ------ Creating Residual Plot --------------------------
2026-06-25 11:32:38 | INFO | P07 | ------   Set x to GDP ----------------------
2026-06-25 11:32:38 | INFO | P07 | ------   Set y to the residual (actual - fitted) -------
2026-06-25 11:32:38 | INFO | P07 | ========================
2026-06-25 11:32:38 | INFO | P07 | SUMMARY
2026-06-25 11:32:38 | INFO | P07 | ========================
2026-06-25 11:32:38 | INFO | P07 | Dataset: owid-co2-data-subset
2026-06-25 11:32:38 | INFO | P07 | Feature (x): gdp
2026-06-25 11:32:38 | INFO | P07 | Target  (y): co2
2026-06-25 11:32:38 | INFO | P07 | Original rows: 10
2026-06-25 11:32:38 | INFO | P07 | Model rows:    10
2026-06-25 11:32:38 | INFO | P07 | Fitted line:
2026-06-25 11:32:38 | INFO | P07 |   co2 = 2.97013e-10 * gdp + -0.804999
2026-06-25 11:32:38 | INFO | P07 | ======================
2026-06-25 11:32:38 | INFO | P07 | Review the fit numbers (R-squared, RMSE). 
2026-06-25 11:32:38 | INFO | P07 | Look at the fitted-line plot and the residual plot. 
2026-06-25 11:32:38 | INFO | P07 | Decide if a `straight line` is a fair description. 
2026-06-25 11:32:38 | INFO | P07 | If the residuals DO show a pattern (e.g. curve, funnel, clusters),
2026-06-25 11:32:38 | INFO | P07 | then a straight line is NOT a good description. 
2026-06-25 11:32:38 | INFO | P07 | If the residuals DO NOT show a pattern,
2026-06-25 11:32:38 | INFO | P07 | then a straight line MIGHT be a good description. 
2026-06-25 11:32:38 | INFO | P07 | Either way, the findings may be valuable.
2026-06-25 11:32:38 | INFO | P07 | ======================
2026-06-25 11:32:38 | INFO | P07 | --- Processing Year: 2022 ---
2026-06-25 11:32:38 | INFO | P07 | Creating modeling view (dropping rows missing feature or target)
2026-06-25 11:32:38 | DEBUG | P07 | Columns required to be non-missing: ['gdp', 'co2']
2026-06-25 11:32:38 | INFO | P07 | Original rows: 10
2026-06-25 11:32:38 | INFO | P07 | Model rows:    10
2026-06-25 11:32:38 | INFO | P07 | Rows dropped:  0
2026-06-25 11:32:38 | INFO | P07 | Building feature matrix X and target vector y
2026-06-25 11:32:38 | DEBUG | P07 | X shape: (10, 1)  (rows, features)
2026-06-25 11:32:38 | DEBUG | P07 | y shape: (10,)  (rows,)
2026-06-25 11:32:38 | INFO | P07 | Fitting a linear regression (scikit-learn)
2026-06-25 11:32:38 | DEBUG | P07 |   slope:     2.93019e-10
2026-06-25 11:32:38 | DEBUG | P07 |   intercept: 10.5308
2026-06-25 11:32:38 | INFO | P07 | Fitted line:
2026-06-25 11:32:38 | INFO | P07 |   co2 = 2.93019e-10 * gdp + 10.5308
2026-06-25 11:32:38 | DEBUG | P07 |   numpy check -> slope 2.93019e-10, intercept 10.5308
2026-06-25 11:32:38 | INFO | P07 | Computing fitted values for every observed row
2026-06-25 11:32:38 | INFO | P07 | Predicting CO2 emissions for one example GDP value
2026-06-25 11:32:38 | DEBUG | P07 |   example gdp: 1e+12
2026-06-25 11:32:38 | DEBUG | P07 |   predicted co2: 303.55
2026-06-25 11:32:38 | INFO | P07 | Computing residuals (actual - fitted)
2026-06-25 11:32:38 | INFO | P07 | Fit numbers (requires interpretation):
2026-06-25 11:32:38 | DEBUG | P07 |   R-squared: 0.9865
2026-06-25 11:32:38 | DEBUG | P07 |   RMSE:      1279.79  (in units of CO2 emissions)
2026-06-25 11:32:38 | DEBUG | P07 |   residual min:  -666.998
2026-06-25 11:32:38 | DEBUG | P07 |   residual max:  3799.72
2026-06-25 11:32:38 | DEBUG | P07 |   residual mean: 1.00044e-12
2026-06-25 11:32:38 | INFO | P07 | ---- Creating Scatter Plot with Fitted Line ----------
2026-06-25 11:32:38 | INFO | P07 | ----   Set x to GDP -----------------------
2026-06-25 11:32:38 | INFO | P07 | ----   Set y to CO2 emissions -------------------------
2026-06-25 11:32:38 | INFO | P07 | ------ Creating Residual Plot --------------------------
2026-06-25 11:32:38 | INFO | P07 | ------   Set x to GDP ----------------------
2026-06-25 11:32:38 | INFO | P07 | ------   Set y to the residual (actual - fitted) -------
2026-06-25 11:32:38 | INFO | P07 | ========================
2026-06-25 11:32:38 | INFO | P07 | SUMMARY
2026-06-25 11:32:38 | INFO | P07 | ========================
2026-06-25 11:32:38 | INFO | P07 | Dataset: owid-co2-data-subset
2026-06-25 11:32:38 | INFO | P07 | Feature (x): gdp
2026-06-25 11:32:38 | INFO | P07 | Target  (y): co2
2026-06-25 11:32:38 | INFO | P07 | Original rows: 10
2026-06-25 11:32:38 | INFO | P07 | Model rows:    10
2026-06-25 11:32:38 | INFO | P07 | Fitted line:
2026-06-25 11:32:38 | INFO | P07 |   co2 = 2.93019e-10 * gdp + 10.5308
2026-06-25 11:32:38 | INFO | P07 | ======================
2026-06-25 11:32:38 | INFO | P07 | Review the fit numbers (R-squared, RMSE). 
2026-06-25 11:32:38 | INFO | P07 | Look at the fitted-line plot and the residual plot. 
2026-06-25 11:32:38 | INFO | P07 | Decide if a `straight line` is a fair description. 
2026-06-25 11:32:38 | INFO | P07 | If the residuals DO show a pattern (e.g. curve, funnel, clusters),
2026-06-25 11:32:38 | INFO | P07 | then a straight line is NOT a good description. 
2026-06-25 11:32:38 | INFO | P07 | If the residuals DO NOT show a pattern,
2026-06-25 11:32:38 | INFO | P07 | then a straight line MIGHT be a good description. 
2026-06-25 11:32:38 | INFO | P07 | Either way, the findings may be valuable.
2026-06-25 11:32:38 | INFO | P07 | ======================
2026-06-25 11:32:38 | INFO | P07 | --- Processing Year: 2023 ---
2026-06-25 11:32:38 | INFO | P07 | Creating modeling view (dropping rows missing feature or target)
2026-06-25 11:32:38 | DEBUG | P07 | Columns required to be non-missing: ['gdp', 'co2']
2026-06-25 11:32:38 | INFO | P07 | Original rows: 10
2026-06-25 11:32:38 | INFO | P07 | Model rows:    0
2026-06-25 11:32:38 | INFO | P07 | Rows dropped:  10
2026-06-25 11:32:38 | INFO | P07 | Skipping year 2023: not enough rows for regression
2026-06-25 11:32:38 | INFO | P07 | --- Processing Year: 2024 ---
2026-06-25 11:32:38 | INFO | P07 | Creating modeling view (dropping rows missing feature or target)
2026-06-25 11:32:38 | DEBUG | P07 | Columns required to be non-missing: ['gdp', 'co2']
2026-06-25 11:32:38 | INFO | P07 | Original rows: 10
2026-06-25 11:32:38 | INFO | P07 | Model rows:    0
2026-06-25 11:32:38 | INFO | P07 | Rows dropped:  10
2026-06-25 11:32:38 | INFO | P07 | Skipping year 2024: not enough rows for regression
2026-06-25 11:32:38 | INFO | P07 | --- Section 9: Summary and next steps ---
2026-06-25 11:32:38 | INFO | P07 | Per-year summaries have been logged inside the loop.
2026-06-25 11:32:38 | INFO | P07 | ----- in a script, call plt.show() once at the end to display all charts -----
2026-06-25 11:32:38 | INFO | P07 | ----- in a script, close the chart windows (with the close button) to continue  -----
2026-06-25 11:35:22 | INFO | P07 | Regression workflow complete
2026-06-25 11:35:22 | INFO | P07 | IMPORTANT: This script creates chart windows.
2026-06-25 11:35:22 | INFO | P07 | Close any chart windows and terminate this process with CTRL+c as needed.
2026-06-25 11:35:22 | INFO | P07 | ========================
2026-06-25 11:35:22 | INFO | P07 | Executed successfully!
2026-06-25 11:35:22 | INFO | P07 | ========================
2026-06-25 11:40:03 | INFO | P07 | === RUN START ===
2026-06-25 11:40:03 | INFO | P07 | project=P07
2026-06-25 11:40:03 | INFO | P07 | repo_dir=datafun-07-regression
2026-06-25 11:40:03 | INFO | P07 | python=3.14.5
2026-06-25 11:40:03 | INFO | P07 | os=Windows 11
2026-06-25 11:40:03 | INFO | P07 | shell=powershell
2026-06-25 11:40:03 | INFO | P07 | cwd=.
2026-06-25 11:40:03 | INFO | P07 | github_actions=False
2026-06-25 11:40:03 | INFO | P07 | === RUN START ===
2026-06-25 11:40:03 | INFO | P07 | project=P07
2026-06-25 11:40:03 | INFO | P07 | repo_dir=datafun-07-regression
2026-06-25 11:40:03 | INFO | P07 | python=3.14.5
2026-06-25 11:40:03 | INFO | P07 | os=Windows 11
2026-06-25 11:40:03 | INFO | P07 | shell=powershell
2026-06-25 11:40:03 | INFO | P07 | cwd=.
2026-06-25 11:40:03 | INFO | P07 | github_actions=False
